GEOID20,C_TOT22,C_HSP22,C_NHS22,C_WHT22,C_BLA22,C_AMI22,C_ASI22,C_NHP22,C_2OM22,C_BLW22,C_AIW22,C_ASW22,C_AIB22,C_AIA22,C_ASN22,C_BLK22,CVAP_TOT22,CVAP_HSP22,CVAP_NHS22,CVAP_WHT22,CVAP_BLA22,CVAP_AMI22,CVAP_ASI22,CVAP_NHP22,CVAP_2OM22,CVAP_BLW22,CVAP_AIW22,CVAP_ASW22,CVAP_AIB22,CVAP_AIA22,CVAP_ASN22,CVAP_BLK22
011250123062014,1325,0,1357,26,1556,0,14,0,0,0,0,0,0,0,14,1554,931,0,947,24,1167,0,12,0,0,0,0,0,0,0,12,1169
011250112001007,3328,430,2899,2038,604,2,14,0,0,0,0,6,0,35,20,769,3139,433,2709,1861,583,2,14,0,0,0,0,7,12,37,21,752
011250124033000,1540,201,1349,544,756,0,0,0,0,64,0,0,0,0,0,814,1202,132,1084,446,645,0,0,0,0,0,0,0,0,0,0,645
011250117033002,819,0,823,11,810,0,0,0,0,0,0,0,0,0,0,812,602,0,604,11,592,0,0,0,0,0,0,0,0,0,0,593
011250116003125,773,5,777,310,501,0,0,0,0,0,0,0,0,0,0,501,792,4,797,313,528,0,0,0,0,0,0,0,0,0,0,528
011250124041033,849,9,855,94,555,0,0,0,0,0,0,0,0,0,0,552,758,8,761,95,522,0,0,0,0,0,0,0,0,0,0,521
011250123051001,793,0,797,96,662,0,0,0,0,0,0,0,5,3,0,667,613,0,616,99,486,0,0,0,0,0,0,0,0,0,0,486
011250124082001,700,63,626,15,613,0,0,0,0,0,0,0,0,0,0,605,532,31,497,16,474,0,0,0,0,0,0,0,0,0,0,470
011250124062009,550,0,562,32,586,0,0,0,0,0,0,0,0,0,0,583,427,0,435,28,452,0,0,0,0,0,0,0,0,0,0,450
011250117032001,486,0,492,5,477,0,0,0,0,10,0,0,0,0,0,492,413,0,415,5,410,0,0,0,0,3,0,0,0,0,0,414
011250125032000,1016,0,1025,474,454,0,63,0,1,6,0,0,0,0,69,457,842,0,845,357,380,0,59,0,0,3,0,0,0,0,73,384
011250108042002,413,32,359,56,462,7,0,0,0,2,0,0,0,5,0,455,327,15,286,60,364,3,0,0,0,0,0,0,0,1,0,346
011250124081002,535,0,547,16,552,0,0,0,0,0,0,0,0,0,0,549,338,0,347,13,347,0,0,0,0,0,0,0,0,0,0,345
011250123053004,518,0,520,61,463,0,0,0,0,0,0,0,0,0,0,457,405,0,406,63,342,0,0,0,0,0,0,0,0,0,0,339
011250112001006,1913,200,1685,1258,263,0,10,0,26,52,0,10,0,0,17,338,1800,201,1570,1145,254,0,10,0,26,66,0,10,7,0,17,331
011250123041013,600,25,573,91,480,0,0,0,0,0,0,0,0,0,0,476,449,31,420,95,326,0,0,0,0,0,0,0,0,0,0,324
011250108022001,647,1,680,296,395,0,2,0,0,0,0,0,0,1,1,384,509,0,524,205,327,0,2,0,0,0,0,0,0,1,2,322
011250125052004,964,0,976,612,367,0,0,0,0,0,9,0,0,9,0,363,801,0,814,477,324,0,0,0,0,0,11,0,0,10,0,320
011250127003002,723,32,699,251,388,0,63,0,0,0,0,0,0,0,34,387,527,10,539,190,317,0,56,0,0,0,0,0,0,0,27,315
011250123052006,748,4,756,346,370,0,13,0,0,0,8,0,0,6,11,361,650,4,652,304,315,0,14,0,0,0,4,0,0,4,13,310
011250124081000,469,0,479,11,482,0,0,0,0,0,0,0,0,0,0,483,295,0,303,9,302,0,0,0,0,0,0,0,0,0,0,304
011250124042007,569,0,587,328,293,0,0,0,0,5,0,0,0,0,0,298,585,0,599,328,292,0,0,0,0,4,0,0,0,0,0,296
011250107052037,806,1,813,414,373,0,0,0,0,1,0,0,0,0,0,379,635,0,639,330,293,0,0,0,0,0,0,0,0,0,0,293
011250117031000,434,0,435,10,411,0,0,0,0,11,0,0,0,0,0,426,290,0,293,14,284,0,0,0,0,0,0,0,0,0,0,284
011250112002041,435,1,774,525,246,0,6,0,0,7,0,1,0,0,7,253,445,1,801,536,267,0,6,0,0,9,0,0,1,0,7,277
011250104071001,528,11,498,16,538,0,0,0,0,0,0,0,0,0,1,535,288,8,269,17,271,0,0,0,0,0,0,0,0,0,1,270
011250112001012,344,0,316,124,215,0,0,0,0,0,0,0,0,0,0,274,322,0,293,111,208,0,0,0,0,0,0,0,1,0,0,268
011250119022002,385,4,380,24,362,0,0,0,0,0,0,0,0,0,0,359,278,0,282,25,260,0,0,0,0,0,0,0,0,0,0,261
011250107052004,655,0,660,266,345,0,0,0,0,0,2,0,0,4,0,350,511,0,514,223,261,0,0,0,0,0,2,0,0,3,0,260
011250128002000,429,1,430,70,372,0,0,0,0,0,0,0,0,0,0,369,300,0,299,58,251,0,0,0,0,0,0,0,0,0,0,249
011250106033013,343,0,350,139,302,0,0,0,0,0,0,4,0,0,3,293,256,0,260,100,249,0,0,0,0,0,0,8,0,0,4,249
011250123043009,430,0,434,144,283,0,12,0,0,0,0,0,0,0,8,279,375,0,377,127,237,0,7,0,0,0,0,0,0,0,5,235
011250125042030,662,0,666,342,298,0,14,0,0,20,0,0,0,4,13,316,459,0,461,235,231,0,0,0,0,0,0,0,0,2,0,234
011250121013001,549,0,572,292,246,0,53,0,0,0,0,0,0,0,50,249,528,0,539,295,228,0,30,0,0,0,0,0,0,0,28,228
011250108031001,386,2,404,35,349,0,0,0,0,0,0,0,0,0,0,350,260,1,272,37,224,0,0,0,0,0,0,0,0,0,0,224
011250125051029,550,0,552,317,248,0,0,0,0,0,0,0,0,0,0,242,481,0,481,262,221,0,0,0,0,0,0,0,0,0,0,220
011250123071021,655,4,656,381,315,0,9,0,0,0,0,0,0,0,10,312,559,3,558,373,221,0,10,0,0,0,0,0,0,0,12,219
011250117011012,216,0,218,0,222,0,0,0,0,2,0,0,0,0,0,224,210,0,210,0,214,0,0,0,0,2,0,0,0,0,0,216
011250125051027,296,0,297,7,311,0,0,0,0,0,0,0,0,0,0,304,195,0,194,7,216,0,0,0,0,0,0,0,0,0,0,214
011250104033012,843,0,893,707,187,0,3,0,0,0,0,0,0,0,7,191,848,0,881,672,199,0,3,0,0,0,0,0,0,0,8,209
011250108022021,311,1,323,58,302,0,4,0,0,0,0,0,0,0,4,302,199,1,202,37,213,0,2,0,0,0,0,0,0,0,3,209
011250108022019,413,3,424,174,257,0,2,0,0,0,0,0,0,0,2,261,303,4,303,114,194,0,3,0,0,0,0,0,0,0,3,195
011250125041001,490,0,500,193,302,0,0,0,0,0,15,0,0,13,0,297,373,0,378,167,196,0,0,0,0,0,15,0,0,13,0,195
011250124041030,295,2,300,2,418,0,0,0,0,0,0,0,0,0,0,413,133,1,135,3,194,0,0,0,0,0,0,0,0,0,0,192
011250124071006,289,0,299,36,254,0,0,0,0,0,0,0,0,0,0,250,230,0,235,36,191,0,0,0,0,0,0,0,0,0,0,189
011250124041002,204,13,183,3,240,0,0,0,0,0,0,0,0,0,0,241,147,11,126,3,176,0,0,0,0,0,0,0,0,0,0,177
011250104031011,187,3,193,27,209,0,0,0,0,0,0,0,0,0,0,202,152,2,157,25,181,0,0,0,0,0,0,0,0,0,0,176
011250114013004,935,27,910,692,175,0,2,0,0,20,2,0,0,8,2,181,947,29,919,704,167,0,2,0,0,20,2,0,0,8,1,174
011250123063049,267,3,261,44,214,0,0,0,0,0,0,0,0,0,2,212,214,3,208,41,173,0,0,0,0,0,0,0,0,0,3,173
011250103041039,366,0,435,44,572,0,0,0,0,0,0,0,0,0,1,560,158,0,183,28,174,0,0,0,0,0,0,0,0,0,1,173
011250124082002,201,8,186,2,216,0,0,0,0,0,0,0,0,0,0,215,136,2,131,1,164,0,0,0,0,0,0,0,0,0,0,169
011250123051003,303,0,297,153,189,0,0,0,0,0,0,0,5,3,0,190,291,0,285,163,167,0,0,0,0,0,0,0,0,0,0,167
011250123042002,222,0,230,30,208,0,0,0,0,0,0,0,0,0,0,204,181,0,186,24,167,0,0,0,0,0,0,0,0,0,0,167
011250102061031,374,0,370,100,249,0,0,0,0,5,0,0,0,0,0,261,264,0,263,82,165,0,0,0,0,0,0,0,0,0,0,164
011250123062000,914,0,912,531,179,0,25,0,0,0,0,0,0,0,25,176,865,0,869,486,161,0,26,0,0,0,0,0,0,0,26,159
011250103032029,280,0,283,144,185,0,0,0,0,0,0,0,0,0,0,173,234,0,237,114,164,0,0,0,0,0,0,0,0,0,0,159
011250103033007,128,0,128,21,159,0,0,0,0,0,0,0,0,0,0,154,119,0,118,15,158,0,0,0,0,0,0,0,0,0,0,154
011250124082007,245,28,216,3,212,0,0,0,0,0,0,0,0,0,0,224,168,15,153,4,146,0,0,0,0,0,0,0,0,0,0,153
011250112002038,106,0,190,92,139,0,0,0,5,2,0,0,0,1,0,140,106,0,194,94,145,0,0,0,5,2,0,0,0,2,0,147
011250121012015,779,70,645,436,176,0,0,0,0,0,0,54,0,0,43,177,692,39,634,438,146,0,0,0,0,0,0,54,0,0,46,147
011250123063004,308,4,301,162,136,0,0,0,0,0,0,6,0,0,5,133,294,3,286,133,144,0,0,0,0,0,0,16,0,0,6,142
011250103033005,154,0,154,33,170,0,0,0,0,0,0,0,0,0,0,166,137,0,136,32,145,0,0,0,0,0,0,0,0,0,0,141
011250125042048,285,0,289,0,255,0,16,0,0,0,0,0,0,0,15,260,137,0,138,0,142,0,0,0,0,0,0,0,0,0,0,141
011250102042001,753,6,740,512,223,0,0,0,22,0,0,0,0,0,0,221,648,6,641,482,141,0,0,0,30,0,0,0,0,0,0,141
011250125033000,403,0,412,204,200,0,0,0,0,12,0,0,0,0,0,223,300,0,303,171,139,0,0,0,0,0,0,0,0,0,0,139
011250128001006,201,0,204,0,199,0,0,0,0,0,0,0,0,0,0,195,147,0,148,0,141,0,0,0,0,0,0,0,0,0,0,138
011250117012023,193,1,199,6,182,0,0,0,0,0,1,0,0,0,0,180,147,0,154,6,136,0,0,0,0,0,1,0,0,0,0,135
011250123041015,214,1,211,24,183,0,0,0,6,0,0,0,0,0,0,183,169,2,162,25,135,0,0,0,5,0,0,0,0,0,0,133
011250124082005,172,11,156,3,162,0,0,0,0,0,0,0,0,0,0,158,136,4,129,3,134,0,0,0,0,0,0,0,0,0,0,133
011250107052011,601,5,582,441,162,4,0,0,0,3,0,0,5,8,0,168,462,0,452,341,128,5,0,0,0,0,0,0,2,6,0,130
011250123041003,270,1,266,70,195,0,0,0,6,0,0,0,0,0,0,191,195,2,188,56,131,0,0,0,5,0,0,0,0,0,0,129
011250119011002,241,0,238,112,149,0,0,0,0,0,0,0,0,0,0,146,215,0,213,108,131,0,0,0,0,0,0,0,0,0,0,128
011250123063036,281,9,271,121,146,0,0,0,0,0,0,6,0,0,10,144,243,8,233,97,127,0,0,0,0,0,0,17,0,0,12,127
011250108022008,334,5,334,152,170,0,1,0,0,0,0,0,1,0,1,168,256,6,251,109,126,0,1,0,0,0,0,0,1,0,1,126
011250103033037,170,0,170,48,157,0,0,0,0,0,0,0,0,0,0,156,139,0,139,39,126,0,0,0,0,0,0,0,0,0,0,126
011250112001023,654,130,552,374,102,0,7,0,0,0,0,0,0,0,10,130,614,131,513,339,97,0,8,0,0,0,0,0,3,0,10,125
011250123052051,348,0,356,159,159,1,8,0,0,0,0,0,0,2,7,159,314,0,319,153,122,1,9,0,0,0,0,0,0,1,8,125
011250123052021,327,6,322,154,118,0,29,0,0,0,0,0,0,0,26,120,328,7,321,154,127,0,31,0,0,0,0,0,0,0,29,125
011250119012007,149,0,151,15,131,0,0,0,0,0,0,0,0,0,0,130,143,0,143,18,126,0,0,0,0,0,0,0,0,0,0,124
011250123052055,191,12,170,53,138,0,0,0,0,0,0,0,0,0,0,137,162,9,148,47,125,0,0,0,0,0,0,0,0,0,0,122
011250125032025,148,0,147,22,136,0,18,0,0,3,2,0,0,1,15,138,116,0,117,17,115,0,21,0,0,6,0,0,0,0,18,120
011250117011018,118,0,118,0,122,0,0,0,0,0,0,0,0,0,0,121,115,0,115,0,119,0,0,0,0,0,0,0,0,0,0,119
011250104071000,268,7,253,6,271,0,0,0,0,0,0,0,0,0,0,274,127,8,117,6,116,0,0,0,0,0,0,0,0,0,0,118
011250108042009,221,15,200,59,168,0,0,0,0,0,0,0,0,0,0,164,176,6,166,60,124,0,0,0,0,0,0,0,0,0,0,118
011250104041016,245,3,280,1,305,0,0,0,0,0,0,0,0,0,0,304,97,1,109,1,117,0,0,0,0,0,0,0,0,0,0,117
011250125011023,139,0,139,6,139,0,0,0,0,0,0,0,0,0,0,138,118,0,118,6,117,0,0,0,0,1,0,0,0,0,0,117
011250103032028,123,0,121,52,96,0,0,0,0,0,0,0,0,0,0,96,123,0,121,45,115,0,0,0,0,0,0,0,0,0,0,117
011250112001008,309,18,278,167,90,1,0,0,0,157,45,1,0,19,0,125,288,18,256,153,86,1,0,0,0,100,45,1,1,21,0,117
011250104042017,187,0,196,4,162,0,0,0,0,0,0,0,0,0,0,159,134,0,140,4,119,0,0,0,0,0,0,0,0,0,0,116
011250124042033,219,0,225,6,172,0,0,0,0,0,0,0,0,0,0,171,148,0,150,3,116,0,0,0,0,0,0,0,0,0,0,116
011250124041021,177,3,177,17,138,0,0,0,0,0,0,0,0,0,0,140,142,0,146,17,115,0,0,0,0,0,0,0,0,0,0,116
011250104031006,113,0,119,14,128,0,0,0,0,0,0,0,0,0,0,122,103,0,109,15,121,0,0,0,0,0,0,0,0,0,0,116
011250123071022,337,4,334,168,174,0,9,0,0,0,0,0,0,0,7,173,263,0,266,158,116,0,10,0,0,0,0,0,0,0,8,115
011250102042000,677,3,677,501,172,0,0,0,0,0,0,0,0,0,0,171,584,3,583,458,114,0,0,0,0,0,0,0,0,0,0,114
011250128001000,127,0,129,0,137,0,0,0,0,0,0,0,0,0,0,134,108,0,109,0,117,0,0,0,0,0,0,0,0,0,0,114
011250123051008,197,0,200,35,162,0,0,0,0,0,0,0,0,1,0,161,151,0,154,41,116,0,0,0,0,0,0,0,0,0,0,114
011250104031017,198,47,113,21,93,0,0,0,0,0,0,0,0,0,0,110,168,20,112,23,90,0,0,0,0,0,0,0,0,0,0,114
011250124041049,130,2,129,2,168,0,0,0,0,0,0,0,0,0,0,168,83,2,81,2,115,0,0,0,0,0,0,0,0,0,0,114
011250117012019,154,0,159,0,149,0,0,0,0,0,1,0,0,0,0,147,121,1,125,0,113,0,0,0,0,0,1,0,0,0,0,112
011250107072005,272,0,270,168,172,0,0,0,0,0,0,0,0,0,0,169,195,0,190,124,115,0,0,0,0,0,0,0,0,0,0,112
011250124031048,181,0,186,13,138,0,0,0,0,0,2,0,0,1,42,133,141,0,143,14,115,0,0,0,0,0,3,0,0,1,20,111
011250125051032,141,0,143,30,122,0,0,0,0,0,0,0,0,0,0,121,117,0,118,23,111,0,0,0,0,0,0,0,0,0,0,110
011250125052011,218,2,213,113,119,0,0,0,0,0,0,0,0,1,0,113,175,1,174,84,112,0,0,0,0,0,0,0,0,1,0,109
011250112002014,136,2,216,109,139,0,5,0,5,0,0,0,0,0,5,137,117,1,198,111,110,0,5,0,5,0,0,0,0,0,3,109
011250123052059,174,8,161,45,136,3,3,0,0,0,0,0,0,4,2,133,129,6,120,30,110,3,3,0,0,0,0,0,0,3,3,108
011250124033029,243,22,214,26,178,0,0,0,0,0,0,0,0,0,0,187,135,4,124,21,108,0,0,0,0,0,0,0,0,0,0,106
011250126001011,821,0,831,804,107,3,0,0,0,9,3,0,0,5,0,115,829,0,838,807,98,3,0,0,0,10,3,0,0,5,0,105
011250107041001,172,3,169,26,128,0,0,0,0,0,0,0,0,0,0,127,130,4,127,20,105,0,0,0,0,0,0,0,0,0,0,103
011250106033000,236,0,232,125,133,0,0,0,0,0,0,0,0,0,0,130,176,0,173,93,103,0,0,0,0,0,0,0,0,0,0,103
011250118003025,171,0,177,0,180,0,0,0,0,0,0,0,0,0,0,186,93,0,96,0,104,0,0,0,0,0,0,0,0,0,0,101
011250125032023,128,0,128,21,125,0,0,0,1,2,0,0,0,0,0,127,95,0,94,16,100,0,0,0,0,0,0,0,0,0,0,101
011250126001014,334,0,325,98,128,1,0,0,0,1,0,0,0,0,0,130,286,0,277,96,97,1,0,0,0,0,0,0,0,0,0,100
011250127002013,327,8,323,103,242,0,0,0,0,0,0,0,0,0,0,248,205,12,192,86,95,0,0,0,0,0,0,0,0,0,0,98
011250104033021,279,0,281,157,121,0,0,0,0,2,0,0,0,0,0,125,219,0,217,125,92,0,0,0,0,0,0,0,0,0,0,96
011250102061008,525,0,520,420,119,0,0,0,0,2,0,0,0,0,0,125,435,0,433,360,97,0,0,0,0,0,0,0,0,0,0,95
011250117031004,148,0,149,10,140,0,0,0,0,0,0,0,0,0,0,144,99,0,100,10,96,0,0,0,0,0,0,0,0,0,0,95
011250124082014,150,17,133,3,138,0,0,0,0,0,0,0,0,0,0,133,112,13,100,3,97,0,0,0,0,0,0,0,0,0,0,95
011250104032002,222,0,221,84,147,0,0,0,0,0,0,0,0,0,0,145,168,0,169,79,95,0,0,0,0,0,0,0,0,0,0,94
011250123063021,95,4,91,0,86,0,0,0,0,0,0,0,0,0,4,87,92,0,90,0,94,0,0,0,0,0,0,0,0,0,5,93
011250124061001,178,1,175,28,141,0,0,0,0,0,0,0,0,0,0,139,133,2,125,29,93,0,0,0,0,0,0,0,0,0,0,92
011250108031003,145,0,156,25,124,0,0,0,0,0,0,0,0,0,0,125,115,0,122,28,88,0,0,0,0,0,0,0,0,0,0,91
011250119022020,125,1,124,2,127,0,0,0,0,0,0,0,0,0,0,126,90,0,91,3,91,0,0,0,0,0,0,0,0,0,0,91
011250112002033,122,2,192,102,76,0,8,0,5,6,0,1,0,0,10,83,125,2,199,104,83,0,9,0,5,6,0,1,0,0,10,91
011250123051005,149,0,147,32,115,0,0,0,0,0,0,0,0,1,0,115,125,0,123,32,92,0,0,0,0,0,0,0,0,0,0,91
011250117012021,147,2,145,2,128,0,0,0,0,0,1,0,0,0,0,134,102,1,99,0,90,0,0,0,0,0,0,0,0,0,0,89
011250121022003,786,6,766,551,197,0,16,0,0,0,0,7,0,0,23,196,654,0,648,542,87,0,17,0,0,0,0,0,0,0,16,89
011250123041019,176,8,167,46,116,0,0,0,0,0,0,0,0,0,0,118,139,14,128,41,88,0,0,0,0,0,0,0,0,0,0,88
011250123053001,160,0,160,51,116,0,0,0,0,0,0,0,0,0,0,116,135,0,135,56,89,0,0,0,0,0,0,0,0,0,0,88
011250123071018,186,2,185,36,131,0,0,0,0,0,0,0,0,0,0,130,143,1,143,37,88,0,0,0,0,0,0,0,0,0,0,87
011250104031022,92,5,87,15,85,0,0,0,0,0,0,0,0,0,0,81,79,3,74,9,88,0,0,0,0,0,0,0,0,0,0,85
011250128002004,101,0,102,1,110,0,0,0,0,0,0,0,0,0,0,110,77,0,76,1,84,0,0,0,0,0,0,0,0,0,0,84
011250117011008,119,0,120,0,121,0,0,0,0,2,0,0,0,0,0,124,81,0,81,0,79,0,0,0,0,4,0,0,0,0,0,83
011250104031029,97,1,103,3,131,0,0,0,0,0,0,0,0,0,0,125,60,1,63,4,84,0,0,0,0,0,0,0,0,0,0,80
011250127002000,538,19,524,318,197,0,0,0,0,0,0,0,0,0,2,193,356,16,338,269,81,0,0,0,0,0,0,0,0,0,0,80
011250124031038,101,0,104,5,84,0,0,0,0,0,0,0,0,0,0,81,91,0,93,5,83,0,0,0,0,0,0,0,0,0,0,80
011250108022016,99,0,105,18,111,0,0,0,0,0,0,0,3,1,0,113,64,0,65,10,75,0,0,0,0,0,0,0,3,1,0,78
011250105002013,134,0,143,14,130,0,0,0,0,0,0,0,1,0,0,128,98,0,102,15,78,0,0,0,0,0,0,0,1,0,0,78
011250125052000,206,0,207,123,87,0,0,0,0,0,1,0,0,1,0,86,161,1,162,88,74,0,0,0,0,0,1,0,0,1,0,78
011250124071015,92,0,95,2,104,0,0,0,0,0,0,0,0,0,0,104,69,0,71,2,76,0,0,0,0,0,0,0,0,0,0,77
011250104071005,772,65,712,510,109,0,47,0,0,0,0,0,0,0,48,108,672,72,610,474,77,0,41,0,0,0,0,0,0,0,42,76
011250118003012,153,0,158,0,159,0,0,0,0,0,0,0,0,0,0,161,69,0,72,0,78,0,0,0,0,0,0,0,0,0,0,76
011250102044020,109,0,108,66,64,0,0,0,0,0,0,0,0,0,0,60,115,0,112,66,78,0,0,0,0,0,0,0,0,0,0,75
011250127002009,150,4,149,15,153,0,0,0,0,0,0,0,0,0,0,157,106,5,100,14,74,0,0,0,0,0,0,0,0,0,0,75
011250123071014,117,3,113,11,86,0,0,0,0,0,0,0,0,0,1,85,113,3,108,9,76,0,0,0,0,0,0,0,0,0,1,75
011250121011009,225,4,221,121,112,0,0,0,0,0,3,0,0,3,0,113,191,0,201,127,72,0,0,0,0,0,3,0,0,3,0,74
011250117011009,104,0,104,0,108,0,0,0,0,0,0,0,0,0,0,108,72,0,72,0,74,0,0,0,0,0,0,0,0,0,0,74
011250123043012,150,0,151,18,104,0,0,0,0,0,0,0,0,0,0,109,107,0,106,17,68,0,0,0,0,0,0,0,0,0,0,73
011250106014048,330,0,341,250,80,0,0,0,0,1,1,0,0,1,0,78,273,0,277,197,73,0,0,0,0,0,1,0,0,1,0,73
011250117012015,87,0,90,0,84,0,0,0,0,0,0,0,0,0,0,83,78,0,81,0,74,0,0,0,0,0,0,0,0,0,0,73
011250125011068,106,0,106,20,86,0,0,0,0,0,0,0,0,0,0,85,88,0,88,15,73,0,0,0,0,1,0,0,0,0,0,73
011250108031006,152,2,153,0,143,0,0,0,0,0,0,0,0,0,0,142,82,2,79,0,72,0,0,0,0,0,0,0,0,0,0,73
011250117011020,124,0,123,0,124,0,0,0,0,2,0,0,0,0,0,126,73,0,72,0,70,0,0,0,0,2,0,0,0,0,0,72
011250124062015,95,0,93,1,107,0,0,0,0,0,0,0,0,0,0,106,66,0,64,1,72,0,0,0,0,0,0,0,0,0,0,72
011250103041031,341,10,316,149,175,0,0,0,0,0,0,0,0,0,0,174,212,5,205,133,72,0,0,0,0,0,0,0,0,0,0,72
011250117012020,115,0,118,6,107,0,0,0,0,0,0,0,0,0,0,106,77,1,79,0,71,0,0,0,0,0,0,0,0,0,0,71
011250118003000,119,0,123,0,117,0,0,0,0,0,0,0,0,0,0,122,69,0,72,0,69,0,0,0,0,0,0,0,0,0,0,71
011250123071000,214,5,208,110,105,0,5,0,0,0,0,0,0,0,3,107,176,2,172,111,69,0,5,0,0,0,0,0,0,0,4,70
011250107073001,202,3,199,133,71,0,0,0,0,0,0,0,0,0,0,67,177,3,174,114,71,0,0,0,0,0,0,0,0,0,0,70
011250119022021,124,1,123,5,122,0,0,0,0,0,0,0,0,0,0,121,72,0,73,5,70,0,0,0,0,0,0,0,0,0,0,70
011250117032010,80,0,81,0,77,0,0,0,0,0,0,0,0,0,0,79,71,0,72,0,70,0,0,0,0,0,0,0,0,0,0,70
011250126002010,268,0,277,203,72,0,0,0,0,0,0,0,0,0,0,70,233,0,240,167,71,0,0,0,0,0,0,0,0,0,0,69
011250125011081,120,0,121,33,83,0,0,0,0,0,0,0,0,0,0,83,103,0,103,30,69,0,0,0,0,1,0,0,0,0,0,69
011250117031010,110,0,109,0,97,0,0,0,0,6,0,0,0,0,0,101,79,0,77,0,69,0,0,0,0,0,0,0,0,0,0,69
011250117032021,95,0,96,4,89,0,0,0,0,0,0,0,0,0,0,92,73,0,74,4,69,0,0,0,0,0,0,0,0,0,0,69
011250117032011,73,0,74,0,73,0,0,0,0,0,0,0,0,0,0,75,67,0,68,0,68,0,0,0,0,0,0,0,0,0,0,69
011250119011001,61,0,64,16,66,0,0,0,0,0,0,0,0,0,0,65,63,0,64,17,70,0,0,0,0,0,0,0,0,0,0,69
011250117011019,81,0,81,0,78,0,0,0,0,2,0,0,0,0,0,80,70,0,70,0,69,0,0,0,0,0,0,0,0,0,0,68
011250125041008,186,0,182,71,104,0,0,0,0,0,4,0,0,6,0,106,137,0,135,61,68,0,0,0,0,0,4,0,0,6,0,68
011250107052032,140,0,142,53,72,1,0,0,0,0,2,0,0,6,0,73,122,0,123,45,67,1,0,0,0,0,0,0,0,1,0,67
011250125011099,84,0,84,0,88,0,0,0,0,0,0,0,0,0,0,89,62,0,62,0,66,0,0,0,0,1,0,0,0,0,0,67
011250123071019,123,0,125,36,81,0,0,0,0,0,1,0,0,1,0,80,117,0,119,37,68,0,0,0,0,0,1,0,0,1,0,67
011250124081006,133,0,132,12,104,0,0,0,0,0,0,0,0,0,0,104,82,0,80,7,65,0,0,0,0,0,0,0,0,0,0,65
011250128001017,85,0,88,0,94,0,0,0,0,0,0,0,0,0,0,94,58,0,60,0,63,0,0,0,0,0,0,0,0,0,0,65
011250123052046,53,1,52,0,75,0,0,0,0,0,0,0,0,0,0,73,46,1,45,0,66,0,0,0,0,0,0,0,0,0,0,65
011250108022020,105,1,106,39,77,0,0,0,0,0,0,0,0,0,0,77,80,2,78,26,66,0,0,0,0,0,0,0,0,0,0,64
011250107031071,228,0,239,173,57,0,0,0,0,0,1,0,0,1,0,63,182,0,189,128,64,0,0,0,0,0,1,0,0,1,0,65
011250124071023,63,0,64,1,71,0,0,0,0,0,0,0,0,0,0,71,57,0,58,1,64,0,0,0,0,0,0,0,0,0,0,64
011250117033009,78,0,79,2,76,0,0,0,0,0,0,0,0,0,0,75,67,0,67,2,64,0,0,0,0,0,0,0,0,0,0,63
011250125032012,82,0,83,24,68,0,0,0,0,0,0,0,0,0,0,67,65,0,65,15,63,0,0,0,0,0,0,0,0,0,0,63
011250125052020,160,2,154,74,67,0,0,0,0,0,3,0,0,3,0,71,135,2,129,58,63,0,0,0,0,0,3,0,0,3,0,63
011250118003006,134,0,132,0,123,0,0,0,0,0,0,0,0,0,0,125,71,0,69,0,64,0,0,0,0,0,0,0,0,0,0,63
011250104041021,186,21,127,0,142,0,0,0,0,0,0,0,0,0,0,139,79,6,56,0,63,0,0,0,0,0,0,0,0,0,0,63
011250124033009,254,0,228,150,79,0,0,0,0,3,0,0,0,0,0,84,196,0,181,121,63,0,0,0,0,0,0,0,0,0,0,63
011250107042030,152,0,157,54,76,0,0,0,0,0,0,0,0,0,0,74,118,0,120,37,63,0,0,0,0,0,0,0,0,0,0,62
011250117011000,73,0,73,0,73,0,0,0,0,0,0,0,0,0,0,73,63,0,63,0,62,0,0,0,0,0,0,0,0,0,0,62
011250123043019,99,0,102,0,78,0,0,0,0,0,0,0,0,0,0,76,81,0,82,0,63,0,0,0,0,0,0,0,0,0,0,62
011250107041035,125,1,124,50,72,0,0,0,0,0,0,0,0,0,0,69,109,0,109,47,63,0,0,0,0,0,0,0,0,0,0,62
011250124062004,121,0,123,28,76,0,0,0,0,0,0,0,0,0,0,75,99,0,101,26,62,0,0,0,0,0,0,0,0,0,0,62
011250117033010,68,0,69,2,67,0,0,0,0,0,0,0,0,0,0,67,63,0,64,2,62,0,0,0,0,0,0,0,0,0,0,61
011250124042005,86,0,83,0,63,0,0,0,5,1,0,0,0,0,0,63,79,0,78,0,60,0,0,0,0,1,0,0,0,0,0,61
011250102044016,248,0,252,209,54,0,0,0,0,0,0,0,0,0,0,52,248,0,249,199,63,0,0,0,0,0,0,0,0,0,0,61
011250105001047,99,0,105,39,70,0,0,0,0,0,0,0,0,0,0,67,86,0,98,39,62,0,0,0,0,0,0,0,0,0,0,60
011250124081005,111,0,108,5,103,0,0,0,0,0,0,0,0,0,0,102,67,0,64,3,61,0,0,0,0,0,0,0,0,0,0,61
011250107052016,134,1,133,69,57,1,0,0,0,1,0,0,5,2,0,60,125,0,126,60,58,1,0,0,0,0,0,0,2,2,0,60
011250124062019,81,0,82,8,81,0,0,0,0,0,0,0,0,0,0,80,63,0,64,8,60,0,0,0,0,0,0,0,0,0,0,60
011250103022048,221,26,154,121,52,0,0,0,0,18,0,0,0,0,0,87,158,13,117,96,48,0,0,0,0,12,0,0,0,0,0,60
011250104031020,81,3,80,15,75,0,0,0,0,0,0,0,0,0,0,77,61,0,64,16,62,0,0,0,0,0,0,0,0,0,0,60
011250103041033,77,2,77,0,115,0,0,0,0,0,0,0,0,0,0,113,48,0,52,0,60,0,0,0,0,0,0,0,0,0,0,60
011250117012011,74,0,77,8,68,0,0,0,0,0,0,0,0,0,0,67,68,0,72,9,60,0,0,0,0,0,0,0,0,0,0,60
011250112002060,420,0,755,578,55,0,15,0,27,0,3,1,0,3,18,54,408,0,742,559,59,0,14,0,27,0,3,2,1,4,18,59
011250125032006,122,0,125,47,73,0,0,0,0,4,2,0,0,2,0,80,90,0,92,33,58,0,0,0,0,0,3,0,0,2,0,59
011250124041019,71,1,71,3,83,0,0,0,0,0,0,0,0,0,0,82,50,0,51,3,60,0,0,0,0,0,0,0,0,0,0,59
011250117033022,84,0,84,0,86,0,0,0,0,0,0,0,0,0,0,85,58,0,57,0,59,0,0,0,0,0,0,0,0,0,0,59
011250123043014,94,0,94,23,61,0,0,0,0,0,0,0,0,0,9,60,91,0,93,22,59,0,0,0,0,0,0,0,0,0,9,58
011250107041042,154,5,150,46,91,0,0,0,0,0,0,0,0,0,0,91,103,0,102,43,59,0,0,0,0,0,0,0,0,0,0,58
011250123052052,80,0,81,11,79,0,18,0,0,0,0,0,0,0,15,77,56,0,57,6,59,0,20,0,0,0,0,0,0,0,19,58
011250123052045,47,0,47,1,55,0,16,0,0,0,0,0,0,0,13,53,44,0,45,0,59,0,11,0,0,0,0,0,0,0,11,58
011250123052010,158,2,156,76,55,5,0,0,0,0,0,0,0,7,0,60,154,3,151,75,51,5,0,0,0,0,0,0,0,5,0,58
011250108031014,126,1,131,13,114,0,0,0,0,0,0,0,0,0,6,111,71,1,70,9,58,0,0,0,0,0,0,0,0,0,2,57
011250107051020,220,4,215,125,69,0,0,0,0,0,0,0,0,0,0,70,178,4,174,95,57,0,0,0,0,0,0,0,0,0,0,57
011250117011005,91,0,91,0,84,0,0,0,0,0,0,0,0,0,0,84,57,0,58,0,57,0,0,0,0,0,0,0,0,0,0,57
011250123051002,89,0,90,7,70,0,0,0,0,0,0,0,0,0,0,70,75,0,76,3,58,0,0,0,0,0,0,0,0,0,0,57
011250103021023,221,7,212,81,12,0,0,0,0,0,0,0,0,0,0,77,128,4,124,51,12,0,0,0,0,0,0,0,0,0,0,56
011250126002004,122,1,120,54,53,0,0,0,0,0,0,0,0,0,0,50,122,1,120,51,59,0,0,0,0,0,0,0,0,0,0,56
011250105002012,90,0,92,1,86,0,0,0,0,0,2,0,1,4,0,85,66,0,65,0,56,0,0,0,0,0,0,0,1,0,0,56
011250117012027,72,0,76,0,71,0,0,0,0,0,0,0,0,0,0,70,59,0,62,0,56,0,0,0,0,0,0,0,0,0,0,56
011250108021061,213,4,207,123,73,0,0,0,0,3,0,0,0,0,0,75,160,2,158,100,56,0,0,0,0,0,0,0,0,0,0,56
011250102041006,532,0,551,434,73,0,0,0,0,0,0,0,0,0,0,69,412,0,419,327,56,0,0,0,0,0,0,0,0,0,0,56
011250108031019,93,0,99,7,89,0,0,0,0,0,0,0,0,0,0,87,63,0,67,9,57,0,0,0,0,0,0,0,0,0,0,56
011250117011001,55,0,55,0,57,0,0,0,0,0,0,0,0,0,0,57,54,0,54,0,55,0,0,0,0,0,0,0,0,0,0,55
011250124033033,98,22,85,2,77,0,0,0,0,0,0,0,0,0,0,80,63,11,56,2,56,0,0,0,0,0,0,0,0,0,0,55
011250128002002,93,0,94,1,100,0,0,0,0,0,0,0,0,0,0,99,53,0,53,1,56,0,0,0,0,0,0,0,0,0,0,55
011250107052001,221,0,223,177,59,0,0,0,0,0,2,0,0,4,0,60,201,0,203,158,55,0,0,0,0,0,2,0,0,2,0,55
011250119022019,85,0,85,2,86,0,0,0,0,0,0,0,0,0,0,85,55,0,56,2,55,0,0,0,0,0,0,0,0,0,0,55
011250107041032,96,3,92,18,68,0,0,0,0,0,0,0,0,0,0,66,73,3,71,13,56,0,0,0,0,0,0,0,0,0,0,55
011250124061011,114,1,112,14,92,0,0,0,0,0,0,0,0,0,5,93,74,0,70,13,55,0,0,0,0,0,0,0,0,0,2,54
011250117011011,52,0,51,0,52,0,0,0,0,0,0,0,0,0,0,52,54,0,54,0,54,0,0,0,0,0,0,0,0,0,0,54
011250118002024,55,0,56,0,57,0,0,0,0,0,0,0,0,0,0,57,52,0,53,0,54,0,0,0,0,0,0,0,0,0,0,54
011250104042021,57,0,60,2,49,0,0,0,0,0,0,0,0,0,0,49,61,0,63,0,55,0,0,0,0,0,0,0,0,0,0,54
011250125042047,91,0,88,5,72,0,0,0,0,4,0,0,0,1,0,75,55,0,55,2,54,0,0,0,0,0,0,0,0,1,0,54
011250125042037,174,0,172,88,77,0,3,0,0,3,0,0,0,0,3,81,109,0,106,54,54,0,0,0,0,0,0,0,0,0,0,54
011250125052007,117,0,117,75,48,0,0,0,0,0,0,0,0,0,0,45,103,0,103,56,55,0,0,0,0,0,0,0,0,0,0,54
011250125041018,127,0,123,42,81,0,0,0,0,0,0,0,0,0,0,79,91,0,88,31,54,0,0,0,0,0,0,0,0,0,0,54
011250103031014,63,5,61,8,67,0,0,0,0,0,0,0,0,0,0,66,56,0,56,8,54,0,0,0,0,0,0,0,0,0,0,54
011250124041003,46,0,47,2,54,0,0,0,0,0,0,0,0,0,0,56,40,0,41,2,53,0,0,0,0,0,0,0,0,0,0,53
011250125033017,260,0,266,208,63,0,0,0,0,0,2,0,0,2,0,70,208,0,210,170,53,0,0,0,0,0,2,0,0,1,0,53
011250107063007,147,0,154,118,49,0,0,0,0,0,0,0,0,0,1,47,127,0,130,96,54,0,0,0,0,0,0,0,0,0,2,53
011250118003005,79,0,80,0,72,0,0,0,0,0,0,0,0,0,0,75,56,0,57,0,53,0,0,0,0,0,0,0,0,0,0,53
011250108021017,211,14,198,126,65,0,0,0,0,5,0,0,0,0,0,69,160,3,157,101,49,0,0,0,0,8,0,0,0,0,0,53
011250124061015,118,18,102,11,86,0,0,0,0,0,0,0,0,0,0,85,81,16,69,12,53,0,0,0,0,0,0,0,0,0,0,53
011250117011003,89,0,90,0,89,0,0,0,0,0,0,0,0,0,0,89,52,0,53,0,53,0,0,0,0,0,0,0,0,0,0,53
011250117011002,58,0,59,0,56,0,0,0,0,0,0,0,0,0,0,56,56,0,56,0,53,0,0,0,0,0,0,0,0,0,0,53
011250125032016,62,0,58,9,59,0,0,0,0,0,0,0,0,0,0,58,48,0,44,6,52,0,0,0,0,0,0,0,0,0,0,52
011250114013003,71,8,61,39,54,0,0,0,0,0,0,0,0,0,0,55,63,8,53,33,52,0,0,0,0,0,0,0,0,0,0,53
011250101012022,1444,13,1442,1185,70,0,161,0,0,0,0,14,0,0,196,67,946,10,941,811,55,0,52,0,0,0,0,12,0,0,78,52
011250128001019,67,0,68,0,74,0,0,0,0,0,0,0,0,0,0,73,48,0,48,0,53,0,0,0,0,0,0,0,0,0,0,52
011250128001001,58,0,60,0,64,0,0,0,0,0,0,0,0,0,0,64,46,0,48,0,52,0,0,0,0,0,0,0,0,0,0,52
011250105002009,90,0,97,14,84,0,0,0,0,0,0,0,1,0,0,82,68,0,71,13,52,0,0,0,0,0,0,0,1,0,0,52
011250123041020,83,3,80,16,60,0,0,0,0,0,0,0,0,0,0,63,72,0,69,16,50,0,0,0,0,0,0,0,0,0,0,52
011250107072013,63,0,65,36,65,0,0,0,0,0,0,0,0,0,0,60,54,0,56,33,58,0,0,0,0,0,0,0,0,0,0,52
011250103033003,124,1,123,60,53,0,0,0,0,0,0,0,0,0,0,51,106,1,105,46,53,0,0,0,0,0,0,0,0,0,0,52
011250119021034,69,0,70,11,57,0,0,0,0,1,0,0,0,0,0,57,58,0,60,8,54,0,0,0,0,0,0,0,0,0,0,52
011250104041010,110,8,97,0,108,0,0,0,0,0,0,0,0,0,0,107,48,2,46,0,52,0,0,0,0,0,0,0,0,0,0,51
011250127003029,112,9,104,37,59,0,0,0,0,0,0,0,0,0,0,59,89,4,85,30,51,0,0,0,0,0,0,0,0,0,0,51
011250125033003,131,2,126,47,72,0,0,0,0,0,0,0,0,0,0,80,101,4,94,42,51,0,0,0,0,0,0,0,0,0,0,51
011250123063054,94,6,88,42,47,0,0,0,0,0,0,0,0,0,1,46,98,7,93,42,51,0,0,0,0,0,0,0,0,0,0,51
011250106032008,497,0,507,400,43,0,0,0,0,0,30,0,0,33,0,43,378,0,385,282,45,0,0,0,0,0,29,0,0,33,0,50
011250105001009,92,3,93,32,60,0,0,0,0,0,0,0,0,0,0,60,72,0,80,31,49,0,0,0,0,0,0,0,0,0,0,50
011250124081010,70,0,71,0,71,0,0,0,0,0,0,0,0,0,0,72,48,0,48,0,49,0,0,0,0,0,0,0,0,0,0,50
011250117032009,58,0,59,0,58,0,0,0,0,5,0,0,0,0,0,60,49,0,49,0,50,0,0,0,0,0,0,0,0,0,0,50
011250116003005,198,1,200,147,47,0,0,0,0,0,4,2,0,3,1,47,197,1,199,142,50,0,0,0,0,0,4,2,0,3,1,50
011250125033011,74,1,72,8,55,0,0,0,0,38,0,0,0,0,0,65,59,2,55,3,50,0,0,0,0,0,0,0,0,1,0,50
011250128001013,85,0,86,0,83,0,0,0,0,0,0,0,0,0,0,87,50,0,49,0,50,0,0,0,0,0,0,0,0,0,0,50
011250125011042,49,0,49,2,48,0,0,0,0,0,0,0,0,0,0,48,47,0,47,0,49,0,0,0,0,0,0,0,0,0,0,49
011250107052005,92,0,93,12,64,1,0,0,0,0,0,0,0,1,0,65,73,0,74,14,49,1,0,0,0,0,0,0,0,1,0,49
011250117012022,69,1,69,2,63,0,0,0,0,0,0,0,0,0,0,63,54,0,56,2,48,0,0,0,0,0,0,0,0,0,0,49
011250121012016,292,55,235,147,70,0,0,0,0,0,0,0,0,0,15,70,236,21,214,151,48,0,0,0,0,0,0,0,0,0,15,48
011250103031006,224,0,221,135,80,0,0,0,0,0,0,0,2,1,0,81,165,0,164,112,48,0,0,0,0,0,0,0,2,1,0,48
011250103031005,110,2,107,49,64,0,0,0,0,0,0,0,0,0,0,62,92,1,90,44,48,0,0,0,0,0,0,0,0,0,0,48
011250124062017,62,0,62,0,76,0,0,0,0,0,0,0,0,0,0,75,40,0,39,0,48,0,0,0,0,0,0,0,0,0,0,48
011250123052044,50,3,44,7,43,0,0,0,0,0,0,0,0,0,0,44,41,3,35,2,46,0,0,0,0,0,0,0,0,0,0,48
011250123062009,73,0,48,0,53,0,0,0,0,0,0,0,0,0,1,52,60,0,42,0,49,0,0,0,0,0,0,0,0,0,1,48
011250117032013,58,0,59,0,59,0,0,0,0,0,0,0,0,0,0,60,46,0,47,0,48,0,0,0,0,0,0,0,0,0,0,48
011250125033009,100,0,102,30,62,0,0,0,0,0,0,0,0,0,0,69,82,0,83,29,47,0,0,0,0,0,0,0,0,0,0,47
011250125042046,93,0,92,4,74,0,8,0,0,0,0,0,2,1,8,76,50,0,50,3,46,0,0,0,0,0,0,0,2,1,0,47
011250118004031,50,0,51,0,56,0,0,0,0,0,0,0,0,0,0,54,43,0,43,0,49,0,0,0,0,0,0,0,0,0,0,47
011250124082012,95,16,80,3,64,0,0,0,0,0,0,0,0,0,0,65,75,13,64,3,49,0,0,0,0,0,0,0,0,0,0,47
011250119011011,78,0,81,36,41,0,0,0,0,0,0,0,0,0,0,47,78,0,80,38,43,0,0,0,0,0,0,0,0,0,0,47
011250120011016,225,1,233,169,48,0,0,0,0,0,0,0,0,0,0,47,228,1,234,172,47,0,0,0,0,0,0,0,0,0,0,46
011250125052003,171,0,174,118,52,0,0,0,0,0,0,0,0,0,0,50,131,0,134,82,47,0,0,0,0,0,0,0,0,0,0,46
011250121013005,208,0,209,148,54,0,0,0,0,0,0,0,0,0,0,53,200,0,199,149,47,0,0,0,0,0,0,0,0,0,0,46
011250125042032,106,0,104,34,57,0,24,0,0,0,0,0,0,0,23,58,72,0,73,23,46,0,0,0,0,0,0,0,0,0,0,46
011250116002026,55,0,54,6,47,0,0,0,0,0,0,0,0,0,0,46,51,0,51,5,47,0,0,0,0,0,0,0,0,0,0,46
011250123052019,114,0,116,47,68,0,0,0,0,0,3,0,0,2,0,69,89,0,91,41,44,0,0,0,0,0,2,0,0,1,0,45
011250102062006,424,1,442,379,45,0,0,0,0,0,12,0,0,10,0,57,329,0,341,284,46,0,0,0,0,0,14,0,0,13,0,46
011250125011057,56,0,56,1,58,0,0,0,0,0,0,0,0,0,0,57,44,0,45,1,45,0,0,0,0,0,0,0,0,0,0,45
011250125011041,48,0,48,0,51,0,0,0,0,0,0,0,0,0,0,50,42,0,42,0,45,0,0,0,0,0,0,0,0,0,0,45
011250106031001,132,0,135,76,60,0,0,0,0,0,0,0,0,0,0,60,97,0,99,56,45,0,0,0,0,0,0,0,0,0,0,45
011250124033028,291,54,252,180,78,0,0,0,0,0,0,0,0,0,0,82,197,29,176,132,46,0,0,0,0,0,0,0,0,0,0,45
011250103041043,241,18,131,16,93,0,0,0,0,0,0,0,0,0,0,91,127,10,63,16,46,0,0,0,0,0,0,0,0,0,0,45
011250103041018,301,1,351,216,102,0,0,0,0,0,0,0,0,0,0,100,216,0,246,201,46,0,0,0,0,0,0,0,0,0,0,45
011250117011010,51,0,51,0,52,0,0,0,0,0,0,0,0,0,0,52,45,0,45,0,45,0,0,0,0,0,0,0,0,0,0,45
011250123041017,96,3,92,33,62,0,0,0,0,0,0,0,0,0,0,61,77,0,75,34,45,0,0,0,0,0,0,0,0,0,0,45
011250119013009,174,4,166,132,47,0,1,0,0,0,0,0,0,0,1,47,169,1,173,139,45,0,0,0,0,0,0,0,0,0,0,45
011250117031002,54,0,55,0,51,0,0,0,0,0,0,0,0,0,0,54,45,0,45,0,43,0,0,0,0,0,0,0,0,0,0,45
011250103023000,369,0,331,83,45,0,0,0,0,2,0,0,0,0,0,52,266,0,233,73,43,0,0,0,0,0,0,0,0,0,0,45
011250108042001,45,0,51,14,48,0,0,0,0,0,0,0,0,0,0,47,43,0,48,15,47,0,0,0,0,0,0,0,0,0,0,44
011250108042000,43,3,39,9,41,0,0,0,0,0,0,0,0,0,0,40,35,0,39,10,47,0,0,0,0,0,0,0,0,0,0,44
011250123042021,44,1,42,5,39,0,0,0,0,0,0,0,0,0,0,39,42,0,40,0,44,0,0,0,0,0,0,0,0,0,0,44
011250123041024,67,4,63,4,58,0,0,0,0,0,0,0,0,0,0,57,52,2,50,4,45,0,0,0,0,0,0,0,0,0,0,44
011250125051012,112,0,114,78,39,0,0,0,0,0,0,0,0,0,0,41,113,0,115,72,41,0,0,0,0,0,0,0,0,0,0,44
011250108022018,92,1,95,44,57,0,0,0,0,0,0,0,0,0,0,55,64,0,66,26,44,0,0,0,0,0,0,0,0,0,0,44
011250124062012,58,0,59,1,69,0,0,0,0,0,0,0,0,0,0,69,36,0,37,0,44,0,0,0,0,0,0,0,0,0,0,44
011250124062010,66,0,66,5,64,0,0,0,0,0,0,0,0,0,0,64,47,0,48,5,44,0,0,0,0,0,0,0,0,0,0,44
011250108031017,82,1,81,34,49,0,0,0,0,0,0,18,0,0,6,49,77,1,77,37,44,0,0,0,0,0,0,5,0,0,2,43
011250123052003,71,1,70,24,52,0,2,0,0,0,0,0,0,0,2,51,55,0,56,18,44,0,3,0,0,0,0,0,0,0,2,43
011250116002003,63,0,65,22,47,0,0,0,0,0,0,0,0,0,0,46,56,0,58,18,44,0,0,0,0,0,0,0,0,0,0,43
011250123041008,75,21,57,2,54,0,0,0,0,0,0,0,0,0,0,53,54,10,47,3,43,0,0,0,0,0,0,0,0,0,0,43
011250117031001,75,0,75,7,69,0,0,0,0,0,0,0,0,0,0,71,44,0,43,0,43,0,0,0,0,0,0,0,0,0,0,43
011250119022000,61,5,57,2,55,0,0,0,0,0,0,0,0,0,0,55,46,0,45,2,43,0,0,0,0,0,0,0,0,0,0,43
011250125041015,106,0,105,44,58,0,2,0,0,0,0,0,0,0,2,57,90,0,88,41,43,0,3,0,0,0,0,0,0,0,2,42
011250124033038,91,0,81,3,69,0,0,0,0,10,0,0,0,0,0,75,46,0,43,0,41,0,0,0,0,0,0,0,0,0,0,42
011250119021025,105,3,101,49,53,0,0,0,0,0,0,0,0,0,0,53,90,1,88,49,43,0,0,0,0,0,0,0,0,0,0,42
011250108021036,156,2,152,82,60,0,0,0,0,0,0,0,0,0,0,60,106,0,106,56,41,0,0,0,0,0,0,0,0,0,0,42
011250124042016,51,0,52,11,34,0,0,0,0,0,0,0,0,0,0,36,60,0,60,12,42,0,0,0,0,0,0,0,0,0,0,42
011250123042011,96,0,98,60,43,0,0,0,0,0,0,0,0,0,0,42,90,0,93,43,42,0,0,0,0,0,0,0,0,0,0,42
011250105002043,81,0,88,10,79,0,0,0,0,0,0,0,0,0,0,77,53,0,56,10,41,0,0,0,0,0,0,0,0,0,0,41
011250118004038,43,0,42,0,43,0,0,0,0,0,0,0,0,0,0,43,39,0,40,0,42,0,0,0,0,0,0,0,0,0,0,41
011250128001025,76,0,78,0,80,0,0,0,0,0,0,0,0,0,0,78,40,0,42,0,42,0,0,0,0,0,0,0,0,0,0,41
011250128001024,50,0,50,0,50,0,0,0,0,0,0,0,0,0,0,49,40,0,42,0,42,0,0,0,0,0,0,0,0,0,0,41
011250119013014,225,19,206,176,43,0,3,0,0,0,0,0,0,0,3,43,218,5,213,185,41,0,0,0,0,0,0,0,0,0,0,41
011250103031026,135,7,131,73,56,0,0,0,0,0,0,0,0,0,0,55,107,3,105,61,41,0,0,0,0,0,0,0,0,0,0,41
011250123052013,95,2,92,30,55,0,0,0,0,0,10,0,0,7,0,58,77,1,77,29,42,0,0,0,0,0,6,0,0,5,0,41
011250125052005,78,1,76,32,49,0,0,0,0,0,0,0,0,0,0,52,62,1,61,28,42,0,0,0,0,0,0,0,0,0,0,41
011250124071008,41,0,42,1,45,0,0,0,0,0,0,0,0,0,0,46,37,0,37,1,39,0,0,0,0,0,0,0,0,0,0,41
011250125011039,45,0,45,0,48,0,0,0,0,0,0,0,0,0,0,48,38,0,38,0,40,0,0,0,0,0,0,0,0,0,0,41
011250108021003,328,22,307,271,44,0,0,0,0,0,0,0,0,0,0,44,279,17,263,230,40,0,0,0,0,0,0,0,0,0,0,41
011250116002024,43,0,45,0,41,0,0,0,0,0,0,0,0,0,0,41,39,0,41,0,40,0,0,0,0,0,0,0,0,0,0,41
011250107041037,157,7,151,94,53,0,0,0,0,0,0,0,0,0,0,52,104,6,98,51,41,0,0,0,0,0,0,0,0,0,0,41
011250102051014,1588,12,1583,1542,52,0,0,0,0,0,0,1,0,0,2,48,1154,7,1157,1125,44,0,0,0,0,0,0,0,0,0,1,40
011250123043020,71,0,70,7,50,0,13,0,0,0,0,0,0,0,9,49,59,0,59,5,41,0,14,0,0,0,0,0,0,0,9,40
011250123043018,71,0,73,38,42,0,0,0,0,0,0,0,0,0,0,42,71,0,73,37,41,0,0,0,0,0,0,0,0,0,0,40
011250117012017,62,1,61,2,55,0,0,0,0,0,0,0,0,0,0,54,48,1,47,2,41,0,0,0,0,0,0,0,0,0,0,40
011250118003023,88,0,91,0,92,0,0,0,0,0,0,0,0,0,0,93,37,0,38,0,41,0,0,0,0,0,0,0,0,0,0,40
011250123061000,217,0,216,166,39,0,0,0,0,0,0,0,0,1,0,37,216,0,217,168,41,0,0,0,0,0,0,0,0,0,0,40
011250118004039,56,0,54,0,56,0,0,0,0,0,0,0,0,0,0,57,38,0,37,0,39,0,0,0,0,0,0,0,0,0,0,40
011250127002010,331,27,298,176,112,0,0,0,0,0,0,0,0,0,2,113,202,33,172,136,39,0,0,0,0,0,0,0,0,0,0,40
011250118002025,38,0,39,0,40,0,0,0,0,0,0,0,0,0,0,40,38,0,39,0,41,0,0,0,0,0,0,0,0,0,0,40
011250123071017,84,2,82,0,59,0,2,0,0,0,0,0,0,0,2,58,63,1,61,0,40,0,2,0,0,0,0,0,0,0,1,40
011250119012002,51,0,49,11,37,0,0,0,0,0,0,0,0,0,0,37,51,0,51,10,39,0,0,0,0,0,0,0,0,0,0,40
011250108031033,74,0,78,26,52,0,0,0,0,0,0,0,0,0,0,53,63,0,67,32,40,0,0,0,0,0,0,0,0,0,0,40
011250125041007,142,0,145,80,56,0,5,0,0,0,0,0,0,3,3,57,109,0,110,64,40,0,5,0,0,0,0,0,0,3,5,39
011250125011070,52,1,51,8,42,0,0,0,0,1,0,0,0,0,0,43,47,0,46,7,39,0,0,0,0,0,0,0,0,0,0,39
011250124071004,48,0,50,1,56,0,0,0,0,0,0,0,0,0,0,55,35,0,36,1,39,0,0,0,0,0,0,0,0,0,0,39
011250102062024,315,1,323,287,34,0,0,0,0,0,0,0,0,1,0,43,231,1,232,193,40,0,0,0,0,0,0,0,0,1,0,39
011250124042003,73,0,76,23,46,0,0,0,0,0,0,0,0,0,0,46,67,0,69,26,39,0,0,0,0,0,0,0,0,0,0,39
011250117032071,46,0,47,0,45,0,0,0,0,5,0,0,0,0,0,47,38,0,38,0,39,0,0,0,0,0,0,0,0,0,0,39
011250106033016,90,0,93,48,50,0,0,0,0,0,0,0,0,0,0,49,70,0,72,37,39,0,0,0,0,0,0,0,0,0,0,39
011250106033014,67,0,64,25,50,0,0,0,0,0,0,0,0,0,3,49,57,0,53,23,39,0,0,0,0,0,0,0,0,0,4,39
011250106033011,314,0,321,244,55,0,0,0,0,0,0,0,0,0,0,57,248,0,254,189,39,0,0,0,0,0,0,0,0,0,0,39
011250103033006,45,0,45,8,50,0,0,0,0,0,0,0,0,0,0,49,34,0,34,6,40,0,0,0,0,0,0,0,0,0,0,39
011250118003010,63,0,54,0,54,0,0,0,0,0,0,0,0,0,0,54,44,0,38,0,40,0,0,0,0,0,0,0,0,0,0,39
011250125041010,109,0,111,43,57,0,7,0,0,0,4,0,0,3,6,59,79,0,80,32,38,0,8,0,0,0,4,0,0,3,7,38
011250121013000,137,0,132,80,50,0,0,0,0,0,0,0,0,0,2,49,118,0,114,74,39,0,0,0,0,0,0,0,0,0,1,38
011250107041034,181,9,172,123,52,0,0,0,0,0,0,0,0,0,0,51,140,6,134,99,38,0,0,0,0,0,0,0,0,0,0,39
011250107041003,207,1,206,175,43,0,0,0,0,0,0,0,0,0,0,43,162,1,160,127,37,0,0,0,0,0,0,0,0,0,0,39
011250108032018,150,2,153,92,61,0,0,0,0,0,0,0,0,0,0,59,128,3,128,88,40,0,0,0,0,0,0,0,0,0,0,39
011250117011004,78,0,79,0,79,0,0,0,0,0,0,0,0,0,0,79,37,0,37,0,38,0,0,0,0,0,0,0,0,0,0,38
011250124042006,55,0,57,5,41,0,0,0,0,0,0,0,0,0,0,41,49,0,51,2,38,0,0,0,0,0,0,0,0,0,0,38
011250128001011,55,0,57,0,61,0,0,0,0,0,0,0,0,0,0,61,34,0,35,0,37,0,0,0,0,0,0,0,0,0,0,38
011250106032043,21,0,20,5,35,5,0,0,0,0,0,0,0,3,0,30,21,0,20,4,39,5,0,0,0,0,0,0,0,4,0,38
011250124061014,67,9,59,2,55,0,11,0,0,0,0,0,0,0,10,54,52,13,43,2,38,0,5,0,0,0,0,0,0,0,5,38
011250117032026,45,0,45,0,44,0,0,0,0,5,0,0,0,0,0,46,37,0,37,0,36,0,0,0,0,2,0,0,0,0,0,38
011250117032000,40,0,40,0,40,0,0,0,0,0,0,0,0,0,0,41,37,0,37,0,38,0,0,0,0,0,0,0,0,0,0,38
011250124062016,55,0,56,5,53,0,0,0,0,0,0,0,0,0,0,52,40,0,40,4,38,0,0,0,0,0,0,0,0,0,0,38
011250124062013,55,0,56,6,51,0,0,0,0,0,0,0,0,0,0,51,42,0,43,6,38,0,0,0,0,0,0,0,0,0,0,38
011250124062011,43,0,44,0,54,0,0,0,0,0,0,0,0,0,0,54,30,0,31,0,38,0,0,0,0,0,0,0,0,0,0,38
011250124062000,106,0,102,22,57,0,0,0,0,0,0,0,0,0,0,59,78,0,73,19,36,0,0,0,0,0,0,0,0,0,0,37
011250125031013,314,0,315,240,64,0,0,0,0,0,2,0,0,1,0,59,251,0,249,195,38,0,0,0,0,0,2,0,0,2,0,37
011250104031030,46,1,47,2,59,0,0,0,0,0,0,0,0,0,0,56,27,1,27,0,39,0,0,0,0,0,0,0,0,0,0,37
011250118003016,61,0,58,0,61,0,0,0,0,0,0,0,0,0,0,61,37,0,35,0,38,0,0,0,0,0,0,0,0,0,0,37
011250117011014,39,0,36,0,32,0,0,0,0,0,0,0,0,0,0,32,42,0,41,0,37,0,0,0,0,0,0,0,0,0,0,37
011250117011013,33,0,33,0,30,0,0,0,0,2,0,0,0,0,0,32,38,0,38,0,34,0,0,0,0,2,0,0,0,0,0,37
011250117032014,40,0,39,0,39,0,0,0,0,0,0,0,0,0,0,40,37,0,36,0,36,0,0,0,0,0,0,0,0,0,0,37
011250117032007,47,0,45,0,44,0,0,0,0,0,0,0,0,0,0,45,36,0,36,0,36,0,0,0,0,0,0,0,0,0,0,37
011250117031007,72,0,72,0,69,0,0,0,0,0,0,0,0,0,0,71,38,0,37,0,37,0,0,0,0,0,0,0,0,0,0,37
011250119022017,49,0,49,0,47,0,0,0,0,0,0,0,0,2,0,47,39,0,39,0,37,0,0,0,0,0,0,0,0,2,0,37
011250119022016,57,0,57,5,52,0,0,0,0,0,0,0,0,0,0,52,41,0,41,5,36,0,0,0,0,0,0,0,0,0,0,37
011250119022003,52,8,46,4,41,0,0,0,0,0,0,0,4,1,0,42,44,0,40,4,36,0,0,0,0,0,0,0,4,1,0,37
011250107041016,224,4,220,189,38,0,0,0,0,0,0,0,0,0,0,42,167,4,164,130,35,0,0,0,0,0,0,0,0,0,0,37
011250114013016,75,2,73,48,38,0,3,0,0,0,0,0,0,0,3,38,71,2,68,46,36,0,3,0,0,0,0,0,0,0,2,36
011250107072025,180,0,186,121,78,0,0,0,0,0,0,0,0,0,0,73,150,0,155,110,40,0,0,0,0,0,0,0,0,0,0,36
011250105001050,33,1,33,2,32,0,0,0,0,0,0,0,0,0,0,31,35,0,38,2,36,0,0,0,0,0,0,0,0,0,0,36
011250103041038,63,1,62,1,91,0,0,0,0,0,0,0,0,0,0,89,35,1,34,1,36,0,0,0,0,0,0,0,0,0,0,36
011250125011116,42,0,42,0,41,0,0,0,0,0,0,0,0,0,0,41,37,0,37,0,36,0,0,0,0,0,0,0,0,0,0,36
011250125011058,56,0,56,0,60,0,0,0,0,0,0,0,0,0,0,60,33,0,33,0,36,0,0,0,0,0,0,0,0,0,0,36
011250117033012,38,0,38,0,39,0,0,0,0,0,0,0,0,0,0,39,35,0,35,0,36,0,0,0,0,0,0,0,0,0,0,36
011250108031038,51,0,53,4,44,0,0,0,0,0,0,0,0,0,0,45,42,0,43,3,36,0,0,0,0,0,0,0,0,0,0,36
011250102052001,718,84,590,547,41,0,1,0,0,7,0,0,0,0,1,52,480,8,477,456,32,0,1,0,0,4,0,0,0,0,1,36
011250116003091,58,1,58,27,34,0,0,0,0,0,0,0,0,0,0,34,59,1,59,27,36,0,0,0,0,0,0,0,0,0,0,36
011250117032070,42,0,42,0,42,0,0,0,0,0,0,0,0,0,0,43,35,0,35,0,35,0,0,0,0,0,0,0,0,0,0,35
011250117032019,42,0,42,0,42,0,0,0,0,0,0,0,0,0,0,43,35,0,35,0,35,0,0,0,0,0,0,0,0,0,0,35
011250118003024,65,0,67,0,65,0,0,0,0,0,0,0,0,0,0,70,33,0,34,0,35,0,0,0,0,0,0,0,0,0,0,35
011250118003015,59,0,58,0,54,0,0,0,0,0,0,0,0,0,0,54,34,0,34,0,36,0,0,0,0,0,0,0,0,0,0,35
011250123042022,35,0,35,1,35,0,0,0,0,0,0,0,0,0,0,35,32,0,33,1,36,0,0,0,0,0,0,0,0,0,0,35
011250123042012,33,0,33,1,33,0,0,0,0,0,0,0,0,0,0,33,31,0,32,0,35,0,0,0,0,0,0,0,0,0,0,35
011250104032027,83,0,86,0,94,0,0,0,0,0,0,0,0,0,0,93,34,0,35,0,35,0,0,0,0,0,0,0,0,0,0,35
011250106033006,216,0,215,160,44,0,0,0,0,0,0,0,0,0,0,43,172,0,174,127,35,0,0,0,0,0,0,0,0,0,0,35
011250118001014,40,0,41,0,41,0,0,0,2,0,0,0,0,0,0,41,36,0,36,0,35,0,0,0,2,0,0,0,0,0,0,35
011250125041019,75,0,74,16,55,0,0,0,0,0,8,0,0,7,0,56,53,0,53,14,35,0,0,0,0,0,8,0,0,7,0,35
011250128002001,63,0,63,2,64,0,0,0,0,0,0,0,0,0,0,67,31,0,31,0,31,0,0,0,0,0,0,0,0,0,0,35
011250116001031,92,0,63,1,65,0,0,0,0,0,0,0,0,0,0,64,32,0,35,0,35,0,0,0,0,0,0,0,0,0,0,35
011250103041027,72,0,83,34,60,0,0,0,0,0,0,0,0,0,0,59,53,0,59,28,35,0,0,0,0,0,0,0,0,0,0,35
011250103041025,83,0,97,36,75,0,0,0,0,0,0,0,0,0,0,74,57,0,65,33,35,0,0,0,0,0,0,0,0,0,0,35
011250128001015,58,0,58,0,64,0,0,0,0,0,0,0,0,0,0,62,30,0,31,0,34,0,0,0,0,0,0,0,0,0,0,34
011250118003013,61,0,56,0,54,0,0,0,0,0,0,0,0,0,0,57,37,0,34,0,35,0,0,0,0,0,0,0,0,0,0,34
011250124081003,54,0,54,0,53,0,0,0,0,0,0,0,0,0,0,53,36,0,36,0,34,0,0,0,0,0,0,0,0,0,0,34
011250125032007,71,0,72,22,58,0,0,0,0,0,0,0,0,0,0,57,41,0,42,13,33,0,0,0,0,0,0,0,0,0,0,33
011250117031005,68,0,68,8,59,0,0,0,0,11,0,0,0,0,0,63,39,0,39,11,34,0,0,0,0,0,0,0,0,0,0,34
011250104032030,80,0,83,7,77,0,0,0,0,0,5,0,0,4,0,76,42,0,43,5,34,0,0,0,0,0,8,0,0,5,0,33
011250117032032,47,0,47,0,46,0,0,0,0,0,0,0,0,0,0,47,34,0,33,0,33,0,0,0,0,0,0,0,0,0,0,33
011250108042026,51,8,30,5,14,0,0,0,0,15,0,0,0,0,0,37,49,5,27,5,8,0,0,0,0,0,0,0,0,0,0,33
011250108042010,25,2,21,1,27,0,0,0,0,2,0,0,0,0,0,30,25,1,21,1,31,0,0,0,0,0,0,0,0,0,0,33
011250117012012,56,0,56,2,50,0,0,0,0,0,0,0,0,0,0,50,36,0,38,2,33,0,0,0,0,0,0,0,0,0,0,33
011250123071002,106,2,103,40,46,0,5,0,0,0,0,0,0,0,6,52,80,2,76,32,28,0,5,0,0,0,0,0,0,0,6,33
011250108021041,152,3,147,99,43,0,0,0,0,0,0,0,0,0,0,43,124,3,122,88,32,0,0,0,0,0,0,0,0,0,0,33
011250128001009,64,0,60,0,58,0,0,0,0,0,0,0,0,0,0,57,35,0,33,0,33,0,0,0,0,0,0,0,0,0,0,33
011250125042039,69,0,70,18,44,0,6,0,0,3,0,0,0,0,5,47,46,0,46,13,33,0,0,0,0,0,0,0,0,0,0,33
011250108032020,161,4,160,106,46,0,0,0,0,0,0,0,0,0,0,48,137,5,134,95,32,0,0,0,0,0,0,0,0,0,0,32
011250112002037,112,5,117,70,30,0,0,0,5,0,1,1,0,1,3,30,112,5,117,69,32,0,0,0,5,0,0,1,0,0,3,32
011250125011117,36,0,37,2,36,0,0,0,0,0,0,0,0,0,0,36,30,0,30,0,32,0,0,0,0,0,0,0,0,0,0,32
011250125011025,51,1,49,7,42,0,0,0,0,0,0,0,0,0,0,42,39,0,39,7,32,0,0,0,0,0,0,0,0,0,0,32
011250114013011,68,1,68,26,38,0,13,0,0,0,0,0,0,0,12,38,61,0,62,22,32,0,14,0,0,0,0,0,0,0,13,32
011250117032072,41,0,41,0,41,0,0,0,0,0,0,0,0,0,0,42,31,0,32,0,32,0,0,0,0,0,0,0,0,0,0,32
011250117032008,42,0,42,0,42,0,0,0,0,0,0,0,0,0,0,43,31,0,32,0,32,0,0,0,0,0,0,0,0,0,0,32
011250108022015,36,1,34,7,32,0,0,0,0,0,0,0,0,0,0,31,30,0,31,6,33,0,1,0,0,0,0,0,0,0,0,32
011250118003017,50,0,52,0,54,0,0,0,0,0,0,0,0,0,0,54,30,0,31,0,33,0,0,0,0,0,0,0,0,0,0,32
011250104052001,305,9,305,263,32,0,0,0,0,0,0,0,0,0,0,39,240,4,262,224,33,0,0,0,0,0,0,0,0,0,0,32
011250117033023,38,0,37,0,38,0,0,0,0,0,0,0,0,0,0,38,31,0,31,0,32,0,0,0,0,0,0,0,0,0,0,32
011250119021033,39,0,39,0,39,0,0,0,0,0,0,0,0,0,0,38,31,0,31,0,33,0,0,0,0,0,0,0,0,0,0,32
011250123062002,81,0,80,40,36,0,0,0,0,0,0,0,0,0,0,35,71,0,73,35,33,0,0,0,0,0,0,0,0,0,0,32
011250116001029,87,50,52,7,44,0,0,0,0,0,0,0,0,0,0,45,40,0,40,9,31,0,0,0,0,0,0,0,0,0,0,32
011250124071033,59,0,60,2,60,0,0,0,0,0,0,0,0,0,0,64,31,0,31,2,32,0,0,0,0,0,0,0,0,0,0,32
011250102061028,56,0,59,23,33,0,0,0,0,4,0,0,0,0,0,36,49,0,51,18,32,0,0,0,0,0,0,0,0,0,0,32
011250124062018,74,0,72,9,64,0,0,0,0,0,0,0,0,0,0,64,41,0,39,7,32,0,0,0,0,0,0,0,0,0,0,31
011250125032010,83,0,85,44,25,0,7,0,0,0,2,0,0,3,6,25,79,0,80,35,31,0,6,0,0,0,3,0,0,3,5,31
011250107042029,102,0,108,50,44,0,0,0,0,0,0,0,0,0,0,43,67,0,69,27,32,0,0,0,0,0,0,0,0,0,0,32
011250118002029,35,0,33,2,31,0,0,0,0,0,0,0,0,0,0,31,36,0,34,2,32,0,0,0,0,0,0,0,0,0,0,31
011250123052043,41,0,41,0,52,0,0,0,0,0,0,0,0,0,9,51,20,0,21,0,32,0,0,0,0,0,0,0,0,0,0,31
011250123061004,185,0,189,148,35,0,0,0,0,0,0,0,0,0,0,34,175,0,179,148,32,0,0,0,0,0,0,0,0,0,0,31
011250128002020,66,0,66,21,41,0,0,0,0,0,0,0,0,0,0,40,54,0,54,20,32,0,0,0,0,0,0,0,0,0,0,31
011250128002009,75,3,72,10,61,0,0,0,0,0,0,0,0,0,0,63,43,2,41,9,32,0,0,0,0,0,0,0,0,0,0,31
011250117032067,37,0,37,0,36,0,0,0,0,0,0,0,0,0,0,37,31,0,32,0,31,0,0,0,0,0,0,0,0,0,0,31
011250117032003,42,0,42,0,42,0,0,0,0,0,0,0,0,0,0,43,30,0,30,0,31,0,0,0,0,0,0,0,0,0,0,31
011250119013007,69,2,66,13,37,0,0,0,0,0,0,0,0,4,0,36,57,1,57,14,31,0,0,0,0,0,0,0,0,0,0,31
011250119011010,272,0,284,193,62,0,0,0,0,0,0,0,0,0,0,61,220,0,227,167,32,0,0,0,0,0,0,0,0,0,0,31
011250119011009,88,0,83,46,39,0,0,0,0,0,0,0,0,0,0,38,76,0,79,49,32,0,0,0,0,0,0,0,0,0,0,31
011250116001030,67,0,46,1,47,0,0,0,0,0,0,0,0,0,0,46,30,0,32,1,31,0,0,0,0,0,0,0,0,0,0,31
011250102062002,181,4,133,96,26,0,0,0,0,0,0,0,0,0,0,33,138,4,111,75,31,0,0,0,0,0,0,0,0,0,0,31
011250107052038,82,0,81,22,43,0,0,0,0,4,0,0,0,0,0,48,52,0,51,15,31,0,0,0,0,0,0,0,0,0,0,31
011250107052019,142,0,143,114,33,1,0,0,0,0,0,0,0,1,0,33,132,0,132,105,31,0,0,0,0,0,0,0,0,0,0,31
011250118003014,50,0,52,0,49,0,0,0,0,0,0,0,0,0,0,50,31,0,32,0,31,0,0,0,0,0,0,0,0,0,0,30
011250117012016,44,0,46,2,40,0,0,0,0,0,0,0,0,0,0,42,33,0,35,2,28,0,0,0,0,0,0,0,0,0,0,30
011250124033026,70,11,61,7,50,0,0,0,0,0,0,0,0,0,0,53,37,0,34,3,31,0,0,0,0,0,0,0,0,0,0,30
011250124033007,118,0,106,61,39,0,0,0,0,3,0,0,0,0,0,42,76,0,71,37,30,0,0,0,0,0,0,0,0,0,0,30
011250104072007,585,6,569,490,31,0,0,0,0,0,0,0,0,0,0,30,518,2,505,431,30,0,0,0,0,0,0,0,0,0,0,30
011250119012000,101,0,104,85,31,0,0,0,0,0,0,0,0,0,0,30,109,0,112,88,31,0,0,0,0,0,0,0,0,0,0,30
011250127002020,95,2,94,30,76,0,0,0,0,0,0,0,0,0,0,73,58,2,56,23,31,0,0,0,0,0,0,0,0,0,0,30
011250105001071,28,0,30,1,29,0,0,0,0,0,0,0,0,0,0,28,27,0,31,1,31,0,0,0,0,0,0,0,0,0,0,30
011250105001057,54,8,44,8,35,0,0,0,0,0,0,0,0,0,0,36,46,0,39,9,31,0,0,0,0,0,0,0,0,0,0,30
011250117033006,45,0,45,0,47,0,0,0,0,0,0,0,0,0,0,46,29,0,29,0,30,0,0,0,0,0,0,0,0,0,0,30
011250124031044,38,0,38,0,33,0,0,0,0,0,0,0,0,0,0,31,32,0,32,0,31,0,0,0,0,0,0,0,0,0,0,30
011250123063053,60,4,57,24,33,0,0,0,0,0,0,0,0,0,0,32,56,0,55,24,30,0,0,0,0,0,0,0,0,0,0,30
011250125041003,82,0,82,31,41,0,6,0,0,0,7,0,0,6,5,42,68,0,68,35,30,0,0,0,0,0,7,0,0,6,0,30
011250124041018,35,0,35,2,33,0,0,0,0,0,0,0,0,0,0,32,30,0,31,2,30,0,0,0,0,0,0,0,0,0,0,30
011250124041008,76,17,42,2,38,0,0,0,0,0,0,0,0,0,0,37,53,9,34,2,30,0,0,0,0,0,0,0,0,0,0,30
011250124062014,43,0,42,5,38,0,0,0,0,0,0,0,0,0,0,38,35,0,33,4,30,0,0,0,0,0,0,0,0,0,0,30
011250116001007,67,0,46,1,44,0,0,0,0,0,0,0,0,0,0,44,31,0,33,1,30,0,0,0,0,0,0,0,0,0,0,30
011250128002022,69,8,59,14,41,0,0,0,0,0,0,0,0,0,0,41,54,8,47,13,29,0,0,0,0,0,0,0,0,0,0,30
011250125011096,39,0,39,1,40,0,0,0,0,0,0,0,0,0,0,40,29,0,29,1,30,0,0,0,0,0,0,0,0,0,0,30
011250125011028,46,1,45,8,36,0,0,0,0,0,0,0,0,0,0,37,38,0,37,7,30,0,0,0,0,0,0,0,0,0,0,30
011250103032011,90,0,91,61,26,0,0,0,0,0,0,0,0,0,0,24,78,0,79,47,31,0,0,0,0,0,0,0,0,0,0,30
011250108041039,122,0,128,80,27,0,0,0,0,0,0,0,0,0,0,32,107,1,110,69,24,0,0,0,0,0,0,0,0,0,0,30
011250107051012,206,0,207,183,35,0,0,0,0,0,0,0,0,0,0,34,180,0,181,156,30,0,0,0,0,0,0,0,0,0,0,30
011250125052019,67,1,63,34,34,0,0,0,0,0,0,0,0,0,0,34,58,1,54,29,30,0,0,0,0,0,0,0,0,0,0,30
011250121021000,253,1,256,256,30,0,0,0,0,0,0,0,0,0,0,28,193,1,197,178,30,0,0,0,0,0,0,0,0,0,0,29
011250107052013,136,1,132,104,33,0,0,0,0,0,1,0,0,2,0,33,101,0,102,75,30,0,0,0,0,0,1,0,0,2,0,30
011250123053005,48,0,48,5,41,0,0,0,0,0,0,0,0,0,0,41,37,0,37,5,29,0,0,0,0,0,0,0,0,0,0,29
011250108042031,89,2,95,41,27,0,0,0,0,0,0,0,0,0,0,27,84,1,89,41,31,0,0,0,0,0,0,0,0,0,0,29
011250108042023,54,0,62,19,45,0,0,0,0,0,0,0,0,0,0,44,44,0,50,19,31,0,0,0,0,0,0,0,0,0,0,29
011250125032022,45,0,46,15,31,0,0,0,0,2,0,0,0,0,0,33,40,0,41,13,29,0,0,0,0,0,0,0,0,0,0,29
011250127001016,85,8,76,23,25,0,0,0,0,0,0,0,0,0,0,25,65,1,65,18,29,0,0,0,0,0,0,0,0,0,0,29
011250125041002,67,0,65,19,40,0,2,0,0,0,0,0,0,0,2,43,51,0,52,19,28,0,2,0,0,0,0,0,0,0,2,29
011250107031078,93,0,96,63,33,0,0,0,0,0,0,0,0,0,0,30,73,0,76,48,30,0,0,0,0,0,0,0,0,0,0,29
011250118003011,61,0,61,0,63,0,0,0,0,0,0,0,0,0,0,63,28,0,27,0,30,0,0,0,0,0,0,0,0,0,0,29
011250118003001,54,0,56,0,49,0,0,0,0,0,0,0,0,0,0,59,27,0,27,0,23,0,0,0,0,0,0,0,0,0,0,29
011250104031014,205,3,212,136,23,0,0,0,0,0,0,0,0,0,0,22,219,1,231,136,30,0,0,0,0,0,0,0,0,0,0,29
011250124042012,37,0,35,2,26,0,0,0,0,0,0,0,0,0,0,26,40,0,38,2,29,0,0,0,0,0,0,0,0,0,0,29
011250117032065,27,0,28,0,27,0,0,0,0,0,0,0,0,0,0,28,28,0,28,0,29,0,0,0,0,0,0,0,0,0,0,29
011250117032029,33,0,34,0,34,0,0,0,0,0,0,0,0,0,0,34,28,0,28,0,29,0,0,0,0,0,0,0,0,0,0,29
011250124082011,90,41,63,2,42,0,0,0,0,0,0,0,0,0,0,49,64,28,42,2,30,0,0,0,0,0,0,0,0,0,0,29
011250123052002,102,1,103,53,41,0,0,0,0,0,0,0,0,0,0,40,91,1,91,50,29,0,0,0,0,0,0,0,0,0,0,29
011250104032014,55,0,55,14,43,0,0,0,0,0,0,0,0,1,0,43,41,0,42,14,28,0,0,0,0,0,0,0,0,1,0,29
011250128002012,55,1,54,9,42,0,0,0,0,0,0,0,0,0,0,41,41,1,40,8,29,0,0,0,0,0,0,0,0,0,0,29
011250125011098,35,0,35,0,36,0,0,0,0,1,0,0,0,0,0,38,27,0,27,0,29,0,0,0,0,0,0,0,0,0,0,29
011250116002043,31,0,31,0,29,0,0,0,0,0,0,0,0,0,0,28,29,0,28,0,29,0,0,0,0,0,0,0,0,0,0,28
011250116002025,29,0,30,0,27,0,0,0,0,0,0,0,0,0,0,26,29,0,30,0,29,0,0,0,0,0,0,0,0,0,0,28
011250108021044,233,9,223,188,37,0,0,0,0,0,5,0,0,5,0,37,187,4,183,154,28,0,0,0,0,0,1,0,0,1,0,29
011250108021004,89,3,85,49,29,0,0,0,0,0,2,0,0,2,0,29,83,0,82,45,28,0,0,0,0,0,0,0,0,0,0,29
011250117031008,56,0,55,0,53,0,0,0,0,0,0,0,0,0,0,54,30,0,29,0,29,0,0,0,0,0,0,0,0,0,0,28
011250118001013,33,0,34,0,34,0,0,0,2,0,0,0,0,0,0,34,29,0,30,0,29,0,0,0,2,0,0,0,0,0,0,28
011250128001027,46,0,48,0,45,0,0,0,0,0,0,0,0,0,0,44,31,0,33,0,29,0,0,0,0,0,0,0,0,0,0,28
011250125042035,47,0,47,10,35,0,0,0,0,0,0,0,0,0,0,35,35,0,35,9,28,0,0,0,0,0,0,0,0,0,0,28
011250116003108,36,0,37,12,28,0,0,0,0,0,0,0,0,0,0,28,36,0,36,12,28,0,0,0,0,0,0,0,0,0,0,28
011250103041022,45,0,54,15,53,0,0,0,0,0,0,0,0,0,0,52,34,0,39,15,28,0,0,0,0,0,0,0,0,0,0,28
011250118002019,31,0,31,0,30,0,0,0,0,0,0,0,0,0,0,31,27,0,27,0,27,0,0,0,0,0,0,0,0,0,0,28
011250125052006,48,0,48,20,25,0,0,0,0,0,0,0,0,0,0,24,45,0,45,19,28,0,0,0,0,0,0,0,0,0,0,28
011250117032005,45,0,45,0,37,0,0,0,0,0,0,0,0,0,0,38,33,0,34,0,28,0,0,0,0,0,0,0,0,0,0,28
011250127001004,614,83,530,600,21,0,0,0,0,0,0,23,0,0,31,23,480,13,466,467,25,0,0,0,0,0,0,23,0,0,34,28
011250104051005,470,0,490,473,43,0,2,0,0,0,0,0,0,0,2,37,388,0,400,388,31,0,1,0,0,0,0,0,0,0,1,27
011250105001055,26,1,26,0,24,0,0,0,0,0,0,0,0,0,0,24,27,0,30,0,28,0,0,0,0,0,0,0,0,0,0,27
011250123042023,30,0,31,1,28,0,0,0,0,0,0,0,0,0,0,30,26,0,27,1,28,0,0,0,0,0,0,0,0,0,0,27
011250125031019,251,0,257,194,52,0,0,0,0,0,0,8,0,0,6,49,204,0,207,170,27,0,0,0,0,0,0,8,0,0,5,27
011250121011013,73,3,69,26,47,0,0,0,0,0,2,0,0,2,0,45,46,0,47,24,28,0,0,0,0,0,0,0,0,0,0,27
011250118002030,36,0,37,0,36,0,0,0,0,0,0,0,0,0,0,38,26,0,26,0,27,0,0,0,0,0,0,0,0,0,0,27
011250104033035,116,0,104,75,29,0,0,0,0,2,0,0,0,0,0,31,94,0,88,63,24,0,0,0,0,10,0,0,0,0,0,27
011250104033010,74,0,80,44,34,0,0,0,0,5,0,0,0,0,0,37,64,0,67,42,25,0,0,0,0,0,0,0,0,0,0,27
011250118004008,38,0,39,0,42,0,0,0,0,0,0,0,0,0,0,41,26,0,26,0,28,0,0,0,0,0,0,0,0,0,0,27
011250117032006,33,0,31,0,28,0,0,0,0,10,0,0,0,0,0,31,27,0,26,0,24,0,0,0,0,4,0,0,0,0,0,27
011250107062058,167,5,146,100,33,0,0,0,0,0,7,0,0,7,0,32,116,4,107,75,27,0,0,0,0,0,7,0,0,6,0,27
011250112002015,79,1,131,89,22,0,4,0,0,2,3,0,0,3,2,24,79,1,135,91,24,0,4,0,0,2,3,0,0,3,3,26
011250105001062,30,0,32,1,28,0,0,0,0,0,0,0,0,0,0,29,26,0,29,1,24,0,0,0,0,0,0,0,0,0,0,26
011250117033001,30,0,30,0,30,0,0,0,0,0,0,0,0,0,0,31,26,0,26,0,26,0,0,0,0,0,0,0,0,0,0,26
011250108021006,45,9,38,1,28,0,0,0,0,1,0,0,0,0,0,29,41,6,35,1,25,0,0,0,0,2,0,0,0,0,0,26
011250116003006,88,1,87,63,25,0,0,0,0,0,0,0,0,0,0,25,90,1,89,64,26,0,0,0,0,0,0,0,0,0,0,26
011250119022010,44,0,43,6,37,0,0,0,0,0,0,0,0,0,0,36,33,0,33,7,26,0,0,0,0,0,0,0,0,0,0,26
011250124071002,40,0,42,4,40,0,0,0,0,0,0,0,0,0,0,39,28,0,30,3,27,0,0,0,0,0,0,0,0,0,0,26
011250117011007,35,0,36,0,37,0,0,0,0,0,0,0,0,0,0,37,26,0,26,0,26,0,0,0,0,0,0,0,0,0,0,26
011250107041043,75,8,68,17,47,0,0,0,0,0,0,0,0,1,0,45,44,7,39,11,27,0,0,0,0,0,0,0,0,0,0,27
011250127003005,47,1,47,12,28,0,10,0,0,0,0,0,0,0,6,28,40,0,42,10,27,0,9,0,0,0,0,0,0,0,4,26
011250124042009,34,0,34,2,23,0,0,0,0,0,0,0,0,0,0,23,38,0,38,0,26,0,0,0,0,0,0,0,0,0,0,26
011250118002023,28,0,29,0,30,0,0,0,0,0,0,0,0,0,0,29,25,0,25,0,26,0,0,0,0,0,0,0,0,0,0,26
011250125033001,67,1,64,11,46,0,0,0,0,0,0,0,0,0,0,51,33,0,32,6,26,0,0,0,0,0,0,0,0,0,0,26
011250125052012,48,0,48,23,22,0,0,0,0,0,0,0,0,0,0,28,36,0,36,16,26,0,0,0,0,0,0,0,0,0,0,26
011250123063020,30,0,30,0,30,0,0,0,0,0,0,0,0,0,0,29,25,0,24,0,26,0,0,0,0,0,0,0,0,0,0,26
011250108042025,61,14,21,4,17,0,0,0,0,4,0,0,0,0,0,24,35,3,21,4,19,0,0,0,0,0,0,0,0,0,0,26
011250121022009,280,1,289,227,56,0,4,0,0,0,0,5,0,0,8,54,237,0,245,219,27,0,3,0,0,0,0,0,0,0,6,26
011250117012002,34,0,34,0,32,0,0,0,0,0,0,0,0,0,0,31,28,0,28,0,26,0,0,0,0,0,0,0,0,0,0,26
011250102012018,395,0,384,346,27,0,3,0,0,0,2,0,0,2,1,26,319,0,306,275,26,0,4,0,0,0,0,0,0,0,2,26
011250105002033,60,0,65,28,38,0,0,0,0,0,0,0,0,1,0,37,49,0,53,30,26,0,0,0,0,0,0,0,0,0,0,25
011250105002030,70,0,69,18,52,0,0,0,0,0,0,0,0,0,0,52,44,0,45,19,26,0,0,0,0,0,0,0,0,0,0,25
011250105001056,30,1,30,0,30,0,0,0,0,0,0,0,0,0,0,29,22,0,25,0,26,0,0,0,0,0,0,0,0,0,0,25
011250104071008,604,68,551,466,27,0,26,0,0,0,0,0,0,0,23,26,541,36,498,450,26,0,19,0,0,0,0,0,0,0,16,26
011250128001029,30,0,31,0,31,0,0,0,0,0,0,0,0,0,0,31,25,0,26,0,26,0,0,0,0,0,0,0,0,0,0,26
011250103031019,39,0,38,6,36,0,0,0,0,0,2,0,0,3,0,35,27,0,27,2,26,0,0,0,0,0,2,0,0,3,0,25
011250103031003,59,0,57,28,32,0,0,0,0,0,0,0,0,0,0,31,53,0,53,28,26,0,0,0,0,0,0,0,0,0,0,25
011250118004015,36,0,34,0,35,0,0,0,0,0,0,0,0,0,0,34,26,0,26,0,26,0,0,0,0,0,0,0,0,0,0,25
011250108022026,51,1,49,21,25,0,0,0,0,0,0,0,0,0,0,24,43,2,40,14,26,0,0,0,0,0,0,0,0,0,0,25
011250108022022,42,1,43,6,43,0,1,0,0,0,0,0,0,0,1,42,28,1,28,5,26,0,1,0,0,0,0,0,0,0,1,25
011250104032022,111,0,112,75,31,0,0,0,0,0,0,0,0,0,0,31,96,0,96,68,25,0,0,0,0,0,0,0,0,0,0,25
011250118002022,24,0,24,0,25,0,0,0,0,0,0,0,0,0,0,24,24,0,25,0,26,0,0,0,0,0,0,0,0,0,0,25
011250125032001,87,0,82,32,41,0,4,0,1,0,0,0,0,1,4,42,65,0,59,24,25,0,0,0,0,0,0,0,0,0,0,25
011250128002003,31,3,27,0,30,0,0,0,0,0,0,0,0,0,0,30,26,4,23,0,25,0,0,0,0,0,0,0,0,0,0,25
011250118001012,35,0,35,0,34,0,0,0,2,0,0,0,0,0,0,34,28,0,27,0,25,0,0,0,2,0,0,0,0,0,0,25
011250125011043,38,0,38,0,40,0,0,0,0,0,0,0,0,0,0,40,23,0,23,0,25,0,0,0,0,0,0,0,0,0,0,25
011250121012004,139,4,117,63,44,0,0,0,0,0,0,0,0,0,0,43,102,0,96,65,26,0,0,0,0,0,0,0,0,0,0,25
011250119012001,49,0,48,30,19,0,0,0,0,0,0,0,0,0,0,19,61,0,59,37,25,0,0,0,0,0,0,0,0,0,0,25
011250117011016,21,0,21,0,22,0,0,0,0,0,0,0,0,0,0,22,24,0,24,0,25,0,0,0,0,0,0,0,0,0,0,25
011250107073002,178,1,176,154,28,0,0,0,0,0,0,0,0,0,0,26,152,0,152,132,25,0,0,0,0,0,0,0,0,0,0,25
011250123071015,56,0,57,9,39,0,0,0,0,0,1,0,0,1,0,39,44,0,44,9,25,0,0,0,0,0,1,0,0,1,0,25
011250116003019,241,6,231,186,16,0,0,0,0,7,0,0,0,0,3,24,246,4,236,189,17,0,0,0,0,8,0,0,0,0,3,25
011250126002006,336,1,331,339,24,0,2,0,0,0,0,0,0,0,2,24,327,2,321,316,23,0,2,0,0,0,0,0,0,0,2,25
011250104031032,26,2,23,3,23,0,0,0,0,0,0,0,0,0,0,22,18,1,18,1,26,0,0,0,0,0,0,0,0,0,0,25
011250104031019,27,5,19,3,20,0,0,0,0,0,0,0,0,0,0,19,22,1,21,2,26,0,0,0,0,0,0,0,0,0,0,25
011250107063028,70,0,71,50,39,0,0,0,0,0,0,0,0,0,0,38,63,0,63,47,22,0,0,0,0,0,0,0,0,0,0,25
011250108031026,85,3,72,42,33,0,0,0,0,0,0,0,0,0,6,32,66,3,61,39,25,0,0,0,0,0,0,0,0,0,2,25
011250104041018,44,1,48,1,46,0,0,0,0,0,0,0,0,0,0,45,22,0,26,1,25,0,0,0,0,0,0,0,0,0,0,25
011250124033035,53,6,46,1,40,0,0,0,0,0,0,0,0,0,0,42,31,4,28,1,25,0,0,0,0,0,0,0,0,0,0,25
011250102052051,39,3,32,6,22,0,0,0,0,4,0,0,0,0,0,28,32,0,32,6,22,0,0,0,0,2,0,0,0,0,0,25
011250105001070,27,0,29,3,27,0,0,0,0,0,0,0,0,0,0,26,24,0,27,3,25,0,0,0,0,0,0,0,0,0,0,25
011250124081009,45,0,47,3,40,0,0,0,0,0,0,0,0,0,0,40,28,0,28,2,25,0,0,0,0,0,0,0,0,0,0,24
011250117032049,38,0,36,1,35,0,0,0,0,0,0,0,0,0,0,36,25,0,25,1,24,0,0,0,0,0,0,0,0,0,0,24
011250108021009,110,7,104,68,34,0,0,0,0,0,0,0,0,0,0,34,81,6,76,51,24,0,0,0,0,0,0,0,0,0,0,24
011250117031006,37,0,37,0,31,0,0,0,0,12,0,0,0,0,0,34,26,0,26,0,23,0,0,0,0,0,0,0,0,0,0,24
011250119022001,45,2,42,3,35,0,0,0,0,0,0,0,0,0,0,40,28,0,26,2,24,0,0,0,0,0,0,0,0,0,0,24
011250107041017,43,0,43,15,24,0,0,0,0,0,0,0,0,0,0,25,38,0,38,13,25,0,0,0,0,0,0,0,0,0,0,24
011250102044001,143,0,145,124,25,0,0,0,0,0,0,0,0,0,0,23,126,0,128,105,25,0,0,0,0,0,0,0,0,0,0,24
011250114011011,112,0,115,70,29,0,27,0,0,0,0,0,0,0,23,35,110,0,112,72,17,0,27,0,0,0,0,0,4,0,24,24
011250118003009,54,0,50,0,49,0,0,0,0,0,0,0,0,0,0,52,25,0,23,0,23,0,0,0,0,0,0,0,0,0,0,24
011250118003007,35,0,33,0,31,0,0,0,0,0,0,0,0,0,0,34,22,0,23,0,23,0,0,0,0,0,0,0,0,0,0,24
011250128001021,43,0,44,0,45,0,0,0,0,0,0,0,0,0,0,44,23,0,23,0,24,0,0,0,0,0,0,0,0,0,0,24
011250118004040,45,0,46,0,51,0,0,0,0,0,0,0,0,0,0,49,22,0,22,0,25,0,0,0,0,0,0,0,0,0,0,24
011250123041014,48,4,44,4,31,0,0,0,12,0,0,0,0,0,0,35,33,7,29,3,20,0,0,0,0,0,0,0,0,0,0,24
011250125011115,44,0,44,5,38,0,0,0,0,0,0,0,0,0,0,38,31,0,31,5,24,0,0,0,0,0,0,0,0,0,0,24
011250125011079,29,0,29,2,27,0,0,0,0,0,0,0,0,0,0,27,25,0,26,2,24,0,0,0,0,0,0,0,0,0,0,24
011250103042037,168,0,174,124,37,0,0,0,0,0,0,0,0,0,0,36,127,0,131,100,23,0,0,0,0,0,0,0,0,0,0,24
011250124033034,50,0,45,2,38,0,0,0,0,3,0,0,0,0,0,41,27,0,25,2,23,0,0,0,0,0,0,0,0,0,0,24
011250104041014,36,2,35,0,39,0,0,0,0,0,0,0,0,0,0,40,20,0,21,0,24,0,0,0,0,0,0,0,0,0,0,24
011250104041008,50,1,54,1,49,0,0,0,0,0,0,0,0,0,0,53,24,0,25,1,21,0,0,0,0,0,0,0,0,0,0,24
011250103033012,199,2,197,116,32,0,0,0,0,0,0,0,0,0,0,31,171,4,168,96,24,0,0,0,0,0,0,0,0,0,0,24
011250119012009,38,0,38,6,31,0,0,0,0,0,0,0,0,0,0,31,30,0,31,7,24,0,0,0,0,0,0,0,0,0,0,24
011250125033010,33,0,34,3,28,0,0,0,0,0,0,0,0,0,0,31,25,0,26,0,24,0,0,0,0,0,0,0,0,0,0,23
011250112002004,135,0,239,179,41,0,1,0,0,0,4,0,0,4,1,40,130,0,236,182,24,0,1,0,0,0,5,0,0,5,1,23
011250125041009,103,0,104,51,43,0,6,0,0,0,7,0,0,7,5,42,77,0,78,46,24,0,7,0,0,0,7,0,0,7,6,23
011250118001025,33,0,34,0,33,0,0,0,2,0,0,0,0,0,0,33,25,0,24,0,24,0,0,0,2,0,0,0,0,0,0,24
011250118002036,27,0,28,2,26,0,0,0,0,0,0,0,0,0,0,25,26,0,26,2,24,0,0,0,0,0,0,0,0,0,0,23
011250118002028,25,0,26,1,24,0,0,0,0,0,0,0,0,0,0,24,25,0,25,2,24,0,0,0,0,0,0,0,0,0,0,23
011250104042000,99,0,101,87,21,0,0,0,0,0,0,0,0,0,0,23,101,0,105,86,21,0,0,0,0,0,0,0,0,0,0,23
011250104032018,43,0,43,10,33,0,0,0,0,0,0,0,0,0,0,33,33,0,34,11,24,0,0,0,0,0,0,0,0,0,0,23
011250121022008,268,1,276,208,63,0,7,0,0,0,0,0,0,0,8,62,226,0,231,215,24,0,7,0,0,0,0,0,0,0,4,23
011250108022006,36,0,38,6,34,0,0,0,0,0,0,0,0,0,0,40,20,0,21,5,21,0,0,0,0,0,0,0,0,0,0,23
011250123042001,39,0,39,8,24,0,0,0,0,0,0,0,0,0,0,24,36,0,36,7,23,0,0,0,0,0,0,0,0,0,0,23
011250124031041,30,0,29,2,18,0,69,0,0,0,0,0,0,0,31,20,30,0,31,2,21,0,33,0,0,0,0,0,0,0,15,23
011250102031051,191,1,183,171,6,0,0,0,0,0,0,0,0,0,0,20,145,0,155,145,7,0,0,0,0,0,0,0,0,0,0,23
011250104033022,114,0,110,78,32,0,0,0,0,0,0,0,0,0,0,33,93,0,89,66,22,0,0,0,0,0,0,0,0,0,0,23
011250104033006,44,0,44,24,20,0,0,0,0,0,0,0,0,0,0,21,39,0,40,19,22,0,0,0,0,0,0,0,0,0,0,23
011250104033005,65,0,67,40,23,0,0,0,0,5,0,0,0,0,1,26,53,0,55,32,20,0,0,0,0,10,0,0,0,0,1,23
011250125011119,31,0,31,6,25,0,0,0,0,0,0,0,0,0,0,25,29,0,29,6,23,0,0,0,0,0,0,0,0,0,0,23
011250125011100,27,0,27,0,28,0,0,0,0,0,0,0,0,0,0,28,21,0,21,0,23,0,0,0,0,0,0,0,0,0,0,23
011250125011065,52,0,52,22,26,0,0,0,0,0,0,0,0,0,0,26,41,0,41,15,23,0,0,0,0,0,0,0,0,0,0,23
011250104031025,30,1,31,7,18,0,0,0,0,0,0,0,0,0,0,17,33,0,35,7,24,0,0,0,0,0,0,0,0,0,0,23
011250103031020,32,0,31,9,26,0,0,0,0,0,1,0,0,1,0,25,31,0,30,8,23,0,0,0,0,0,1,0,0,2,0,23
011250119021000,300,10,289,287,18,0,0,0,0,1,0,0,0,0,0,20,303,5,297,284,20,0,0,0,0,1,0,0,0,0,0,22
011250124071012,35,0,37,2,36,0,0,0,0,0,0,0,0,0,0,35,23,0,24,3,22,0,0,0,0,0,0,0,0,0,0,23
011250128001018,29,0,29,0,30,0,0,0,0,0,0,0,0,0,0,29,23,0,22,0,23,0,0,0,0,0,0,0,0,0,0,23
011250128001007,41,0,41,0,39,0,0,0,0,0,0,0,0,0,0,38,24,0,25,0,23,0,0,0,0,0,0,0,0,0,0,23
011250125051019,29,0,29,2,23,0,0,0,0,0,0,0,0,0,0,23,26,0,26,2,23,0,0,0,0,0,0,0,0,0,0,22
011250124062007,60,0,59,15,34,0,0,0,0,0,0,0,0,0,0,34,41,0,42,12,23,0,0,0,0,0,0,0,0,0,0,22
011250116002032,27,0,28,0,23,0,0,0,0,0,0,0,0,0,0,24,24,0,25,0,22,0,0,0,0,0,0,0,0,0,0,22
011250125042038,58,0,59,24,30,0,11,0,0,0,0,0,0,0,10,30,40,0,41,15,22,0,0,0,0,0,0,0,0,0,0,22
011250103032040,16,0,16,5,19,0,0,0,0,0,0,0,0,0,0,18,17,0,18,5,23,0,0,0,0,0,0,0,0,0,0,22
011250103032012,36,0,36,20,21,0,0,0,0,0,0,0,0,0,0,20,35,0,35,18,23,0,0,0,0,0,0,0,0,0,0,22
011250127003008,39,0,39,9,24,0,21,0,0,0,0,0,0,0,11,24,30,0,32,8,23,0,0,0,0,0,0,0,0,0,0,22
011250117032004,34,0,30,0,28,0,0,0,0,0,0,0,0,0,0,29,27,0,22,0,22,0,0,0,0,0,0,0,0,0,0,22
011250124041020,43,2,40,1,43,0,0,0,0,0,0,0,0,0,0,44,22,1,20,1,21,0,0,0,0,0,0,0,0,0,0,22
011250124082013,50,25,34,2,20,0,0,0,0,0,0,0,0,0,0,19,32,5,28,1,23,0,0,0,0,0,0,0,0,0,0,22
011250106042012,268,1,270,246,21,0,0,0,0,0,0,0,0,0,0,20,194,2,194,171,23,0,0,0,0,0,0,0,0,0,0,22
011250102052019,39,3,32,6,20,0,0,0,0,11,0,0,0,0,0,27,28,0,29,5,21,0,0,0,0,0,0,0,0,0,0,22
011250108042028,103,2,111,46,34,0,0,0,0,0,0,0,0,2,0,34,83,1,86,40,23,0,0,0,0,0,0,0,0,1,0,22
011250108042021,75,1,84,36,31,0,0,0,0,0,0,0,0,0,0,30,68,0,77,37,23,0,0,0,0,0,0,0,0,0,0,22
011250121022007,76,0,76,27,50,0,0,0,0,0,0,0,0,0,0,50,62,0,62,27,22,0,0,0,0,0,0,0,0,0,0,22
011250118001024,30,0,30,0,29,0,0,0,2,0,0,0,0,0,0,29,23,0,23,0,22,0,0,0,2,0,0,0,0,0,0,22
011250106031013,92,0,94,67,28,0,0,0,0,0,0,0,0,1,0,27,63,0,64,43,22,0,0,0,0,0,0,0,0,1,0,22
011250107073005,211,0,209,192,26,0,0,0,0,0,0,0,0,0,0,24,186,0,185,167,22,0,0,0,0,0,0,0,0,0,0,22
011250125041006,74,0,73,35,38,0,0,0,0,0,0,0,0,0,0,37,53,0,53,31,22,0,0,0,0,0,0,0,0,0,0,22
011250116002038,19,0,20,0,18,0,0,0,0,0,0,0,0,0,0,18,21,0,22,0,22,0,0,0,0,0,0,0,0,0,0,22
011250125011034,35,0,35,5,31,0,0,0,0,0,0,0,0,0,0,30,27,0,27,5,21,0,0,0,0,0,0,0,0,0,0,21
011250104033026,47,0,42,7,30,0,0,0,0,2,0,0,0,0,0,32,35,0,29,7,20,0,0,0,0,0,0,0,0,0,0,21
011250125042034,63,0,64,19,36,0,3,0,0,5,0,0,0,0,8,40,31,0,31,10,21,0,0,0,0,0,0,0,0,0,0,21
011250107041015,52,0,52,32,21,0,0,0,0,0,0,0,0,0,0,20,43,0,43,22,22,0,0,0,0,0,0,0,0,0,0,21
011250107063008,29,0,29,12,33,0,0,0,0,0,0,0,0,0,0,30,21,0,21,10,22,0,0,0,0,0,0,0,0,0,0,21
011250128001026,30,0,31,0,28,0,0,0,0,0,0,0,0,0,0,29,21,0,22,0,20,0,0,0,0,0,0,0,0,0,0,21
011250128001020,35,0,37,0,40,0,0,0,0,0,0,0,0,0,0,39,19,0,20,0,22,0,0,0,0,0,0,0,0,0,0,21
011250128001014,32,0,30,0,28,0,0,0,0,0,0,0,0,0,0,31,20,0,21,0,19,0,0,0,0,0,0,0,0,0,0,21
011250128001008,29,0,30,0,33,0,0,0,0,0,0,0,0,0,0,32,19,0,20,0,22,0,0,0,0,0,0,0,0,0,0,21
011250128001005,37,0,38,0,39,0,0,0,0,0,0,0,0,0,0,41,19,0,19,0,19,0,0,0,0,0,0,0,0,0,0,21
011250128001003,33,0,27,0,21,0,0,0,0,0,0,0,0,0,0,23,30,0,25,0,20,0,0,0,0,0,0,0,0,0,0,21
011250123042018,20,0,20,1,19,0,0,0,0,0,0,0,0,0,0,19,21,0,21,1,21,0,0,0,0,0,0,0,0,0,0,21
011250104041004,40,1,44,1,45,0,0,0,0,0,0,0,0,0,0,44,20,0,22,1,21,0,0,0,0,0,0,0,0,0,0,21
011250108031007,44,3,31,9,21,0,0,0,0,0,0,0,0,0,0,22,45,5,31,10,20,0,0,0,0,0,0,0,0,0,0,21
011250124062005,53,0,51,15,23,0,0,0,0,0,0,0,0,0,0,23,45,0,44,14,21,0,0,0,0,0,0,0,0,0,0,21
011250102012000,287,0,302,285,17,0,0,0,0,0,0,0,0,0,7,17,238,0,250,225,21,0,0,0,0,0,0,0,0,0,8,21
011250124032007,179,0,180,7,24,0,0,0,0,0,0,0,0,0,0,24,104,0,105,6,21,0,0,0,0,0,0,0,0,0,0,21
011250112001029,71,28,55,25,17,0,0,0,0,0,0,1,0,0,0,21,67,28,51,23,16,0,0,0,0,0,0,1,0,0,1,21
011250123053007,34,0,34,8,26,0,0,0,0,0,0,0,0,0,0,26,25,0,25,3,20,0,0,0,0,0,0,0,0,0,0,21
011250118002027,18,0,18,0,18,0,0,0,0,0,0,0,0,0,0,18,20,0,20,0,20,0,0,0,0,0,0,0,0,0,0,21
011250117033017,22,0,22,0,22,0,0,0,0,0,0,0,0,0,0,22,21,0,20,0,21,0,0,0,0,0,0,0,0,0,0,21
011250117033011,26,0,26,0,27,0,0,0,0,0,0,0,0,0,0,27,20,0,20,0,21,0,0,0,0,0,0,0,0,0,0,21
011250117012025,35,0,37,0,33,0,0,0,0,0,0,0,0,0,0,33,22,0,23,0,21,0,0,0,0,0,0,0,0,0,0,21
011250117012018,30,0,31,2,28,0,0,0,0,0,0,0,0,0,0,28,23,0,24,2,21,0,0,0,0,0,0,0,0,0,0,21
011250117012008,36,0,38,13,28,0,0,0,0,0,0,0,0,0,0,28,30,0,31,13,21,0,0,0,0,0,0,0,0,0,0,21
011250127003010,48,0,49,21,26,0,11,0,0,0,0,0,0,0,6,25,35,0,37,15,21,0,0,0,0,0,0,0,0,0,0,21
011250116002019,29,0,29,9,21,0,0,0,0,0,0,0,0,0,0,20,24,0,24,4,21,0,0,0,0,0,0,0,0,0,0,21
011250104032023,53,0,55,24,34,0,0,0,0,0,0,0,0,0,0,33,38,0,38,19,21,0,0,0,0,0,0,0,0,0,0,21
011250125041016,37,0,36,13,22,0,0,0,0,0,0,0,0,0,0,22,29,0,30,7,20,0,0,0,0,0,0,0,0,0,0,21
011250108022002,64,1,63,28,36,0,0,0,0,0,0,0,0,0,0,35,41,0,42,19,21,0,0,0,0,0,0,0,0,0,0,21
011250102051006,890,22,867,856,26,0,0,0,0,0,0,0,0,0,0,25,652,7,646,639,21,0,0,0,0,0,0,0,0,0,0,20
011250124033040,31,0,28,0,24,0,0,0,0,0,0,0,0,0,0,26,23,0,21,0,19,0,0,0,0,0,0,0,0,0,0,21
011250107052010,35,0,36,0,27,0,0,0,0,0,0,0,0,1,0,28,26,0,27,0,21,0,0,0,0,0,0,0,0,1,0,20
011250125011103,30,0,30,4,26,0,0,0,0,0,0,0,0,0,0,26,24,0,24,4,20,0,0,0,0,0,0,0,0,0,0,20
011250117031009,23,0,22,0,18,0,0,0,0,0,0,0,0,0,0,19,23,0,24,0,21,0,0,0,0,0,0,0,0,0,0,20
011250104042022,31,0,32,9,18,0,0,0,0,0,0,0,0,0,0,19,33,0,34,10,20,0,0,0,0,0,0,0,0,0,0,20
011250119013000,59,0,57,22,26,0,0,0,0,0,0,0,0,0,0,26,45,0,47,16,20,0,0,0,0,0,0,0,0,0,0,20
011250118001016,27,0,24,0,24,0,0,0,1,0,0,0,0,0,0,24,21,0,21,0,20,0,0,0,1,0,0,0,0,0,0,20
011250103042008,302,0,302,288,26,0,1,0,0,0,0,0,0,0,1,24,238,0,236,223,21,0,0,0,0,0,0,0,0,0,0,20
011250114013008,9,1,8,3,21,0,0,0,0,0,0,0,0,0,0,21,8,0,8,3,20,0,0,0,0,0,0,0,0,0,0,20
011250104051025,170,0,175,140,23,0,15,0,0,0,0,1,0,0,15,19,139,0,143,115,23,0,9,0,0,0,0,0,0,0,9,20
011250104033018,63,0,64,33,31,0,0,0,0,0,0,0,0,0,0,32,49,0,50,31,19,0,0,0,0,0,0,0,0,0,0,20
011250102062000,40,0,39,0,24,0,0,0,0,0,2,0,0,2,0,30,29,0,29,0,21,0,0,0,0,0,3,0,0,3,0,20
011250107031072,70,0,73,60,16,0,0,0,0,0,0,0,0,0,0,15,54,0,57,39,21,0,0,0,0,0,0,0,0,0,0,20
011250107061007,68,9,60,31,28,0,0,0,0,0,0,0,0,0,0,26,43,1,42,21,20,0,0,0,0,0,0,0,0,0,0,20
011250118004033,20,0,21,0,22,0,0,0,0,0,0,0,0,0,0,21,18,0,19,0,21,0,0,0,0,0,0,0,0,0,0,20
011250118004009,23,0,24,0,25,0,0,0,0,0,0,0,0,0,0,24,18,0,19,0,21,0,0,0,0,0,0,0,0,0,0,20
011250118002021,22,0,20,0,21,0,0,0,0,0,0,0,0,0,0,21,22,0,20,0,20,0,0,0,0,0,0,0,0,0,0,20
011250117032042,26,0,26,0,26,0,0,0,0,0,0,0,0,0,0,27,19,0,20,0,20,0,0,0,0,0,0,0,0,0,0,20
011250117032015,33,0,34,2,30,0,0,0,0,0,0,0,0,0,0,31,23,0,23,2,20,0,0,0,0,0,0,0,0,0,0,20
011250103032027,40,0,40,23,19,0,0,0,0,0,0,0,0,0,0,18,32,0,32,16,20,0,0,0,0,0,0,0,0,0,0,20
011250125051039,69,0,70,47,19,0,0,0,0,0,0,0,0,0,0,20,67,0,68,44,20,0,0,0,0,0,0,0,0,0,0,20
011250116002004,22,0,23,0,21,0,0,0,0,0,0,0,0,0,0,21,19,0,20,0,20,0,0,0,0,0,0,0,0,0,0,20
011250125033019,82,1,80,55,18,0,0,0,0,13,0,0,0,0,0,22,77,0,77,57,19,0,0,0,0,0,0,0,0,0,0,20
011250117033016,32,0,33,0,34,0,0,0,0,0,0,0,0,0,0,33,19,0,19,0,20,0,0,0,0,0,0,0,0,0,0,20
011250108031036,46,1,47,16,33,0,0,0,0,0,0,0,0,0,0,32,31,1,31,12,20,0,0,0,0,0,0,0,0,0,0,20
011250108031004,46,2,40,3,34,0,0,0,0,0,0,37,0,0,12,33,29,1,27,3,20,0,0,0,0,0,0,10,0,0,3,20
011250125041011,42,0,43,14,25,0,2,0,0,0,0,0,0,0,2,26,37,0,38,15,20,0,3,0,0,0,0,0,0,0,2,20
011250123051006,48,0,49,27,26,0,0,0,0,0,0,0,0,0,0,28,37,0,38,20,18,0,0,0,0,0,0,0,0,0,0,20
011250121011011,193,2,191,138,43,0,0,0,0,0,0,0,0,0,0,43,135,0,143,116,20,0,0,0,0,0,0,0,0,0,0,20
011250124042024,73,0,72,70,23,0,0,0,0,2,0,0,0,0,0,25,72,0,73,78,17,0,0,0,0,2,0,0,0,0,0,19
011250124062008,49,0,47,7,33,0,0,0,0,0,0,0,0,0,0,33,32,0,33,7,19,0,0,0,0,0,0,0,0,0,0,19
011250124062006,87,0,85,19,44,0,0,0,0,0,0,0,0,0,0,47,54,0,51,17,16,0,0,0,0,0,0,0,0,0,0,19
011250120021000,654,0,659,661,17,0,0,0,0,0,0,0,0,0,0,18,660,0,664,661,18,0,0,0,0,0,0,0,0,0,0,19
011250108021053,158,7,151,143,22,0,0,0,0,0,0,0,0,0,0,22,130,3,127,118,19,0,0,0,0,0,0,0,0,0,0,19
011250118003026,42,0,43,0,40,0,0,0,0,0,0,0,0,37,0,41,21,0,21,0,20,0,0,0,0,0,0,0,0,0,0,19
011250119021012,187,4,184,167,15,0,0,0,0,1,0,0,0,0,0,18,194,2,195,171,16,0,0,0,0,1,0,0,0,0,0,19
011250119022014,47,0,47,0,47,0,0,0,0,0,0,0,0,0,0,49,18,0,18,0,18,0,0,0,0,0,0,0,0,0,0,19
011250107041009,261,3,258,264,18,0,0,0,0,0,0,0,0,0,0,18,212,4,208,198,20,0,0,0,0,0,0,0,0,0,0,19
011250123052000,51,1,51,19,25,0,5,0,0,0,0,0,0,4,4,29,44,1,43,19,15,0,6,0,0,0,0,0,0,3,5,19
011250112001027,83,18,70,40,15,0,4,0,13,0,0,0,0,0,5,20,75,15,63,37,15,0,3,0,13,0,0,0,1,0,4,19
011250112001009,42,18,31,5,8,1,2,0,13,130,0,1,0,16,3,20,37,18,27,3,8,1,2,0,13,166,0,1,0,16,3,19
011250125011105,31,5,23,3,19,0,0,0,0,0,0,0,0,0,0,19,21,1,19,0,19,0,0,0,0,0,0,0,0,0,0,19
011250125011040,31,0,31,0,33,0,0,0,0,0,0,0,0,0,0,33,18,0,18,0,19,0,0,0,0,0,0,0,0,0,0,19
011250118001026,28,0,29,0,24,0,0,0,1,0,0,0,0,0,0,24,24,0,24,0,19,0,0,0,2,0,0,0,0,0,0,19
011250118002020,18,0,18,0,18,0,0,0,0,0,0,0,0,0,0,18,19,0,19,0,19,0,0,0,0,0,0,0,0,0,0,19
011250102061044,35,0,35,13,20,0,0,0,0,0,0,0,0,0,0,21,31,0,31,9,19,0,0,0,0,0,0,0,0,0,0,19
011250107031049,34,0,35,17,15,0,0,0,0,0,0,0,0,0,0,17,28,0,30,13,16,0,0,0,0,0,0,0,0,0,0,19
011250116002042,43,0,45,39,18,0,0,0,0,0,0,0,0,0,0,18,46,0,48,35,19,0,0,0,0,0,0,0,0,0,0,19
011250116002041,27,0,23,0,16,0,0,0,0,0,0,0,0,0,0,19,26,0,22,0,15,0,0,0,0,0,0,0,0,0,0,19
011250124031039,29,0,30,1,23,0,0,0,0,0,0,0,0,0,0,22,23,0,24,1,20,0,0,0,0,0,0,0,0,0,0,19
011250106032032,185,0,189,152,20,0,0,0,0,0,0,0,0,0,0,18,143,0,146,113,19,0,0,0,0,0,0,0,0,0,0,19
011250106032011,92,0,90,70,17,2,0,0,0,0,0,0,0,2,0,18,63,0,60,43,19,2,0,0,0,0,0,0,0,2,0,19
011250125032021,56,0,57,29,22,0,2,0,0,0,0,0,0,0,2,22,44,0,45,20,19,0,3,0,0,0,0,0,0,0,3,19
011250125032017,62,0,63,39,15,0,0,0,0,0,0,0,0,0,0,15,58,0,59,30,19,0,0,0,0,0,0,0,0,0,0,19
011250125032009,37,0,37,19,17,0,0,0,0,0,0,0,0,0,0,17,39,0,39,17,19,0,0,0,0,0,0,0,0,0,0,19
011250117032024,29,0,30,1,27,0,0,0,0,0,0,0,0,0,0,28,21,0,21,1,19,0,0,0,0,0,0,0,0,0,0,19
011250125041005,35,0,34,14,17,0,0,0,0,0,0,0,0,0,0,19,35,0,35,15,16,0,0,0,0,0,0,0,0,0,0,19
011250116001026,38,0,26,0,26,0,0,0,0,0,0,0,0,0,0,26,18,0,20,0,19,0,0,0,0,0,0,0,0,0,0,19
011250123053006,31,0,30,1,23,0,0,0,0,0,0,0,0,0,0,29,21,0,20,1,16,0,0,0,0,0,0,0,0,0,0,19
011250124042037,33,0,32,8,21,0,0,0,0,0,0,0,0,0,0,21,29,0,28,5,19,0,0,0,0,0,0,0,0,0,0,19
011250103041003,162,0,193,119,55,0,0,0,0,0,0,0,0,0,0,54,97,0,112,91,19,0,0,0,0,0,0,0,0,0,0,19
011250121012021,104,51,77,51,22,0,0,0,0,0,0,0,0,0,3,22,82,30,65,37,19,0,0,0,0,0,0,0,0,0,0,19
011250104031028,46,1,47,12,33,0,0,0,0,0,0,0,0,0,0,34,33,0,34,11,19,0,0,0,0,0,0,0,0,0,0,19
011250108031005,89,4,72,51,28,0,0,0,0,0,0,0,0,0,0,29,60,4,50,39,18,0,0,0,0,0,0,0,0,0,0,18
011250104041005,47,4,40,0,43,0,0,0,0,0,0,0,0,0,0,43,19,1,18,0,19,0,0,0,0,0,0,0,0,0,0,18
011250108042030,11,1,11,1,17,0,0,0,0,0,0,0,0,0,0,17,10,0,11,1,19,0,0,0,0,0,0,0,0,0,0,18
011250108042011,55,1,61,24,31,0,0,0,0,0,0,0,0,0,0,30,35,0,38,16,19,0,0,0,0,0,0,0,0,0,0,18
011250128001022,28,0,25,0,24,0,0,0,0,0,0,0,0,0,0,23,20,0,17,0,19,0,0,0,0,0,0,0,0,0,0,18
011250128001012,30,0,31,0,34,0,0,0,0,0,0,0,0,0,0,33,16,0,17,0,19,0,0,0,0,0,0,0,0,0,0,18
011250104051090,28,0,29,16,19,0,0,0,0,0,0,0,0,0,0,18,23,0,23,12,19,0,0,0,0,0,0,0,0,0,0,18
011250123061003,103,0,102,66,18,0,0,0,0,0,2,0,0,1,0,19,101,0,100,64,19,0,0,0,0,0,2,0,0,1,0,18
011250102031040,825,1,868,869,4,0,0,0,0,0,0,0,0,0,0,11,659,0,683,670,5,0,0,0,0,0,0,0,0,0,0,18
011250102061026,39,0,38,11,23,0,0,0,0,0,0,0,0,0,0,24,33,0,32,9,19,0,0,0,0,0,0,0,0,0,0,18
011250103031015,24,5,22,1,27,0,0,0,0,0,0,0,0,0,0,26,18,3,16,0,18,0,0,0,0,0,0,0,0,0,0,18
011250108032011,26,0,27,3,21,0,0,0,0,0,0,0,0,0,0,21,25,0,26,2,19,0,0,0,0,0,0,0,0,0,0,18
011250106042000,97,0,99,69,17,0,0,0,0,0,0,0,0,0,0,16,70,0,70,46,19,0,0,0,0,0,0,0,0,0,0,18
011250116002007,29,0,29,11,21,0,0,0,0,0,0,0,0,0,0,21,26,0,26,10,18,0,0,0,0,0,0,0,0,0,0,18
011250121011015,55,0,55,36,24,0,0,0,0,0,0,0,0,0,0,24,43,0,46,31,18,0,0,0,0,0,0,0,0,0,0,18
011250104043013,47,0,48,8,20,0,0,0,0,0,0,5,0,0,0,21,37,0,37,9,19,0,0,0,0,0,0,4,0,0,0,18
011250118001020,20,0,19,0,19,0,0,0,1,0,0,0,0,0,0,19,19,0,19,0,18,0,0,0,1,0,0,0,0,0,0,18
011250119021024,20,1,19,0,19,0,0,0,0,0,0,0,0,0,0,18,18,0,18,0,19,0,0,0,0,0,0,0,0,0,0,18
011250116001035,49,0,34,4,30,0,0,0,0,0,0,0,0,0,0,29,18,0,19,0,18,0,0,0,0,0,0,0,0,0,0,18
011250105002023,50,0,52,13,34,0,0,0,0,0,0,0,0,0,0,40,31,0,31,13,18,0,0,0,0,0,0,0,0,0,0,18
011250119011004,25,0,26,12,17,0,0,0,0,0,0,0,0,0,0,16,26,0,27,13,18,0,0,0,0,0,0,0,0,0,0,18
011250123041005,53,1,51,35,19,0,0,0,0,0,0,0,0,0,0,19,51,0,50,37,18,0,0,0,0,0,0,0,0,0,0,18
011250107063039,16,0,17,11,16,0,0,0,0,0,0,0,0,0,0,15,16,0,17,11,18,0,0,0,0,0,0,0,0,0,0,18
011250124031045,22,0,23,1,19,0,0,0,0,0,0,0,0,0,0,19,19,0,20,1,18,0,0,0,0,0,0,0,0,0,0,18
011250118003018,33,0,30,0,31,0,0,0,0,0,0,0,0,0,0,32,16,0,17,0,18,0,0,0,0,0,0,0,0,0,0,18
011250112002023,9,0,14,1,22,0,0,0,0,0,0,0,0,0,0,22,6,0,11,1,18,0,0,0,0,0,0,0,0,0,0,18
011250106031005,238,0,238,214,26,0,0,0,0,0,0,0,0,1,0,26,176,0,178,161,18,0,0,0,0,0,0,0,0,1,0,18
011250124081008,52,0,51,3,47,0,0,0,0,0,0,0,0,0,0,47,23,0,22,2,17,0,0,0,0,0,0,0,0,0,0,17
011250103042012,71,0,72,36,26,0,0,0,0,0,0,0,0,0,0,25,52,0,53,26,18,0,0,0,0,0,0,0,0,0,0,17
011250103032034,58,0,58,33,24,0,0,0,0,0,1,0,0,1,0,22,55,0,55,33,18,0,0,0,0,0,0,0,0,0,0,17
011250118002032,29,0,30,6,23,0,0,0,0,0,0,0,0,0,0,22,24,0,25,5,18,0,0,0,0,0,0,0,0,0,0,17
011250107052006,89,0,88,83,13,0,0,0,0,1,0,0,5,1,0,15,74,0,74,63,15,0,0,0,0,0,0,0,2,1,0,17
011250118004042,27,0,26,0,23,0,0,0,0,0,0,0,0,0,0,24,21,0,20,0,17,0,0,0,0,0,0,0,0,0,0,17
011250118004030,26,0,28,0,29,0,0,0,0,0,0,0,0,0,0,28,16,0,16,0,18,0,0,0,0,0,0,0,0,0,0,17
011250108031012,59,3,48,26,26,0,0,0,0,0,0,0,0,0,0,25,48,3,39,26,18,0,0,0,0,0,0,0,0,0,0,17
011250116002044,21,0,22,3,17,0,0,0,0,0,0,0,0,0,0,17,21,0,22,3,18,0,0,0,0,0,0,0,0,0,0,17
011250119022018,44,0,43,0,41,0,0,0,0,0,0,0,0,0,0,45,16,0,17,0,17,0,0,0,0,0,0,0,0,0,0,17
011250107041020,53,0,53,36,18,0,0,0,0,0,0,0,0,0,0,18,47,0,46,29,18,0,0,0,0,0,0,0,0,0,0,17
011250104042018,33,0,33,18,14,0,0,0,0,0,0,0,0,0,0,14,31,0,30,10,17,0,0,0,0,0,0,0,0,0,0,17
011250104061009,276,0,277,258,24,0,0,0,0,0,1,0,0,1,4,20,159,0,160,150,18,0,0,0,0,0,0,0,0,0,0,17
011250117011017,31,0,30,0,26,0,0,0,0,0,0,0,0,0,0,26,22,0,22,0,17,0,0,0,0,0,0,0,0,0,0,17
011250104032021,67,0,70,46,22,0,0,0,0,0,0,0,0,0,0,23,60,0,62,45,17,0,0,0,0,0,0,0,0,0,0,17
011250117012014,28,1,23,0,20,0,0,0,0,0,0,0,0,0,0,20,26,1,20,0,17,0,0,0,0,0,0,0,0,0,0,17
011250116003001,179,2,179,161,16,0,0,0,0,0,0,0,0,0,0,16,184,1,184,163,17,0,0,0,0,0,0,0,0,0,0,17
011250105001060,18,0,19,4,15,0,0,0,0,0,0,0,0,0,0,15,17,0,20,3,17,0,0,0,0,0,0,0,0,0,0,17
011250127002019,88,12,72,33,39,0,0,0,0,0,0,0,0,0,0,38,47,11,38,18,18,0,0,0,0,0,0,0,0,0,0,17
011250127002015,75,4,72,26,48,0,0,0,0,0,0,13,0,0,3,47,48,5,43,25,18,0,0,0,0,0,0,0,0,0,0,17
011250125041004,33,0,34,6,24,0,3,0,0,0,0,0,0,0,3,24,23,0,23,2,16,0,4,0,0,0,0,0,0,0,4,17
011250104052018,166,80,80,43,26,0,0,0,0,0,0,0,0,0,0,32,96,25,55,36,17,0,0,0,0,0,0,0,0,0,0,17
011250116001016,46,14,29,8,20,0,0,0,0,0,0,0,0,0,0,20,23,0,23,7,17,0,0,0,0,0,0,0,0,0,0,17
011250107061008,212,17,195,165,18,0,0,0,0,0,0,0,0,0,0,24,164,7,159,134,17,0,0,0,0,0,0,0,0,0,0,17
011250123052015,53,1,51,20,16,0,10,0,0,0,0,0,0,0,9,15,55,2,53,21,17,0,11,0,0,0,0,0,0,0,11,17
011250125032028,39,0,36,19,12,0,2,0,0,1,0,0,0,0,2,13,37,0,38,17,15,0,0,0,0,3,0,0,0,0,0,17
011250125032002,80,0,81,40,17,0,22,0,1,0,0,0,0,0,19,17,69,0,70,28,17,0,29,0,0,0,0,0,0,0,26,17
011250106031004,143,0,144,124,20,0,0,0,0,0,0,0,0,1,0,21,111,0,112,95,17,0,0,0,0,0,0,0,0,1,0,17
011250127003026,43,2,42,16,21,0,0,0,0,0,0,0,0,0,17,20,35,1,35,13,17,0,0,0,0,0,0,0,0,0,13,17
011250125011097,18,0,18,1,17,0,0,0,0,0,0,0,0,0,0,16,18,0,18,1,17,0,0,0,0,0,0,0,0,0,0,17
011250125011077,15,0,15,0,16,0,0,0,0,0,0,0,0,0,0,16,16,0,16,0,17,0,0,0,0,0,0,0,0,0,0,17
011250125011038,17,1,15,0,16,0,0,0,0,0,0,0,0,0,0,16,16,0,16,0,17,0,0,0,0,0,0,0,0,0,0,17
011250125011032,17,0,17,0,18,0,0,0,0,0,0,0,0,0,0,18,16,0,16,0,17,0,0,0,0,0,0,0,0,0,0,17
011250117032058,20,0,20,1,19,0,0,0,0,0,0,0,0,0,0,19,17,0,17,1,17,0,0,0,0,0,0,0,0,0,0,17
011250124071041,36,0,37,5,31,0,0,0,0,0,0,0,0,0,0,31,23,0,24,5,17,0,0,0,0,0,0,0,0,0,0,17
011250107062078,23,0,20,1,14,0,0,0,0,0,3,0,0,2,0,13,21,0,19,1,17,0,0,0,0,0,3,0,0,3,0,17
011250104031031,165,2,171,111,11,0,0,0,0,0,0,0,0,0,0,13,192,2,200,120,15,0,0,0,0,0,0,0,0,0,0,16
011250104031015,42,2,42,22,11,0,0,0,0,0,0,0,0,0,0,12,48,1,48,24,15,0,0,0,0,0,0,0,0,0,0,16
011250118002035,18,0,19,0,19,0,0,0,0,0,0,0,0,0,0,19,16,0,16,0,17,0,0,0,0,0,0,0,0,0,0,17
011250118002026,20,0,20,3,17,0,0,0,0,0,0,0,0,0,0,17,20,0,20,3,17,0,0,0,0,0,0,0,0,0,0,17
011250121022000,161,1,160,117,39,0,2,0,0,0,0,3,0,0,4,39,131,0,129,109,16,0,2,0,0,0,0,0,0,0,3,16
011250108021056,89,0,88,58,23,0,0,0,0,0,0,0,0,0,0,23,68,0,68,44,16,0,0,0,0,0,0,0,0,0,0,16
011250108021045,47,5,42,17,19,0,0,0,0,0,3,0,0,3,0,19,37,4,33,9,16,0,0,0,0,0,1,0,0,1,0,16
011250117031003,23,0,23,0,22,0,0,0,0,0,0,0,0,0,0,23,17,0,17,0,16,0,0,0,0,0,0,0,0,0,0,16
011250107041022,63,0,63,42,21,0,0,0,0,0,0,0,0,0,0,22,48,0,47,32,17,0,0,0,0,0,0,0,0,0,0,16
011250107041000,42,0,42,23,20,0,0,0,0,0,0,0,0,0,0,19,31,0,31,14,17,0,0,0,0,0,0,0,0,0,0,16
011250104032006,59,0,56,29,21,0,0,0,0,0,2,0,0,1,0,21,50,0,48,29,16,0,0,0,0,0,0,0,0,0,0,16
011250114013012,88,0,90,69,17,0,2,0,0,0,0,0,0,0,2,17,89,0,90,70,16,0,2,0,0,0,0,0,0,0,2,16
011250123043011,44,0,44,40,15,0,12,0,0,0,0,0,0,0,8,16,47,0,48,40,15,0,13,0,0,0,0,0,0,0,9,16
011250125033002,51,0,51,25,20,0,0,0,0,0,0,0,0,0,0,21,36,1,35,13,16,0,0,0,0,0,0,0,0,0,0,16
011250105001063,13,0,14,0,14,0,0,0,0,0,0,0,0,0,0,14,14,0,16,0,16,0,0,0,0,0,0,0,0,0,0,16
011250118003020,27,0,28,0,22,0,0,0,0,0,0,0,0,0,0,25,18,0,18,0,16,0,0,0,0,0,0,0,0,0,0,16
011250107031048,237,0,238,236,15,0,0,0,0,0,0,0,0,0,0,14,193,0,193,180,17,0,0,0,0,0,0,0,0,0,0,16
011250107072029,21,0,21,10,17,0,0,0,0,0,0,0,0,0,0,16,18,0,19,8,18,0,0,0,0,0,0,0,0,0,0,16
011250107072026,28,0,29,18,17,0,0,0,0,0,0,0,0,0,0,16,25,0,26,17,18,0,0,0,0,0,0,0,0,0,0,16
011250118004036,26,0,28,0,30,0,0,0,0,0,0,0,0,0,0,29,15,0,15,0,17,0,0,0,0,0,0,0,0,0,0,16
011250118004035,16,0,16,0,17,0,0,0,0,0,0,0,0,0,0,17,16,0,15,0,17,0,0,0,0,0,0,0,0,0,0,16
011250119021042,22,0,23,0,22,0,0,0,0,0,0,0,0,0,0,22,15,0,16,0,16,0,0,0,0,0,0,0,0,0,0,16
011250119021023,25,3,22,1,22,0,0,0,0,0,0,0,0,0,0,21,16,0,16,1,16,0,0,0,0,0,0,0,0,0,0,16
011250116001021,40,0,27,4,19,0,0,0,0,0,0,0,0,0,0,19,19,0,21,4,16,0,0,0,0,0,0,0,0,0,0,16
011250117012024,31,0,33,8,24,0,0,0,0,0,0,0,0,0,0,24,23,0,24,9,16,0,0,0,0,0,0,0,0,0,0,16
011250117012004,113,4,95,112,17,0,0,0,0,0,0,0,0,0,0,16,112,4,95,115,16,0,0,0,0,0,1,0,0,0,0,16
011250118001019,25,0,26,0,25,0,0,0,1,0,0,0,0,0,0,25,17,0,17,0,16,0,0,0,1,0,0,0,0,0,0,16
011250106032014,171,0,175,143,14,0,16,0,0,0,2,0,0,2,6,13,123,0,126,96,16,0,16,0,0,0,2,0,0,2,11,16
011250106032001,86,0,83,59,20,0,31,0,0,0,0,0,0,0,13,23,64,0,60,41,16,0,31,0,0,0,0,0,0,0,22,16
011250127002014,172,6,167,110,50,0,0,0,0,0,0,0,0,0,0,49,108,0,106,94,16,0,0,0,0,0,0,0,0,0,0,16
011250127002007,111,7,103,66,30,0,0,0,0,0,0,0,0,0,5,29,76,7,69,56,16,0,0,0,0,0,0,0,0,0,0,16
011250102051009,266,5,262,243,18,0,0,0,0,0,0,0,0,0,0,18,218,0,220,202,15,0,0,0,0,0,0,0,0,0,0,15
011250104042002,28,0,29,6,16,0,0,0,0,0,0,0,0,10,0,17,25,0,26,6,14,0,0,0,0,0,0,0,0,10,0,16
011250125011024,23,0,23,3,21,0,0,0,0,0,0,0,0,0,0,21,18,0,18,2,15,0,0,0,0,0,0,0,0,0,0,15
011250117032043,15,0,15,0,15,0,0,0,0,0,0,0,0,0,0,15,15,0,15,0,15,0,0,0,0,0,0,0,0,0,0,15
011250124082015,26,3,23,1,18,0,0,0,0,0,0,0,0,0,0,17,24,2,22,1,16,0,0,0,0,0,0,0,0,0,0,15
011250119011013,44,0,43,17,35,0,0,0,0,0,0,0,0,0,0,34,33,0,31,18,16,0,0,0,0,0,0,0,0,0,0,16
011250123063027,48,2,45,30,15,0,0,0,0,0,0,0,0,0,1,15,52,3,49,30,16,0,0,0,0,0,0,0,0,0,1,15
011250123063015,26,2,24,10,14,0,0,0,0,0,0,0,0,0,0,14,25,3,23,8,16,0,0,0,0,0,0,0,0,0,0,15
011250104063037,141,0,140,73,39,0,0,0,0,0,0,0,0,0,1,39,87,0,89,52,14,0,0,0,0,0,0,0,0,0,0,15
011250119021022,23,0,24,2,22,0,0,0,0,0,0,0,0,0,0,21,17,0,17,2,16,0,0,0,0,0,0,0,0,0,0,15
011250107041007,48,2,46,27,19,0,0,0,0,0,0,0,0,0,0,18,42,3,40,26,16,0,0,0,0,0,0,0,0,0,0,15
011250127003025,41,2,39,29,12,0,0,0,0,0,0,0,0,0,0,14,36,0,38,24,13,0,0,0,0,0,0,0,0,0,0,15
011250127003000,23,1,22,1,16,0,0,0,0,0,0,0,0,0,0,16,18,0,19,1,15,0,0,0,0,0,0,0,0,0,0,15
011250127001013,47,10,38,2,15,0,0,0,0,0,0,17,0,0,3,14,33,2,30,2,16,0,0,0,0,0,0,17,0,0,3,15
011250117033020,16,0,15,0,16,0,0,0,0,0,0,0,0,0,0,16,15,0,15,0,15,0,0,0,0,0,0,0,0,0,0,15
011250121011007,65,16,49,20,35,0,0,0,0,0,0,0,0,0,0,34,43,0,32,16,15,0,0,0,0,0,0,0,0,0,0,15
011250124071043,32,0,32,6,23,0,0,0,0,0,0,0,0,0,0,22,23,0,24,6,15,0,0,0,0,0,0,0,0,0,0,15
011250107031145,50,0,50,28,22,0,0,0,0,0,0,0,0,0,0,20,40,0,39,26,16,0,0,0,0,0,0,0,0,0,0,15
011250107031136,70,0,70,56,17,0,0,0,0,0,0,0,0,0,0,16,53,0,51,38,16,0,0,0,0,0,0,0,0,0,0,15
011250125041017,63,0,58,30,24,0,2,0,0,0,0,0,0,0,3,23,49,0,43,25,15,0,3,0,0,0,0,0,0,0,2,15
011250116001020,29,0,20,2,18,0,0,0,0,0,0,0,0,0,0,18,16,0,17,2,15,0,0,0,0,0,0,0,0,0,0,15
011250116001008,35,0,24,0,25,0,0,0,0,0,0,0,0,0,0,25,14,0,15,0,15,0,0,0,0,0,0,0,0,0,0,15
011250103022044,172,10,154,129,9,0,0,0,0,0,0,0,0,1,0,13,139,6,125,106,14,0,0,0,0,0,0,0,0,1,0,15
011250103022006,9,1,6,2,8,4,0,0,0,0,0,0,0,0,0,13,9,1,6,2,14,4,0,0,0,0,0,0,0,0,0,15
011250104041012,26,1,25,0,28,0,0,0,0,0,0,0,0,0,0,27,14,0,13,0,15,0,0,0,0,0,0,0,0,0,0,15
011250103032058,10,0,9,0,15,0,0,0,0,0,0,0,0,0,0,16,8,0,8,0,13,0,0,0,0,0,0,0,0,1,0,15
011250103032013,51,0,51,28,23,0,0,0,0,0,0,0,0,0,0,28,44,0,44,27,15,0,0,0,0,0,0,0,0,0,0,15
011250126002017,29,0,26,3,13,0,0,0,0,0,0,0,0,0,0,14,24,0,21,0,14,0,0,0,0,0,0,0,0,0,0,15
011250125033020,86,1,81,44,27,0,0,0,0,0,2,0,0,2,0,30,50,1,49,33,15,0,0,0,0,0,2,0,0,2,0,15
011250108031025,52,1,48,31,21,0,0,0,0,0,0,0,0,0,0,22,42,2,36,26,15,0,0,0,0,0,0,0,0,0,0,15
011250108031023,45,0,46,16,29,0,0,0,0,0,0,0,0,0,0,29,33,1,32,17,15,0,0,0,0,0,0,0,0,0,0,15
011250108031002,30,0,30,0,22,0,0,0,0,0,0,0,0,0,0,24,20,0,20,0,14,0,0,0,0,0,0,0,0,0,0,15
011250107061006,50,4,46,24,21,0,0,0,0,0,0,0,0,0,0,20,39,2,37,22,15,0,0,0,0,0,0,0,0,0,0,15
011250108042035,51,1,53,24,14,0,0,0,0,0,0,0,0,0,0,13,43,0,48,23,16,0,0,0,0,0,0,0,0,0,0,15
011250108042032,74,0,84,31,27,0,0,0,0,4,0,0,0,3,0,34,60,0,68,30,15,0,0,0,0,0,0,0,0,1,0,15
011250108042024,14,1,11,1,14,0,0,0,0,0,0,0,0,1,0,13,8,0,9,0,15,0,0,0,0,0,0,0,0,0,0,15
011250125032019,24,0,22,5,12,0,11,0,0,0,0,0,0,0,10,12,21,0,21,3,15,0,15,0,0,0,0,0,0,0,13,15
011250125032013,58,0,59,35,12,0,5,0,0,0,0,0,0,0,4,12,55,0,56,29,15,0,6,0,0,0,0,0,0,0,5,15
011250125032005,30,0,31,6,24,0,5,0,0,1,2,0,0,1,4,25,14,0,14,2,15,0,0,0,0,0,3,0,0,2,0,15
011250116002008,25,0,24,18,12,0,0,0,0,0,0,0,0,0,0,12,24,0,22,10,15,0,0,0,0,0,0,0,0,0,0,15
011250118004013,19,0,20,0,22,0,0,0,0,0,0,0,0,0,0,21,13,0,14,0,15,0,0,0,0,0,0,0,0,0,0,15
011250104051027,455,1,469,432,23,0,15,0,0,0,1,0,0,1,14,23,336,0,346,318,12,0,9,0,0,0,1,0,0,1,9,15
011250102041016,124,0,126,103,19,0,0,0,0,0,0,0,0,0,0,18,88,0,89,70,15,0,0,0,0,0,0,0,0,0,0,15
011250103041028,52,1,55,30,24,0,0,0,0,0,0,0,0,0,0,24,29,0,31,18,15,0,0,0,0,0,0,0,0,0,0,15
011250103041020,39,0,46,19,33,0,0,0,0,0,0,0,0,0,0,33,28,0,32,19,15,0,0,0,0,0,0,0,0,0,0,15
011250125051048,40,0,40,28,13,0,0,0,0,0,0,0,0,0,0,13,43,0,44,29,15,0,0,0,0,0,0,0,0,0,0,15
011250125051020,67,0,66,50,12,0,0,0,0,0,0,0,0,0,0,15,63,0,63,45,15,0,0,0,0,0,0,0,0,0,0,15
011250125051018,16,0,16,4,11,0,0,0,0,0,0,0,0,0,0,11,14,0,14,0,15,0,0,0,0,0,0,0,0,0,0,14
011250125042033,39,0,38,13,21,0,5,0,0,0,0,0,0,0,5,22,23,0,22,6,15,0,0,0,0,0,0,0,0,1,0,15
011250102044007,166,0,172,155,12,0,0,0,0,0,0,0,0,0,0,15,144,0,147,127,15,0,0,0,0,0,0,0,0,0,0,15
011250117011015,17,0,16,0,16,0,0,0,0,0,0,0,0,0,0,16,14,0,14,0,14,0,0,0,0,0,0,0,0,0,0,14
011250117032023,14,0,14,0,14,0,0,0,0,0,0,0,0,0,0,14,14,0,14,0,14,0,0,0,0,0,0,0,0,0,0,14
011250106043028,19,0,20,7,9,0,0,0,0,0,0,0,0,0,0,7,23,0,23,9,14,0,0,0,0,0,0,0,0,0,0,14
011250118001029,22,0,23,0,21,0,0,0,1,0,0,0,0,0,0,21,16,0,16,0,14,0,0,0,1,0,0,0,0,0,0,14
011250105001061,17,0,18,2,17,0,0,0,0,0,0,0,0,0,0,16,13,0,15,1,14,0,0,0,0,0,0,0,0,0,0,14
011250105001033,28,2,26,9,18,0,0,0,0,0,0,0,0,0,0,18,22,0,22,8,14,0,0,0,0,0,0,0,0,0,0,14
011250105001032,35,1,36,12,21,0,0,0,0,0,0,0,0,0,0,23,26,0,27,13,14,0,0,0,0,0,0,0,0,0,0,14
011250105001007,22,2,20,7,13,0,0,0,0,0,0,0,0,0,0,13,21,0,22,8,14,0,0,0,0,0,0,0,0,0,0,14
011250107041038,149,8,141,123,25,0,0,0,0,0,0,0,0,0,0,25,91,3,89,77,15,0,0,0,0,0,0,0,0,0,0,14
011250117033000,16,0,16,0,16,0,0,0,0,0,0,0,0,0,0,17,14,0,14,0,14,0,0,0,0,0,0,0,0,0,0,14
011250119013011,39,2,36,16,17,0,0,0,0,0,0,0,0,2,0,16,27,0,28,9,14,0,0,0,0,0,0,0,0,3,0,14
011250102061010,24,0,20,3,15,0,0,0,0,0,0,0,0,0,0,16,23,0,20,3,14,0,0,0,0,0,0,0,0,0,0,14
011250124033037,26,0,24,3,16,0,0,0,0,14,0,0,0,0,0,20,18,0,16,3,14,0,0,0,0,0,0,0,0,0,0,14
011250116003120,13,0,13,0,13,0,0,0,0,0,0,0,0,0,0,13,13,0,14,0,14,0,0,0,0,0,0,0,0,0,0,14
011250124081004,42,0,30,5,18,0,0,0,0,0,0,0,0,0,0,19,32,0,23,4,14,0,0,0,0,0,0,0,0,0,0,14
011250124081001,29,0,21,0,17,0,0,0,0,0,0,0,0,0,0,18,18,0,16,0,14,0,0,0,0,0,0,0,0,0,0,14
011250121012017,75,20,60,17,28,0,0,0,0,0,0,0,0,0,1,28,48,9,41,18,14,0,0,0,0,0,0,0,0,0,1,14
011250121021004,72,0,74,46,14,0,0,0,0,0,0,0,0,0,0,14,54,0,57,36,14,0,0,0,0,0,0,0,0,0,0,14
011250118002014,13,0,13,0,14,0,0,0,0,0,0,0,0,0,0,14,13,0,14,0,14,0,0,0,0,0,0,0,0,0,0,14
011250121013009,58,0,55,37,11,0,5,0,0,0,0,0,0,0,4,12,58,0,55,37,12,0,4,0,0,0,0,0,0,0,3,14
011250108022010,88,7,65,40,12,0,0,0,0,0,0,0,0,0,0,18,65,8,49,27,7,0,0,0,0,0,0,0,0,0,0,14
011250123063052,14,1,13,2,12,0,0,0,0,0,0,0,0,0,0,12,15,2,14,1,14,0,0,0,0,0,0,0,0,0,0,14
011250102031077,347,2,302,288,3,0,0,0,0,10,0,0,0,0,0,11,283,0,252,238,4,0,0,0,0,0,0,0,0,0,0,14
011250107061002,354,20,333,320,28,0,0,0,0,0,0,0,0,0,0,25,254,8,250,245,14,0,0,0,0,0,0,0,0,0,0,14
011250123062015,37,0,37,0,34,0,0,0,0,0,0,0,0,0,0,40,12,0,12,0,14,0,0,0,0,0,0,0,0,0,0,14
011250108041033,51,0,53,20,15,0,0,0,0,7,0,0,0,0,0,18,34,0,36,15,11,0,0,0,0,0,0,0,0,0,0,14
011250103031023,18,0,18,1,19,0,0,0,0,0,1,0,2,1,0,20,14,0,14,2,13,0,0,0,0,0,1,0,2,2,0,14
011250103031021,37,0,36,19,17,0,0,0,0,0,0,0,0,1,0,17,33,0,33,19,14,0,0,0,0,0,0,0,0,0,0,14
011250108031034,13,0,14,0,11,0,0,0,0,0,0,0,0,0,0,12,15,0,16,0,13,0,0,0,0,0,0,0,0,0,0,14
011250124042039,27,0,23,5,16,0,0,0,0,0,0,0,0,0,0,16,22,0,21,5,14,0,0,0,0,0,0,0,0,0,0,14
011250101051006,270,0,276,270,0,0,0,0,0,0,0,0,0,0,0,10,176,0,176,166,0,0,0,0,0,7,0,0,0,0,0,13
011250124062001,26,0,26,2,20,0,0,0,0,0,0,0,0,0,0,21,18,0,18,2,13,0,0,0,0,0,0,0,0,0,0,13
011250106014049,32,0,34,17,14,0,0,0,0,0,0,0,0,0,0,13,30,0,31,16,13,0,0,0,0,0,0,0,0,0,0,13
011250125042031,40,0,37,21,9,0,0,0,0,2,0,0,8,3,0,16,29,0,28,15,8,0,0,0,0,0,0,0,8,4,0,13
011250123043013,34,0,33,7,21,0,6,0,0,0,0,0,0,0,4,21,23,0,23,7,14,0,7,0,0,0,0,0,0,0,5,13
011250107042003,133,0,140,121,19,0,0,0,0,0,1,0,0,1,0,19,98,0,101,87,14,0,0,0,0,0,1,0,0,1,0,14
011250107073000,258,17,242,229,18,0,0,0,0,0,0,0,0,0,0,17,196,14,183,168,14,0,0,0,0,0,0,0,0,0,0,13
011250118004021,13,0,13,0,15,0,0,0,0,0,0,0,0,0,0,14,12,0,12,0,14,0,0,0,0,0,0,0,0,0,0,13
011250118004010,14,0,14,0,14,0,0,0,0,0,0,0,0,0,0,14,13,0,14,0,14,0,0,0,0,0,0,0,0,0,0,13
011250103041048,72,1,80,41,31,0,2,0,0,0,0,0,0,0,4,30,46,1,49,34,14,0,2,0,0,0,0,0,0,0,2,13
011250119011012,38,0,35,18,21,0,0,0,0,0,0,0,0,0,0,20,31,0,29,17,13,0,0,0,0,0,0,0,0,0,0,13
011250107052039,35,0,35,15,16,1,0,0,0,0,1,0,0,2,0,16,33,0,32,15,13,1,0,0,0,0,1,0,0,2,0,13
011250107052017,56,0,56,45,9,0,0,0,0,3,1,0,0,1,0,13,47,0,47,37,10,0,0,0,0,0,0,0,0,0,0,13
011250126002020,27,0,28,0,13,0,0,0,0,0,0,0,0,0,0,15,22,0,23,0,14,0,0,0,0,0,0,0,0,0,0,13
011250123042019,19,1,17,2,15,0,0,0,0,0,0,0,0,0,0,15,14,0,12,0,13,0,0,0,0,0,0,0,0,0,0,13
011250104041017,19,0,23,0,25,0,0,0,0,0,0,0,0,0,0,26,10,0,12,0,13,0,0,0,0,0,0,0,0,0,0,13
011250104041015,31,2,28,0,32,0,0,0,0,0,0,0,0,0,0,31,14,1,12,0,13,0,0,0,0,0,0,0,0,0,0,13
011250119022015,45,13,33,11,19,0,0,0,0,0,0,0,0,0,0,19,27,0,24,10,13,0,0,0,0,0,0,0,0,0,0,13
011250108041008,163,1,158,148,16,0,0,0,0,0,2,0,0,2,0,20,129,1,127,120,11,0,0,0,0,0,2,0,0,2,0,13
011250107041021,53,1,52,37,16,0,0,0,0,0,0,0,0,0,0,16,43,1,42,30,13,0,0,0,0,0,0,0,0,0,0,13
011250124033011,45,0,40,20,17,0,0,0,0,0,0,0,0,0,0,19,33,0,31,17,12,0,0,0,0,0,0,0,0,0,0,13
011250123051009,22,0,22,10,11,0,0,0,0,0,0,0,0,0,0,12,24,0,24,9,13,0,0,0,0,0,0,0,0,0,0,13
011250123051004,29,0,30,3,14,0,0,0,0,0,0,0,0,1,0,15,24,0,24,0,12,0,0,0,0,0,0,0,0,0,0,13
011250116001019,33,7,22,1,22,0,0,0,0,0,0,0,0,0,0,22,14,0,14,1,13,0,0,0,0,0,0,0,0,0,0,13
011250125052014,41,1,40,25,12,0,0,0,0,0,0,0,0,0,0,11,30,1,28,13,13,0,0,0,0,0,0,0,0,0,0,13
011250125052008,53,1,52,28,24,0,0,0,0,0,0,0,0,0,0,23,39,1,37,22,13,0,0,0,0,0,0,0,0,0,0,13
011250125052002,33,0,33,22,6,0,0,0,0,0,0,0,0,0,0,11,30,0,30,18,8,0,0,0,0,0,0,0,0,0,0,13
011250116002005,34,0,35,25,16,0,0,0,0,0,0,0,0,0,0,18,28,0,28,19,13,0,0,0,0,0,0,0,0,0,0,13
011250123063010,33,4,30,18,13,0,0,0,0,0,0,0,0,0,0,13,30,5,27,14,13,0,0,0,0,0,0,0,0,0,0,13
011250104052020,55,13,42,17,14,0,0,0,0,8,0,0,0,0,0,19,39,3,37,18,12,0,0,0,0,0,0,0,0,0,0,13
011250127003018,25,0,25,0,19,0,0,0,0,0,0,0,0,0,0,19,14,0,15,0,13,0,0,0,0,0,0,0,0,0,0,13
011250102052012,106,23,84,72,11,0,0,0,0,0,0,0,0,0,0,13,85,3,81,69,12,0,0,0,0,0,0,0,0,0,0,13
011250124042018,26,0,23,6,12,0,0,0,10,0,0,0,0,0,0,12,26,0,24,5,13,0,0,0,17,0,0,0,0,0,0,13
011250128001016,17,0,16,0,13,0,0,0,0,0,0,0,0,0,0,13,16,0,16,0,13,0,0,0,0,0,0,0,0,0,0,13
011250103031022,52,0,51,34,15,0,0,0,0,0,0,0,0,0,0,15,41,0,41,27,13,0,0,0,0,0,0,0,0,0,0,13
011250108032014,21,0,22,6,15,0,0,0,0,0,0,0,0,0,0,14,21,0,21,6,13,0,0,0,0,0,0,0,0,0,0,13
011250106032015,62,0,58,43,11,0,0,0,0,0,2,0,0,2,0,10,53,0,51,36,13,0,0,0,0,0,0,0,0,0,0,13
011250125032031,48,0,43,19,10,0,2,0,0,0,0,0,0,1,10,10,45,0,39,17,13,0,3,0,0,0,0,0,0,3,3,13
011250125032008,48,0,49,28,10,0,0,0,0,0,3,0,0,3,0,10,39,0,39,17,13,0,0,0,0,0,6,0,0,5,0,13
011250125032004,32,0,32,11,24,0,0,0,0,0,0,0,0,0,0,23,18,0,18,6,13,0,0,0,0,0,0,0,0,0,0,13
011250127001017,41,2,38,8,14,0,0,0,0,0,0,0,0,0,0,14,23,0,25,5,12,0,0,0,0,0,0,0,0,0,0,12
011250116003102,13,0,13,0,12,0,0,0,0,0,0,0,0,0,0,12,13,0,14,0,12,0,0,0,0,0,0,0,0,0,0,12
011250116003022,27,0,28,14,12,0,0,0,0,3,0,0,0,0,0,15,25,0,26,14,9,0,0,0,0,3,0,0,0,0,0,12
011250120011007,78,1,78,60,12,0,0,0,0,0,0,0,0,0,0,11,80,1,80,61,13,0,0,0,0,0,0,0,0,0,0,12
011250104031024,11,0,11,3,10,0,0,0,0,0,0,0,0,0,0,9,9,0,8,0,13,0,0,0,0,0,0,0,0,0,0,12
011250108031030,21,0,23,0,15,0,0,0,0,0,0,0,0,0,25,14,18,0,19,0,13,0,0,0,0,0,0,0,0,0,6,12
011250123042024,13,1,10,0,10,0,0,0,0,0,0,0,0,0,0,10,15,0,11,0,12,0,0,0,0,0,0,0,0,0,0,12
011250104063011,33,0,34,2,20,0,0,0,0,0,0,0,0,0,0,19,30,0,31,2,13,0,0,0,0,0,0,0,0,0,0,12
011250125042036,58,0,59,42,12,0,5,0,0,3,0,0,0,1,5,14,44,0,44,30,10,0,0,0,0,0,0,0,0,1,0,12
011250107052003,55,0,55,48,11,0,0,0,0,0,0,0,0,1,0,11,50,0,49,38,12,0,0,0,0,0,0,0,0,1,0,12
011250102012008,269,0,273,262,10,0,0,0,0,0,5,0,0,4,0,10,198,0,201,184,13,0,0,0,0,0,2,0,0,2,0,12
011250117032048,22,0,19,0,19,0,0,0,0,0,0,0,0,0,0,19,15,0,12,0,12,0,0,0,0,0,0,0,0,0,0,12
011250117032020,14,0,14,0,12,0,0,0,0,0,0,0,0,0,0,12,14,0,14,0,12,0,0,0,0,0,0,0,0,0,0,12
011250108021043,137,2,134,127,17,0,0,0,0,0,0,0,0,0,0,17,115,0,115,112,12,0,0,0,0,0,0,0,0,0,0,12
011250116001009,27,21,15,0,14,0,0,0,0,0,0,0,0,0,0,16,11,0,12,0,10,0,0,0,0,0,0,0,0,0,0,12
011250119022011,25,0,25,5,19,0,0,0,0,0,0,0,0,0,0,19,17,0,18,5,12,0,0,0,0,0,0,0,0,0,0,12
011250119022005,25,0,25,5,19,0,0,0,0,0,0,0,0,0,0,19,17,0,17,5,12,0,0,0,0,0,0,0,0,0,0,12
011250118002031,17,0,17,0,16,0,0,0,0,0,0,0,0,0,0,16,13,0,13,0,11,0,0,0,0,0,0,0,0,0,0,12
011250102044014,21,0,20,5,13,0,0,0,0,0,0,0,0,0,0,12,13,0,12,5,13,0,0,0,0,0,0,0,0,0,0,12
011250102044013,82,0,83,71,15,0,0,0,0,0,0,0,0,0,0,14,76,0,77,65,13,0,0,0,0,0,0,0,0,0,0,12
011250114013017,103,0,104,80,12,0,2,0,0,0,0,0,0,0,2,13,89,0,90,68,12,0,3,0,0,0,0,0,0,0,2,12
011250114013000,5,1,3,0,12,0,0,0,0,0,0,0,0,0,0,12,5,2,3,0,12,0,0,0,0,0,0,0,0,0,0,12
011250108032001,127,3,127,120,19,0,0,0,0,0,0,0,0,0,0,19,106,3,105,105,13,0,0,0,0,0,0,0,0,0,0,12
011250123063006,16,1,15,3,11,0,0,0,0,0,0,0,0,0,0,11,13,0,13,1,12,0,0,0,0,0,0,0,0,0,0,12
011250107042022,97,0,98,81,16,0,0,0,0,0,1,0,0,0,0,16,68,0,69,54,12,0,0,0,0,0,1,0,0,0,0,12
011250107042004,184,0,193,189,16,0,0,0,0,0,0,0,0,0,0,17,144,0,149,146,12,0,0,0,0,0,0,0,0,0,0,12
011250123052058,16,0,17,2,11,4,0,0,0,0,0,0,0,6,0,13,16,0,16,2,12,4,0,0,0,0,0,0,0,4,0,12
011250123052053,60,4,54,26,18,0,0,0,0,0,0,0,0,0,0,24,53,4,46,27,12,0,0,0,0,0,0,0,0,0,0,12
011250107072001,11,0,8,3,0,0,0,0,0,0,0,0,0,0,0,12,4,0,3,0,0,0,0,0,0,0,0,0,0,0,0,12
011250118004025,16,0,17,0,13,0,0,0,0,0,0,0,0,0,0,14,15,0,15,0,11,0,0,0,0,0,0,0,0,0,0,12
011250127001014,69,10,59,41,10,0,0,0,0,0,0,0,0,0,3,11,45,1,44,25,13,0,0,0,0,0,0,0,0,0,3,12
011250128002007,14,1,13,0,13,0,0,0,0,0,0,0,0,0,0,13,11,0,11,0,12,0,0,0,0,0,0,0,0,0,0,12
011250103041041,89,9,28,0,27,0,0,0,0,0,0,0,0,0,0,28,51,5,15,0,12,0,0,0,0,0,0,0,0,0,0,12
011250103041026,44,0,48,22,20,0,0,0,0,0,0,0,0,0,0,28,27,0,28,17,12,0,0,0,0,0,0,0,0,0,0,12
011250125011020,14,0,14,0,13,0,0,0,0,1,0,0,0,0,0,15,11,0,11,0,12,0,0,0,0,0,0,0,0,0,0,12
011250125051015,19,0,20,8,14,0,0,0,0,0,0,0,0,0,0,13,14,0,14,4,12,0,0,0,0,0,0,0,0,0,0,12
011250125051014,40,0,37,29,9,0,0,0,0,0,0,0,0,0,0,9,44,0,43,30,12,0,0,0,0,0,0,0,0,0,0,12
011250103031027,59,0,58,34,21,0,0,0,0,0,0,0,0,0,0,22,46,0,45,32,12,0,0,0,0,0,0,0,0,0,0,12
011250124031040,15,0,15,0,11,0,0,0,0,0,1,0,0,0,21,10,14,0,14,0,12,0,0,0,0,0,0,0,0,0,10,12
011250101022051,42,0,42,32,10,0,4,0,0,0,0,0,0,0,3,10,33,0,33,25,12,0,2,0,0,0,0,0,0,0,2,12
011250101022042,112,0,114,105,10,0,0,0,0,0,0,0,0,0,0,10,96,0,97,88,12,0,0,0,0,0,0,0,0,0,0,12
011250102062043,17,0,18,4,10,0,0,0,0,0,0,0,0,0,0,12,16,0,17,3,12,0,0,0,0,0,0,0,0,0,0,12
011250102062007,88,0,93,80,11,0,0,0,0,0,0,0,0,0,0,15,78,0,81,69,12,0,0,0,0,0,0,0,0,0,0,12
011250102061009,21,0,19,6,10,0,0,0,0,4,0,0,0,0,0,12,20,0,18,5,10,0,0,0,0,0,0,0,0,0,0,12
011250124032006,198,0,198,217,10,0,0,0,0,0,0,0,0,0,0,10,163,0,164,167,12,0,0,0,0,0,0,0,0,0,0,12
011250123041006,24,3,22,0,19,0,0,0,6,0,0,0,0,0,0,19,15,2,13,0,12,0,0,0,0,0,0,0,0,0,0,11
011250102031080,37,0,35,19,4,0,0,0,0,0,0,0,0,0,0,13,33,0,29,19,3,0,0,0,0,0,0,0,0,0,0,11
011250114021002,457,6,451,389,19,0,24,0,0,0,0,0,0,0,24,18,443,6,442,387,12,0,24,0,0,0,0,0,0,0,24,11
011250107042037,58,0,59,40,16,0,0,0,0,0,0,0,0,0,0,16,38,0,40,27,12,0,0,0,0,0,0,0,0,0,0,12
011250107042002,156,0,164,148,20,0,0,0,0,0,1,0,0,1,0,19,105,0,109,99,12,0,0,0,0,0,1,0,0,1,0,11
011250105001010,29,0,31,21,10,0,0,0,0,0,0,0,0,0,0,10,27,0,30,18,11,0,0,0,0,0,0,0,0,0,0,11
011250117033024,12,0,12,0,11,0,0,0,0,0,0,0,0,0,0,11,12,0,12,0,11,0,0,0,0,0,0,0,0,0,0,11
011250119021032,16,0,16,1,14,0,0,0,0,0,0,0,0,0,0,14,12,0,12,1,12,0,0,0,0,0,0,0,0,0,0,11
011250128001010,31,0,27,0,30,0,0,0,0,0,0,0,0,0,0,29,14,0,10,0,11,0,0,0,0,0,0,0,0,0,0,11
011250116002040,18,0,19,7,13,0,0,0,0,0,0,0,0,0,0,13,16,0,16,6,11,0,0,0,0,0,0,0,0,0,0,11
011250107051006,106,0,107,102,13,0,0,0,0,0,0,0,0,0,0,13,104,0,105,103,11,0,0,0,0,0,0,0,0,0,0,11
011250125031022,27,0,27,0,21,0,0,0,0,0,0,0,0,0,0,19,19,0,19,0,11,0,0,0,0,0,0,0,0,0,0,11
011250127003027,40,0,40,13,16,0,0,0,0,0,0,0,0,0,35,16,25,0,27,6,11,0,0,0,0,0,0,0,0,0,27,11
011250114024015,102,0,104,68,10,0,21,0,0,0,0,0,0,0,21,10,97,0,99,68,12,0,0,0,0,0,0,0,0,0,0,11
011250119022004,23,1,22,5,14,0,0,0,0,0,0,0,0,0,0,14,16,0,17,4,11,0,0,0,0,0,0,0,0,0,0,11
011250108031035,16,0,18,9,10,0,0,0,0,0,0,0,0,0,0,10,18,0,19,9,11,0,0,0,0,0,0,0,0,0,0,11
011250117032062,13,0,11,0,11,0,0,0,0,0,0,0,0,0,0,11,11,0,11,0,11,0,0,0,0,0,0,0,0,0,0,11
011250117032040,10,0,11,0,10,0,0,0,0,0,0,0,0,0,0,11,11,0,11,0,11,0,0,0,0,0,0,0,0,0,0,11
011250117032002,10,0,11,0,10,0,0,0,0,0,0,0,0,0,0,11,11,0,11,0,11,0,0,0,0,0,0,0,0,0,0,11
011250119011003,35,0,31,11,14,0,0,0,0,0,0,0,0,0,0,16,31,0,27,12,9,0,0,0,0,0,0,0,0,0,0,11
011250108042034,52,0,60,26,14,0,0,0,0,0,0,0,0,1,0,13,46,0,52,24,12,0,0,0,0,0,0,0,0,1,0,11
011250108042029,52,2,51,23,10,0,0,0,0,0,0,0,0,0,0,10,54,2,52,25,12,0,0,0,0,0,0,0,0,0,0,11
011250124042002,29,0,26,17,10,0,0,0,5,0,0,0,0,0,0,11,32,0,27,19,10,0,0,0,8,1,0,0,0,0,0,11
011250117012026,26,1,24,0,23,0,0,0,0,0,0,0,0,0,0,23,14,1,12,0,11,0,0,0,0,0,0,0,0,0,0,11
011250117012013,25,1,18,4,14,0,0,0,0,0,0,0,0,0,0,14,22,1,15,4,11,0,0,0,0,0,0,0,0,0,0,11
011250117012007,50,1,46,39,11,0,0,0,0,0,0,0,0,1,0,11,49,1,45,38,11,0,0,0,0,0,0,0,0,1,0,11
011250104051104,103,0,105,100,10,0,1,0,0,0,0,0,0,0,1,11,72,0,72,65,10,0,1,0,0,0,0,0,0,0,1,11
011250104051084,48,0,49,38,13,0,0,0,0,0,0,0,0,0,1,11,37,0,37,26,13,0,0,0,0,0,0,1,0,0,1,11
011250104051083,22,0,19,6,12,0,2,0,0,0,0,0,0,0,1,11,21,1,19,6,13,0,1,0,0,0,0,0,0,0,1,11
011250104051074,177,1,178,159,12,0,9,0,0,0,0,0,0,0,8,11,144,1,143,122,12,0,7,0,0,0,0,0,0,0,7,11
011250118001028,13,0,13,0,13,0,0,0,1,0,0,0,0,0,0,13,11,0,11,0,11,0,0,0,1,0,0,0,0,0,0,11
011250127002022,66,1,66,31,34,0,0,0,0,0,0,0,0,0,3,35,33,2,31,19,11,0,0,0,0,0,0,0,0,0,0,11
011250116003101,16,0,16,7,10,0,0,0,0,0,0,0,0,0,0,10,16,0,16,7,11,0,0,0,0,0,0,0,0,0,0,11
011250116003082,14,0,13,4,10,0,0,0,0,0,0,0,0,0,0,10,14,1,13,4,11,0,0,0,0,0,0,0,0,0,0,11
011250116003059,46,0,47,33,10,0,0,0,0,0,0,0,0,0,2,10,47,0,49,34,11,0,0,0,0,0,0,0,0,0,3,11
011250116003003,55,3,49,39,10,0,0,0,0,0,0,0,0,0,0,10,57,2,50,39,11,0,0,0,0,0,0,0,0,0,0,11
011250105002010,16,0,16,0,16,0,0,0,0,0,0,0,0,0,0,16,12,0,13,0,11,0,0,0,0,0,0,0,0,0,0,11
011250121013010,35,0,35,20,10,0,6,0,0,0,0,0,0,0,5,9,29,0,30,20,11,0,0,0,0,0,0,0,0,0,0,11
011250125011078,15,0,16,0,16,0,0,0,0,0,0,0,0,0,0,16,10,0,10,0,11,0,0,0,0,0,0,0,0,0,0,11
011250125011064,15,2,13,3,11,0,0,0,0,0,0,0,0,0,0,11,16,1,13,2,11,0,0,0,0,0,0,0,0,0,0,11
011250125011037,24,1,23,10,12,0,0,0,0,0,0,0,0,0,0,12,23,0,22,9,11,0,0,0,0,0,0,0,0,0,0,11
011250126002018,20,0,18,3,10,0,0,0,0,0,0,0,0,0,0,9,15,0,15,0,11,0,0,0,0,0,0,0,0,0,0,11
011250106042037,264,2,265,260,9,0,0,0,0,0,0,0,0,1,0,8,178,3,175,164,11,0,0,0,0,0,0,0,0,1,0,11
011250102051027,306,0,308,302,14,0,0,0,0,0,0,0,0,0,0,15,234,0,238,233,10,0,0,0,0,0,0,0,0,0,0,11
011250124033031,25,0,23,6,16,0,0,0,0,0,0,0,0,0,0,16,18,0,16,5,11,0,0,0,0,0,0,0,0,0,0,11
011250118004022,20,0,21,0,20,0,0,0,0,0,0,0,0,0,0,21,11,0,11,0,10,0,0,0,0,0,0,0,0,0,0,11
011250118004014,19,0,20,0,22,0,0,0,0,0,0,0,0,0,0,21,10,0,10,0,11,0,0,0,0,0,0,0,0,0,0,11
011250104063017,423,0,429,446,15,0,0,0,0,0,0,0,0,0,0,14,343,0,346,360,11,0,0,0,0,0,0,0,0,0,0,11
011250121011016,74,3,71,52,24,0,0,0,0,0,0,0,0,0,0,24,55,0,59,53,11,0,0,0,0,0,0,0,0,0,0,11
011250121011008,84,18,67,39,32,0,0,0,0,0,1,0,0,1,0,32,58,0,52,42,11,0,0,0,0,0,1,0,0,1,0,11
011250107032056,342,79,261,242,10,0,0,0,0,0,2,0,0,1,0,14,223,14,210,199,11,0,0,0,0,0,2,0,0,2,0,11
011250125032018,38,0,36,19,8,0,9,0,0,0,0,0,0,0,8,8,34,0,34,14,10,0,12,0,0,0,0,0,0,0,10,10
011250124061008,33,2,31,8,21,0,0,0,0,0,0,0,0,0,0,21,20,3,18,7,11,0,0,0,0,0,0,0,0,0,0,10
011250112001014,25,3,22,9,8,0,2,0,0,0,0,0,0,0,2,11,23,3,20,8,8,0,1,0,0,0,0,0,0,0,2,10
011250105001066,12,1,12,3,9,0,0,0,0,0,0,0,0,0,0,9,12,0,13,3,10,0,0,0,0,0,0,0,0,0,0,10
011250105001021,11,0,12,3,9,0,0,0,0,0,0,0,0,0,0,9,11,0,12,2,10,0,0,0,0,0,0,0,0,0,0,10
011250117033032,18,0,18,0,19,0,0,0,0,0,0,0,0,0,0,19,10,0,10,0,10,0,0,0,0,0,0,0,0,0,0,10
011250127003024,19,2,17,0,12,0,0,0,0,0,0,0,0,0,0,13,11,0,12,0,9,0,0,0,0,0,0,0,0,0,0,10
011250127003009,35,10,24,0,19,0,0,0,0,0,0,0,0,0,0,19,18,4,12,0,11,0,0,0,0,0,0,0,0,0,0,10
011250119013012,37,10,29,21,10,0,0,0,0,0,0,0,0,0,0,10,32,2,30,21,10,0,0,0,0,0,0,0,0,0,0,10
011250104031026,20,0,21,9,8,0,0,0,0,0,0,0,0,0,0,8,22,0,24,10,11,0,0,0,0,0,0,0,0,0,0,10
011250104031021,37,5,29,8,13,0,0,0,0,0,0,0,0,0,0,16,33,3,27,8,11,0,0,0,0,0,0,0,0,0,0,10
011250108041019,77,1,77,71,8,0,0,0,0,0,0,0,0,0,0,10,68,0,69,59,8,0,0,0,0,0,0,0,0,0,0,10
011250121012020,79,47,56,26,22,0,0,0,0,0,0,0,0,0,0,21,49,9,42,27,11,0,0,0,0,0,0,0,0,0,0,10
011250123071025,41,0,42,31,12,0,0,0,0,0,1,0,0,1,3,12,36,0,36,33,10,0,0,0,0,0,1,0,0,1,0,10
011250102052041,18,9,13,2,8,0,0,0,0,0,0,0,0,0,0,10,13,0,13,2,10,0,0,0,0,0,0,0,0,0,0,10
011250108021051,36,9,29,12,13,0,0,0,0,0,0,0,0,0,0,14,30,7,24,12,10,0,0,0,0,0,0,0,0,0,0,10
011250106014051,54,0,54,36,15,0,0,0,0,0,0,0,0,0,0,14,43,0,44,32,10,0,0,0,0,0,1,0,0,0,0,10
011250107031080,42,0,44,37,8,0,0,0,0,0,0,0,0,0,0,8,28,0,30,21,10,0,0,0,0,0,0,0,0,0,0,10
011250107042034,78,0,77,54,18,0,0,0,0,0,0,0,0,1,0,17,45,0,46,32,10,0,0,0,0,0,0,0,0,1,0,10
011250107032058,224,17,180,161,9,0,0,0,0,0,2,0,0,1,0,14,154,6,149,135,10,0,0,0,0,0,2,0,0,2,0,10
011250103022034,21,1,21,17,6,0,0,0,0,0,0,0,0,0,0,9,18,1,17,14,10,0,0,0,0,0,0,0,0,0,0,10
011250103022021,18,0,19,13,0,0,0,0,0,18,0,0,0,0,0,9,11,0,11,8,0,0,0,0,0,12,0,0,0,0,0,10
011250103022017,78,4,71,58,6,0,0,0,0,28,0,0,0,0,0,22,69,4,59,51,10,0,0,0,0,0,0,0,0,0,0,10
011250103022013,5,1,3,1,6,0,0,0,0,0,0,0,0,0,0,9,2,0,3,1,9,0,0,0,0,0,0,0,0,0,0,10
011250101022029,9,0,9,3,9,0,0,0,0,0,0,0,0,0,0,8,6,0,6,0,10,0,0,0,0,0,0,0,0,0,0,10
011250117032046,13,0,13,0,13,0,0,0,0,0,0,0,0,0,0,13,10,0,10,0,10,0,0,0,0,0,0,0,0,0,0,10
011250119021011,130,1,130,126,9,0,0,0,0,0,0,0,0,0,0,9,136,1,138,129,10,0,0,0,0,0,0,0,0,0,0,10
011250102061020,21,0,20,1,12,0,0,0,0,0,0,0,0,0,0,12,17,0,16,0,10,0,0,0,0,0,0,0,0,0,0,10
011250103032039,68,0,68,49,9,0,0,0,0,0,0,0,0,0,0,8,70,0,69,46,10,0,0,0,0,0,1,0,0,0,0,10
011250126002022,158,0,160,162,6,0,1,0,0,0,0,0,0,0,1,9,139,0,140,135,7,0,1,0,0,0,0,0,0,0,1,10
011250125033018,28,2,21,4,15,0,0,0,0,0,0,0,0,0,0,16,15,0,16,4,10,0,0,0,0,0,0,0,0,0,0,10
011250108032024,22,2,20,4,15,0,0,0,0,0,0,0,0,0,0,14,18,2,16,4,10,0,0,0,0,0,0,0,0,0,0,10
011250108031024,24,1,22,16,9,0,0,0,0,0,0,0,0,0,0,9,28,1,26,19,10,0,0,0,0,0,0,0,0,0,0,10
011250108031015,21,0,22,0,21,0,0,0,0,0,0,0,0,0,0,21,10,0,11,0,10,0,0,0,0,0,0,0,0,0,0,10
011250123061011,53,0,54,43,6,0,0,0,0,0,0,0,0,1,0,8,56,0,57,44,8,0,0,0,0,0,0,0,0,1,0,10
011250123061010,239,0,244,274,12,0,0,0,0,0,1,0,0,1,0,12,235,0,239,261,10,0,0,0,0,0,1,0,0,1,0,10
011250101012000,277,1,279,235,11,0,22,0,0,0,0,9,0,0,31,9,208,1,209,188,11,0,5,0,0,0,0,0,0,0,7,10
011250119013003,26,0,26,2,13,0,0,0,0,0,0,0,0,0,0,15,18,0,18,1,9,0,0,0,0,0,0,0,0,0,0,10
011250124033039,18,6,15,2,10,0,0,0,0,0,0,0,0,0,0,10,15,4,13,2,10,0,0,0,0,0,0,0,0,0,0,10
011250124033032,18,0,16,0,15,0,0,0,0,0,0,0,0,0,0,15,10,0,10,0,10,0,0,0,0,0,0,0,0,0,0,10
011250105002029,13,0,14,0,13,0,0,0,0,0,0,0,0,0,0,13,11,0,12,0,10,0,0,0,0,0,0,0,0,0,0,10
011250124071007,17,0,13,0,14,0,0,0,0,0,0,0,0,0,0,13,13,0,10,0,10,0,0,0,0,0,0,0,0,0,0,10
011250127001010,47,4,42,19,13,0,0,0,0,0,0,0,0,0,0,12,28,0,30,16,10,0,0,0,0,0,0,0,0,0,0,10
011250104041003,15,0,16,0,16,0,0,0,0,0,0,0,0,0,0,18,7,0,8,0,10,0,0,0,0,0,0,0,0,0,0,10
011250102044019,32,0,29,21,13,0,0,0,0,0,0,0,0,0,0,12,25,0,25,19,10,0,0,0,0,0,0,0,0,0,0,10
011250123052027,25,2,21,9,9,0,3,0,0,0,0,0,0,0,4,9,19,3,14,5,10,0,3,0,0,0,0,0,0,0,3,10
011250123052011,16,0,17,2,14,0,0,0,0,0,2,0,0,2,0,13,11,0,11,1,10,0,0,0,0,0,1,0,0,1,0,9
011250125011075,10,0,10,1,9,0,0,0,0,0,0,0,0,0,0,9,10,0,10,1,9,0,0,0,0,0,0,0,0,0,0,10
011250125011054,10,0,10,1,9,0,0,0,0,0,0,0,0,0,0,9,10,0,10,1,9,0,0,0,0,0,0,0,0,0,0,10
011250102062066,179,0,188,185,8,0,0,0,0,0,0,0,0,0,0,10,158,0,162,157,10,0,0,0,0,0,0,0,0,0,0,10
011250102062051,22,0,24,13,8,0,0,0,0,0,0,0,0,0,0,10,23,0,24,12,10,0,0,0,0,0,0,0,0,0,0,10
011250102062017,64,0,68,50,13,0,0,0,0,0,0,0,0,0,0,17,47,0,49,37,10,0,0,0,0,0,0,0,0,0,0,10
011250124032012,163,0,164,191,8,0,0,0,0,0,0,0,0,0,0,8,139,0,139,146,9,0,0,0,0,0,0,0,0,0,0,9
011250116002039,16,0,16,3,8,0,0,0,0,0,0,0,0,0,0,8,18,0,18,3,10,0,0,0,0,0,0,0,0,0,0,10
011250121021007,67,0,67,56,10,0,0,0,0,0,0,0,0,0,0,10,51,0,52,44,10,0,0,0,0,0,0,0,0,0,0,9
011250123063037,17,5,13,5,8,0,0,0,0,0,0,0,0,0,0,8,18,6,14,5,10,0,0,0,0,0,0,0,0,0,0,9
011250123063017,19,1,18,10,8,0,0,0,0,0,0,0,0,0,0,8,17,2,16,7,10,0,0,0,0,0,0,0,0,0,0,9
011250123063005,18,2,16,7,8,0,0,0,0,0,0,0,0,0,0,8,18,0,18,7,10,0,0,0,0,0,0,0,0,0,0,9
011250106032040,10,0,6,1,9,0,0,0,0,0,0,0,0,0,0,8,6,0,5,0,10,0,0,0,0,0,0,0,0,0,0,10
011250106032012,109,0,110,91,9,0,0,0,0,0,0,0,0,0,0,8,77,0,78,61,10,0,0,0,0,0,0,0,0,0,0,10
011250117033015,14,0,9,0,9,0,0,0,0,0,0,0,0,0,0,9,12,0,9,0,9,0,0,0,0,0,0,0,0,0,0,10
011250117033004,9,0,9,0,9,0,0,0,0,0,0,0,0,0,0,9,9,0,9,0,9,0,0,0,0,0,0,0,0,0,0,9
011250119013013,33,6,28,11,12,0,0,0,0,0,0,0,0,0,0,12,27,1,25,12,10,0,0,0,0,0,0,0,0,0,0,9
011250116001018,30,36,15,0,16,0,0,0,0,0,0,0,0,0,0,16,10,0,9,0,9,0,0,0,0,0,0,0,0,0,0,9
011250116001010,38,0,26,11,14,0,0,0,0,0,0,0,0,0,0,14,19,0,21,13,9,0,0,0,0,0,0,0,0,0,0,9
011250123041016,24,6,19,5,8,0,0,0,0,0,0,0,0,0,0,10,24,10,19,6,7,0,0,0,0,0,0,0,0,0,0,9
011250104042024,16,0,16,4,11,0,0,0,0,0,0,0,0,0,0,10,14,0,15,4,10,0,0,0,0,0,0,0,0,0,0,9
011250107042018,124,0,76,67,11,0,0,0,0,0,0,0,0,0,0,11,84,0,58,50,10,0,0,0,0,0,0,0,0,0,0,9
011250102052055,37,3,31,19,11,0,0,0,0,0,0,0,0,0,0,13,28,0,29,20,9,0,0,0,0,0,0,0,0,0,0,9
011250102052038,24,0,20,12,8,0,0,0,0,0,0,0,0,0,0,9,19,0,20,10,9,0,0,0,0,0,0,0,0,0,0,9
011250102052000,32,0,28,17,3,0,0,0,0,26,0,0,0,0,0,10,22,0,22,12,3,0,0,0,0,15,0,0,0,0,0,9
011250107062081,39,5,33,23,8,0,0,0,0,0,0,0,0,1,0,7,25,0,24,13,10,0,0,0,0,0,0,0,0,1,0,9
011250107062059,22,0,19,8,8,0,0,0,0,0,1,0,0,1,0,8,19,0,18,7,9,0,0,0,0,0,1,0,0,1,0,9
011250118004041,14,0,9,0,7,0,0,0,0,0,0,0,0,0,0,10,11,0,9,0,7,0,0,0,0,0,0,0,0,0,0,9
011250118004023,9,0,9,0,6,0,0,0,0,0,0,0,0,0,0,10,8,0,9,0,5,0,0,0,0,0,0,0,0,0,0,9
011250118001011,10,0,10,0,10,0,0,0,1,0,0,0,0,0,0,10,9,0,10,0,9,0,0,0,1,0,0,0,0,0,0,9
011250106014061,63,0,64,51,13,0,0,0,0,0,0,0,0,0,0,13,50,0,52,43,9,0,0,0,0,0,0,0,0,0,0,9
011250125051022,22,0,23,14,8,0,0,0,0,0,0,0,0,0,0,10,22,0,22,13,7,0,0,0,0,0,0,0,0,0,0,9
011250121013004,29,0,29,13,15,0,0,0,0,0,0,0,0,0,0,15,21,0,20,9,9,0,0,0,0,0,0,0,0,0,0,9
011250119012008,13,0,12,2,7,0,0,0,0,0,0,0,0,0,0,7,13,0,13,0,9,0,0,0,0,0,0,0,0,0,0,9
011250106031014,179,0,175,167,10,0,0,0,0,0,0,0,0,0,0,10,139,0,134,126,9,0,0,0,0,0,0,0,0,0,0,9
011250106033026,70,0,70,55,8,0,0,0,0,0,0,0,0,0,0,8,71,0,73,54,9,0,0,0,0,0,0,0,0,0,0,9
011250107052002,35,0,34,19,12,0,0,0,0,0,0,0,0,1,0,13,28,0,27,15,9,0,0,0,0,0,0,0,0,0,0,9
011250104051055,54,0,56,34,4,0,7,0,0,0,1,0,0,1,6,9,36,0,37,31,4,0,1,0,0,0,0,0,0,0,0,9
011250104051033,79,0,83,77,10,0,1,0,0,0,0,0,0,0,1,9,62,0,64,58,10,0,0,0,0,0,0,0,0,0,0,9
011250108021040,44,2,42,27,10,0,0,0,0,0,0,0,0,0,0,10,33,1,31,17,9,0,0,0,0,0,0,0,0,0,0,9
011250108021010,78,5,73,59,13,0,0,0,0,0,2,0,0,2,0,14,64,3,61,57,9,0,0,0,0,0,0,0,0,0,0,9
011250102061029,25,0,25,1,14,0,0,0,0,7,0,0,0,0,0,18,14,0,15,0,9,0,0,0,0,0,0,0,0,0,0,9
011250119022013,33,0,33,3,31,0,0,0,0,0,0,0,0,0,0,30,13,0,13,3,9,0,0,0,0,0,0,0,0,0,0,9
011250107041010,41,1,40,32,8,0,0,0,0,0,0,0,0,1,0,8,30,1,28,20,9,0,0,0,0,0,0,0,0,0,0,9
011250123062004,107,0,111,69,8,0,6,0,0,0,0,0,0,0,5,8,108,0,111,65,9,0,7,0,0,0,0,0,0,0,6,9
011250126002009,20,0,19,1,9,0,0,0,0,0,0,0,0,0,0,8,18,0,17,0,9,0,0,0,0,0,0,0,0,0,0,9
011250123071023,15,1,14,2,10,0,0,0,0,0,0,0,0,0,0,10,12,0,12,0,9,0,0,0,0,0,0,0,0,0,0,9
011250121011010,65,15,50,32,10,0,0,0,0,0,1,0,0,1,0,12,48,0,39,24,8,0,0,0,0,0,1,0,0,1,0,9
011250121011006,150,15,135,118,14,0,0,0,0,0,0,0,0,0,0,14,114,0,117,116,9,0,0,0,0,0,1,0,0,1,0,9
011250124071018,14,0,12,1,10,0,0,0,0,0,0,0,0,0,0,10,12,0,10,2,9,0,0,0,0,0,0,0,0,0,0,9
011250124071000,13,0,12,1,10,0,0,0,0,0,0,0,0,0,0,11,9,0,10,1,8,0,0,0,0,0,0,0,0,0,0,9
011250124062002,38,0,36,13,10,0,0,0,0,0,0,0,0,0,0,10,30,0,30,12,9,0,0,0,0,0,0,0,0,0,0,9
011250104032024,48,0,48,38,10,0,0,0,0,0,0,0,0,0,0,10,43,0,44,36,9,0,0,0,0,0,0,0,0,0,0,9
011250117032034,14,0,12,1,8,0,0,0,0,5,0,0,0,0,0,10,11,0,11,1,8,0,0,0,0,2,0,0,0,0,0,9
011250112002049,7,0,11,5,5,0,0,0,0,2,0,0,0,0,0,8,7,0,11,5,6,0,0,0,0,2,0,0,0,0,0,9
011250112002026,83,8,11,0,8,0,1,0,0,0,0,0,0,0,2,8,84,8,9,0,9,0,1,0,0,0,0,0,0,0,2,9
011250108023037,45,0,41,32,10,0,0,0,0,0,0,0,0,0,1,9,36,0,40,32,9,0,0,0,0,0,0,0,0,0,0,9
011250108023008,12,2,9,1,14,0,1,0,0,0,0,1,0,0,2,12,7,0,8,0,9,0,1,0,0,0,0,0,0,0,2,9
011250127003030,17,2,15,7,8,0,0,0,0,0,0,0,0,0,0,8,16,1,15,6,9,0,0,0,0,0,0,0,0,0,0,9
011250104052023,31,5,26,11,10,0,0,0,0,0,0,0,0,0,0,12,16,0,18,7,9,0,0,0,0,0,0,0,0,0,0,9
011250118001007,10,0,10,0,9,0,0,0,0,0,0,0,0,0,0,9,9,0,9,0,9,0,0,0,1,0,0,0,0,0,0,9
011250118002033,7,0,7,0,8,0,0,0,0,0,0,0,0,0,0,8,8,0,8,0,9,0,0,0,0,0,0,0,0,0,0,9
011250125033005,36,0,37,20,12,0,0,0,0,12,0,0,0,0,0,15,25,0,26,19,9,0,0,0,0,0,0,0,0,0,0,9
011250104043011,12,0,12,0,6,0,0,0,0,0,0,1,0,0,0,6,13,0,13,0,8,0,0,0,0,0,0,1,0,0,0,9
011250119021017,13,0,13,1,9,0,0,0,0,1,0,0,0,0,0,11,10,0,10,1,6,0,0,0,0,1,0,0,0,0,0,8
011250104042007,16,0,14,5,7,0,0,0,0,0,0,0,0,0,2,7,18,0,15,5,9,0,0,0,0,0,0,0,0,0,2,9
011250104042005,17,0,15,1,12,0,0,0,0,0,0,0,0,0,0,12,14,0,11,1,9,0,0,0,0,0,0,0,0,0,0,9
011250104061003,42,0,40,22,13,0,4,0,0,0,1,0,0,1,3,11,30,0,30,18,9,0,5,0,0,0,1,0,0,1,5,9
011250105001048,8,0,8,0,7,0,0,0,0,0,0,0,0,0,0,7,8,0,9,0,8,0,0,0,0,0,0,0,0,0,0,8
011250105001036,12,0,12,0,12,0,0,0,0,0,0,0,0,0,0,12,7,0,8,0,9,0,0,0,0,0,0,0,0,0,0,8
011250102052047,58,3,49,42,7,0,0,0,0,0,0,0,0,0,0,8,44,0,45,37,8,0,0,0,0,0,0,0,0,0,0,8
011250102052043,21,0,18,6,8,0,0,0,0,0,1,0,0,1,0,9,12,0,13,0,8,0,0,0,0,0,1,0,0,1,0,8
011250124042026,20,0,18,3,7,0,0,0,0,1,0,0,0,0,0,7,22,0,19,3,8,0,0,0,0,0,0,0,0,0,0,8
011250127002027,32,0,33,5,30,0,0,0,0,0,0,0,0,0,5,29,13,0,13,0,9,0,0,0,0,0,0,0,0,0,0,8
011250127002026,20,2,17,2,16,0,0,0,0,0,0,0,0,0,0,15,13,0,13,2,9,0,0,0,0,0,0,0,0,0,0,8
011250119013006,23,0,22,3,13,0,0,0,0,0,0,0,0,0,0,13,14,0,15,2,9,0,0,0,0,0,0,0,0,0,0,8
011250125041020,46,0,46,24,18,0,0,0,0,0,0,0,0,0,4,17,32,0,33,20,9,0,0,0,0,0,0,0,0,0,5,8
011250125041014,46,0,47,32,14,0,0,0,0,0,0,0,0,0,0,13,37,0,38,29,9,0,0,0,0,0,0,0,0,0,0,8
011250102062041,36,0,38,24,7,0,0,0,0,0,1,0,0,1,0,9,33,0,34,19,9,0,0,0,0,0,2,0,0,2,0,9
011250102062014,92,0,97,83,11,0,0,0,0,18,1,0,0,1,0,16,71,0,73,67,7,0,0,0,0,0,0,0,0,0,0,9
011250116001006,22,0,15,3,13,0,0,0,0,0,0,0,0,0,0,13,11,0,11,3,9,0,0,0,0,0,0,0,0,0,0,8
011250125032030,29,0,28,12,7,0,13,0,0,0,0,0,0,0,11,7,23,0,23,9,8,0,6,0,0,0,0,0,0,0,5,8
011250125032015,80,0,77,44,14,0,11,0,0,1,0,0,0,0,9,15,63,0,65,33,6,0,15,0,0,3,0,0,0,0,13,8
011250125011083,8,0,8,0,8,0,0,0,0,0,0,0,0,0,0,8,8,0,8,0,8,0,0,0,0,0,0,0,0,0,0,8
011250101022011,178,0,175,167,7,0,0,0,0,0,0,0,0,0,0,7,149,0,149,142,9,0,0,0,0,0,0,0,0,0,0,8
011250124071036,9,0,9,1,9,0,0,0,0,0,0,0,0,0,0,9,8,0,8,0,8,0,0,0,0,0,0,0,0,0,0,8
011250126002026,66,1,64,51,9,0,0,0,0,0,0,0,0,0,0,9,54,0,53,43,9,0,0,0,0,0,0,0,0,0,0,8
011250103042010,77,0,75,54,15,0,0,0,0,0,0,0,0,0,0,14,48,0,44,31,9,0,0,0,0,0,0,0,0,0,0,8
011250102051026,375,16,357,354,16,0,0,0,0,0,0,0,0,0,0,15,255,4,249,249,9,0,0,0,0,0,0,0,0,0,0,8
011250114021001,216,3,214,231,12,0,1,0,0,0,0,0,0,0,1,13,212,3,210,233,7,0,1,0,0,0,0,0,0,0,1,8
011250103031007,20,2,19,10,9,0,0,0,0,0,0,0,0,0,0,9,14,1,14,6,8,0,0,0,0,0,0,0,0,0,0,8
011250103031001,10,0,10,1,6,0,0,0,0,0,0,0,0,0,0,12,7,0,7,0,3,0,0,0,0,0,0,0,0,0,0,8
011250108021008,88,3,84,82,10,0,0,0,0,0,0,0,0,0,0,10,71,3,68,67,8,0,0,0,0,0,0,0,0,0,0,8
011250104062009,1408,16,1388,1350,19,0,53,0,0,0,0,0,0,0,51,17,1002,10,994,966,10,0,35,0,0,0,0,0,0,0,34,8
011250107041033,33,3,30,18,11,0,0,0,0,0,0,0,0,0,0,11,23,3,21,13,8,0,0,0,0,0,0,0,0,0,0,8
011250107041024,97,5,92,86,13,0,0,0,0,0,0,0,0,0,0,13,72,3,70,63,8,0,0,0,0,0,0,0,0,0,0,8
011250107041008,58,1,57,55,8,0,0,0,0,0,0,0,0,0,0,7,52,0,52,46,8,0,0,0,0,0,0,0,0,0,0,8
011250107041005,39,0,39,27,10,0,0,0,0,0,0,0,0,0,0,10,30,0,30,19,8,0,0,0,0,0,0,0,0,0,0,8
011250114013009,42,1,42,28,8,0,3,0,0,0,0,0,0,0,3,8,43,1,42,29,8,0,3,0,0,0,0,0,0,0,3,8
011250114013007,16,1,16,8,0,0,1,0,0,0,0,0,0,2,1,8,14,1,13,8,0,0,0,0,0,0,0,0,0,2,0,8
011250104033023,26,0,25,13,7,0,0,0,0,7,0,0,0,0,0,11,23,0,21,12,8,0,0,0,0,0,0,0,0,0,0,8
011250104033007,20,0,22,13,7,0,0,0,0,0,0,5,0,0,1,7,21,0,22,12,8,0,0,0,0,0,0,10,0,0,1,8
011250107042051,24,0,26,15,9,0,0,0,0,0,0,0,0,0,0,8,16,0,17,6,8,0,0,0,0,0,0,0,0,0,0,8
011250107042049,25,0,27,17,9,0,0,0,0,0,0,0,0,0,0,8,21,0,22,12,8,0,0,0,0,0,0,0,0,0,0,8
011250107072027,10,0,10,4,13,0,0,0,0,0,0,0,0,0,0,12,8,0,8,5,9,0,0,0,0,0,0,0,0,0,0,8
011250107072024,12,0,12,7,0,0,0,0,0,0,0,0,0,0,0,8,11,0,12,7,0,0,0,0,0,0,0,0,0,0,0,8
011250107072017,9,0,7,2,9,0,0,0,0,0,0,0,0,0,0,8,9,0,7,2,9,0,0,0,0,0,0,0,0,0,0,8
011250107072014,41,0,42,30,9,0,0,0,0,0,0,0,0,0,0,8,31,0,32,23,9,0,0,0,0,0,0,0,0,0,0,8
011250118004019,11,0,12,0,9,0,0,0,0,0,0,0,0,0,0,8,11,0,11,0,8,0,0,0,0,0,0,0,0,0,0,8
011250127001018,36,11,27,0,11,0,0,0,0,0,0,0,0,0,0,10,17,1,16,0,9,0,0,0,0,0,0,0,0,0,0,8
011250127001011,35,0,34,15,10,0,0,0,0,0,0,0,0,0,0,10,21,0,22,11,8,0,0,0,0,0,0,0,0,0,0,8
011250103041049,55,1,57,32,13,0,5,0,0,0,0,0,0,0,3,13,37,1,37,25,8,0,5,0,0,0,0,0,0,0,3,8
011250103041044,83,8,30,12,16,0,0,0,0,0,0,0,0,0,0,15,44,4,16,8,8,0,0,0,0,0,0,0,0,0,0,8
011250103041040,67,7,16,3,7,0,0,0,0,0,0,0,0,0,1,13,42,5,9,1,4,0,0,0,0,0,0,0,0,0,2,8
011250103041032,42,0,46,25,13,0,0,0,0,0,0,0,0,0,3,13,24,0,28,16,8,0,0,0,0,0,0,0,0,0,3,8
011250103041024,44,0,52,28,18,0,2,0,0,0,0,0,0,0,1,17,31,0,36,25,8,0,2,0,0,0,0,0,0,0,1,8
011250103041007,27,0,29,13,18,0,0,0,0,0,0,0,0,0,0,17,18,0,21,14,8,0,0,0,0,0,0,0,0,0,0,8
011250125051038,31,0,32,13,12,0,0,0,0,0,0,0,0,0,0,11,25,0,25,10,8,0,0,0,0,0,0,0,0,0,0,8
011250125051013,24,0,24,16,6,0,0,0,0,0,0,0,0,0,0,6,26,0,26,15,8,0,0,0,0,0,0,0,0,0,0,8
011250108023043,90,1,83,65,11,0,0,0,0,0,0,0,0,0,0,10,72,0,79,66,8,0,0,0,0,0,0,0,0,0,0,8
011250108023018,43,6,36,27,10,0,0,0,0,0,0,0,0,0,0,9,30,0,33,25,8,0,0,0,0,0,0,0,0,0,0,8
011250104041023,37,6,16,0,15,0,0,0,0,0,0,0,0,0,0,14,18,2,9,0,8,0,0,0,0,0,0,0,0,0,0,8
011250104041007,20,2,15,0,14,0,0,0,0,0,0,0,0,0,0,14,8,0,8,0,8,0,0,0,0,0,0,0,0,0,0,8
011250104041002,15,1,15,0,16,0,0,0,0,0,0,0,0,0,0,16,7,0,8,0,8,0,0,0,0,0,0,0,0,0,0,8
011250104041000,57,1,66,5,16,0,0,0,0,0,0,0,0,0,0,16,34,0,39,6,8,0,0,0,0,0,0,0,0,0,0,8
011250104063010,17,0,17,0,11,0,0,0,0,0,0,0,0,0,0,10,18,0,18,0,9,0,0,0,0,0,0,0,0,0,0,8
011250119012004,9,0,9,0,7,0,0,0,0,0,0,0,0,0,0,7,10,0,10,0,8,0,0,0,0,0,0,0,0,0,0,8
011250121012018,29,8,23,11,10,0,0,0,0,0,0,0,0,0,0,9,26,2,23,11,8,0,0,0,0,0,0,0,0,0,0,8
011250123051010,21,0,20,5,11,0,0,0,0,0,0,0,0,0,0,11,13,0,12,6,8,0,0,0,0,0,0,0,0,0,0,8
011250105002038,24,0,14,1,13,0,0,0,0,0,0,0,0,0,0,13,15,0,10,2,8,0,0,0,0,0,0,0,0,0,0,8
011250105002027,16,0,17,0,17,0,0,0,0,0,0,0,0,0,0,17,9,0,9,0,8,0,0,0,0,0,0,0,0,0,0,8
011250104042029,30,0,31,21,11,0,0,0,0,0,0,0,0,0,0,11,28,0,27,20,8,0,0,0,0,0,0,0,0,0,0,8
011250116002037,9,0,8,0,7,0,0,0,0,0,0,0,0,0,0,7,9,0,9,0,8,0,0,0,0,0,0,0,0,0,0,8
011250117032037,13,0,13,1,10,0,0,0,0,0,0,0,0,0,0,11,10,0,10,1,8,0,0,0,0,0,0,0,0,0,0,8
011250117032027,12,0,12,2,8,0,0,0,0,0,0,0,0,0,0,9,11,0,11,2,8,0,0,0,0,0,0,0,0,0,0,8
011250116003080,6,0,7,0,6,0,0,0,0,1,0,0,0,0,0,7,7,0,7,0,6,0,0,0,0,1,0,0,0,0,0,8
011250106012002,607,4,610,614,11,0,0,0,0,0,1,0,0,1,0,10,489,3,490,492,8,0,0,0,0,0,1,0,0,1,0,8
011250124061007,16,1,15,4,10,0,0,0,0,0,0,0,0,0,0,10,10,1,9,0,7,0,0,0,0,0,0,0,0,0,0,8
011250124061003,24,2,21,8,11,0,0,0,0,0,0,0,0,0,0,11,20,2,18,9,8,0,0,0,0,0,0,0,0,0,0,8
011250123063038,25,4,23,16,6,0,0,0,0,0,0,0,0,0,1,6,24,5,21,11,8,0,0,0,0,0,0,0,0,0,1,8
011250123063024,9,0,8,2,6,0,0,0,0,0,0,0,0,0,0,6,10,0,10,2,7,0,0,0,0,0,0,0,0,0,0,8
011250123063016,27,2,25,19,6,0,0,0,0,0,0,0,0,0,0,7,29,3,27,18,6,0,0,0,0,0,0,0,0,0,0,8
011250123063014,29,1,28,22,5,0,0,0,0,0,0,0,0,0,0,7,28,2,26,18,5,0,0,0,0,0,0,0,0,0,0,8
011250121013007,42,0,36,25,10,0,0,0,0,0,0,0,0,0,0,9,37,0,37,29,8,0,0,0,0,0,0,0,0,0,0,8
011250108032025,13,1,11,0,8,0,0,0,0,0,0,0,0,0,0,10,11,1,10,0,6,0,0,0,0,0,0,0,0,0,0,8
011250102052033,66,0,56,44,8,0,0,0,0,11,0,0,0,0,0,13,42,0,43,36,7,0,0,0,0,0,0,0,0,0,0,8
011250102052026,85,3,71,57,11,0,0,0,0,0,2,0,0,2,0,14,57,0,59,53,7,0,0,0,0,0,0,0,0,0,0,8
011250107074000,250,17,234,227,7,0,0,0,0,0,3,0,0,3,0,7,183,0,183,173,8,0,0,0,0,0,0,0,0,0,0,8
011250104052026,61,29,29,17,7,0,0,0,0,11,0,0,0,0,0,11,38,9,23,14,8,0,0,0,0,0,0,0,0,0,0,7
011250102012005,120,0,123,110,6,0,0,0,0,0,4,0,0,4,0,7,92,0,93,82,7,0,0,0,0,0,1,0,0,1,0,7
011250105001072,8,0,8,2,7,0,0,0,0,0,0,0,0,0,0,6,8,0,9,2,8,0,0,0,0,0,0,0,0,0,0,8
011250105001037,16,0,17,7,10,0,0,0,0,0,0,0,0,0,0,10,12,0,14,7,8,0,0,0,0,0,0,0,0,0,0,8
011250121011003,62,1,61,48,10,0,0,0,0,0,1,0,0,1,0,10,50,0,52,47,8,0,0,0,0,0,1,0,0,1,0,7
011250119013015,47,3,44,42,9,0,0,0,0,0,7,0,0,3,0,9,44,1,43,45,8,0,0,0,0,0,7,0,0,5,0,8
011250102061016,42,0,42,25,13,0,0,0,0,2,0,0,0,0,0,14,33,0,32,22,8,0,0,0,0,0,0,0,0,0,0,7
011250103032010,30,0,29,16,6,0,0,0,0,0,0,0,0,1,0,10,16,0,15,6,8,0,0,0,0,0,0,0,0,1,0,7
011250103032001,144,0,146,113,6,0,0,0,0,0,0,0,0,0,0,6,111,0,112,79,8,0,0,0,0,0,0,0,0,0,0,7
011250108031016,20,1,17,1,13,0,0,0,0,0,0,0,0,0,0,13,10,0,9,0,8,0,0,0,0,0,0,0,0,0,0,7
011250108031008,8,0,7,0,7,0,0,0,0,0,0,0,0,0,0,7,7,0,8,0,8,0,0,0,0,0,0,0,0,0,0,7
011250125052001,37,0,36,24,10,0,0,0,0,0,0,0,0,0,0,10,36,0,35,23,8,0,0,0,0,0,0,0,0,0,0,7
011250124033002,34,11,29,23,7,0,0,0,0,0,0,0,0,0,0,8,31,7,27,20,7,0,0,0,0,0,0,0,0,0,0,7
011250102062027,114,0,117,106,8,0,0,0,0,0,3,0,0,3,0,10,108,1,107,98,8,0,0,0,0,0,5,0,0,4,0,8
011250102062004,119,3,91,74,13,0,0,0,0,0,1,0,0,1,0,17,70,2,56,48,8,0,0,0,0,0,2,0,0,1,0,8
011250102062001,21,0,20,4,8,0,0,0,0,0,0,0,0,1,0,10,14,0,12,1,8,0,0,0,0,0,0,0,0,1,0,7
011250107061009,133,26,108,107,7,0,0,0,0,0,0,0,0,0,0,6,101,10,89,84,8,0,0,0,0,0,0,0,0,0,0,8
011250106033036,111,0,113,92,6,0,0,0,0,0,0,0,0,0,0,6,96,0,98,77,7,0,0,0,0,0,0,0,0,0,0,7
011250106033003,28,0,24,14,6,0,0,0,0,0,0,4,0,0,3,6,26,0,21,11,7,0,0,0,0,0,0,7,0,0,3,7
011250108042013,14,3,3,0,7,0,0,0,0,0,0,0,0,0,0,7,8,1,4,0,8,0,0,0,0,0,0,0,0,0,0,7
011250107042035,125,0,130,132,8,0,0,0,0,0,0,0,0,0,0,8,99,0,101,100,7,0,0,0,0,0,0,0,0,0,0,7
011250107042007,154,0,157,161,6,0,0,0,0,0,0,0,0,0,0,8,116,0,115,115,5,0,0,0,0,0,0,0,0,0,0,7
011250104051105,31,1,21,16,8,0,0,0,0,0,0,0,0,0,0,7,29,1,22,17,8,0,0,0,0,0,0,0,0,0,0,7
011250104051087,27,0,28,18,8,0,2,0,0,0,0,0,0,0,2,7,28,0,29,19,8,0,2,0,0,0,0,0,0,0,2,7
011250104051017,26,0,25,21,4,0,0,0,0,0,0,0,0,0,0,7,27,0,26,21,4,0,0,0,0,0,0,0,0,0,0,7
011250102044012,80,0,82,75,2,0,0,0,0,0,0,0,0,0,0,6,71,0,71,61,2,0,0,0,0,0,0,0,0,0,0,7
011250102044004,18,0,15,8,6,0,0,0,0,0,0,0,0,0,0,6,13,0,13,9,8,0,0,0,0,0,0,0,0,0,0,7
011250124031025,17,0,15,2,7,0,0,0,0,0,0,0,0,0,0,7,14,0,13,2,7,0,0,0,0,0,0,0,0,0,0,7
011250123052060,26,2,21,12,7,0,0,0,0,0,0,0,0,0,0,7,17,0,18,9,7,0,0,0,0,0,0,0,0,0,0,7
011250123052009,24,0,25,14,7,0,0,0,0,0,0,0,0,0,0,7,25,0,26,15,7,0,0,0,0,0,0,0,0,0,0,7
011250104032016,22,0,23,10,14,0,0,0,0,0,0,0,0,0,0,14,15,0,15,8,7,0,0,0,0,0,0,0,0,0,0,7
011250104032010,28,0,24,9,8,0,0,0,0,0,1,0,0,2,0,9,23,0,20,8,7,0,0,0,0,0,1,0,0,3,0,7
011250104032003,24,0,24,11,8,0,0,0,0,0,0,0,0,0,0,8,20,0,19,8,7,0,0,0,0,0,0,0,0,0,0,7
011250123053003,26,0,24,13,9,0,0,0,0,0,0,0,0,0,0,9,18,0,18,11,7,0,0,0,0,0,0,0,0,0,0,7
011250107062043,17,0,15,1,10,0,0,0,0,0,0,0,0,0,0,10,10,0,9,1,7,0,0,0,0,0,0,0,0,0,0,7
011250107062034,119,0,105,96,8,0,0,0,0,0,0,0,0,2,0,8,82,0,77,67,7,0,0,0,0,0,0,0,0,2,0,7
011250127003023,9,0,10,1,7,0,0,0,0,0,0,0,0,0,0,7,9,0,9,1,7,0,0,0,0,0,0,0,0,0,0,7
011250125011121,10,1,9,1,7,0,0,0,0,0,0,0,0,0,0,7,9,0,9,1,7,0,0,0,0,0,0,0,0,0,0,7
011250108032028,19,1,17,6,10,0,0,0,0,0,0,0,0,0,0,9,18,2,15,6,7,0,0,0,0,0,0,0,0,0,0,7
011250106043027,53,0,45,44,5,0,0,0,0,0,0,0,0,0,0,4,45,0,35,33,7,0,0,0,0,0,0,0,0,0,0,7
011250106043004,43,0,44,38,5,0,0,0,0,0,0,0,0,0,0,4,43,0,44,37,7,0,0,0,0,0,0,0,0,0,0,7
011250106043003,153,0,156,158,5,0,0,0,0,0,0,0,0,0,0,4,139,0,141,142,7,0,0,0,0,0,0,0,0,0,0,7
011250118001027,9,0,9,0,9,0,0,0,0,0,0,0,0,0,0,9,7,0,7,0,7,0,0,0,0,0,0,0,0,0,0,7
011250118001003,10,0,9,0,9,0,0,0,1,0,0,0,0,0,0,9,8,0,7,0,7,0,0,0,1,0,0,0,0,0,0,7
011250107041011,18,0,18,6,11,0,0,0,0,0,0,0,0,0,0,11,13,0,13,6,7,0,0,0,0,0,0,0,0,0,0,7
011250107063016,16,0,17,13,7,0,2,0,0,0,0,0,0,0,1,6,14,0,16,12,7,0,0,0,0,0,0,0,0,0,0,7
011250108023011,13,2,10,1,11,0,0,0,0,0,0,1,0,0,1,11,8,0,9,2,7,0,0,0,0,0,0,0,0,0,0,7
011250119013002,17,8,11,2,7,0,0,0,0,0,0,0,0,0,0,7,14,1,11,0,7,0,0,0,0,0,0,0,0,0,0,7
011250123042015,15,0,15,0,10,0,0,0,0,0,0,0,0,0,0,11,11,0,11,0,6,0,0,0,0,0,0,0,0,0,0,7
011250107031081,28,0,25,14,11,0,0,0,0,0,0,0,0,0,0,10,20,0,19,12,8,0,0,0,0,0,0,0,0,0,0,7
011250107031079,33,0,35,18,11,0,0,0,0,0,1,0,0,1,0,10,17,0,18,12,7,0,0,0,0,0,0,0,0,0,0,7
011250104042032,47,0,50,49,8,0,0,0,0,0,0,0,0,0,0,8,50,0,52,48,7,0,0,0,0,0,0,0,0,0,0,7
011250104042015,11,0,11,2,6,0,0,0,0,0,0,5,0,0,5,6,11,0,12,2,7,0,0,0,0,0,0,0,0,0,4,7
011250104042012,21,0,16,7,8,0,0,0,0,0,0,0,0,0,2,8,20,0,15,6,7,0,0,0,0,0,0,0,0,0,2,7
011250104052021,31,14,16,8,6,0,0,0,0,0,0,0,0,0,0,7,23,4,17,8,7,0,0,0,0,0,0,0,0,0,0,7
011250104052011,191,15,181,198,7,0,0,0,0,0,0,0,0,0,0,9,131,4,138,150,7,0,0,0,0,0,0,0,0,0,0,7
011250101011034,748,6,746,730,8,0,0,0,0,0,0,0,0,0,0,7,703,6,699,681,7,0,0,0,0,0,0,0,0,0,0,7
011250124081007,10,0,10,0,8,0,0,0,0,0,0,0,0,0,0,8,8,0,8,0,7,0,0,0,0,0,0,0,0,0,0,7
011250123061009,30,0,26,15,7,0,0,0,0,0,0,0,0,0,0,6,32,0,27,17,7,0,0,0,0,0,0,0,0,0,0,7
011250116002046,14,0,13,9,6,0,0,0,0,0,0,0,0,0,0,5,14,0,14,8,7,0,0,0,0,0,0,0,0,0,0,7
011250116002029,12,0,12,8,6,0,0,0,0,0,0,0,0,0,0,6,11,0,11,5,7,0,0,0,0,0,0,0,0,0,0,7
011250105002028,13,0,14,0,14,0,0,0,0,0,0,0,0,0,0,14,8,0,8,0,7,0,0,0,0,0,0,0,0,0,0,7
011250105002024,11,0,12,3,9,0,0,0,0,0,0,0,0,0,0,9,10,0,10,3,7,0,0,0,0,0,0,0,0,0,0,7
011250108022005,10,0,11,5,7,0,0,0,0,0,0,0,0,0,0,7,10,0,10,4,7,0,0,0,0,0,0,0,0,0,0,7
011250123063023,15,0,15,5,6,0,0,0,0,0,0,0,0,0,2,6,16,0,15,5,7,0,0,0,0,0,0,0,0,0,3,7
011250123062001,92,0,92,65,6,0,0,0,0,0,0,0,0,0,0,6,86,0,85,56,7,0,0,0,0,0,0,0,0,0,0,7
011250124061016,14,2,13,3,8,0,0,0,0,0,0,0,0,0,0,9,11,0,10,3,6,0,0,0,0,0,0,0,0,0,0,7
011250102052009,16,12,11,4,6,0,0,0,0,0,0,0,0,0,0,7,13,1,12,5,6,0,0,0,0,0,0,0,0,0,0,7
011250102052004,73,9,60,53,6,0,0,0,0,0,0,0,0,0,0,7,44,0,45,39,6,0,0,0,0,0,0,0,0,0,0,7
011250124042029,32,0,32,37,8,0,0,0,0,0,0,0,0,0,0,8,35,0,35,41,7,0,0,0,0,0,0,0,0,0,0,7
011250124042001,15,0,14,12,5,0,0,0,0,0,0,0,0,0,0,5,15,0,15,10,6,0,0,0,0,1,0,0,0,0,0,7
011250106014039,113,0,101,96,10,0,0,0,0,0,0,0,0,0,0,9,87,0,85,81,7,0,0,0,0,0,0,0,0,0,0,7
011250104033030,33,0,32,26,6,0,0,0,0,0,0,0,0,0,0,6,33,0,30,24,6,0,0,0,0,0,0,0,0,0,0,7
011250106031006,23,0,22,15,6,0,0,0,0,0,0,0,0,0,0,6,19,0,19,12,7,0,0,0,0,0,0,0,0,0,0,7
011250101022007,106,0,107,98,4,0,0,0,0,0,0,0,0,0,9,6,98,0,99,90,5,0,0,0,0,0,0,0,0,0,6,6
011250118004016,10,0,8,0,7,0,0,0,0,0,0,0,0,0,0,7,8,0,6,0,7,0,0,0,0,0,0,0,0,0,0,7
011250118004007,6,0,7,0,7,0,0,0,0,0,0,0,0,0,0,7,6,0,6,0,7,0,0,0,0,0,0,0,0,0,0,7
011250127001015,37,9,30,10,10,0,0,0,0,0,0,0,0,0,1,9,18,0,18,8,7,0,0,0,0,0,0,0,0,0,0,7
011250117032038,6,0,6,0,6,0,0,0,0,0,0,0,0,0,0,6,6,0,6,0,7,0,0,0,0,0,0,0,0,0,0,7
011250124082008,16,3,13,1,10,0,0,0,0,0,0,0,0,0,0,10,11,2,9,1,7,0,0,0,0,0,0,0,0,0,0,7
011250119021028,11,0,10,0,9,0,0,0,0,0,0,0,0,0,0,10,7,0,6,0,5,0,0,0,0,1,0,0,0,0,0,7
011250105001044,21,0,22,13,10,0,0,0,0,0,0,0,0,0,0,10,17,0,19,13,7,0,0,0,0,0,0,0,0,0,0,7
011250105001017,11,2,8,3,6,0,0,0,0,0,0,0,0,0,0,6,8,0,9,3,7,0,0,0,0,0,0,0,0,0,0,7
011250105001003,14,1,12,4,8,0,0,0,0,0,0,0,0,0,0,8,11,0,9,3,7,0,0,0,0,0,0,0,0,0,0,7
011250104063028,105,0,104,89,12,0,0,0,0,0,0,0,0,0,0,12,96,0,96,89,7,0,0,0,0,0,0,0,0,0,0,7
011250119013004,16,4,13,4,6,0,0,0,0,0,3,0,0,1,0,6,13,1,11,0,6,0,0,0,0,0,3,0,0,2,0,7
011250102051018,104,7,95,89,6,0,0,0,0,0,0,0,0,0,0,6,71,0,72,64,6,0,0,0,0,0,0,0,0,0,0,6
011250125041021,27,0,28,17,11,0,0,0,0,0,0,0,0,0,0,11,22,0,22,16,7,0,0,0,0,0,0,0,0,0,0,7
011250116001025,16,0,11,0,11,0,0,0,0,0,0,0,0,0,0,11,6,0,6,0,7,0,0,0,0,0,0,0,0,0,0,6
011250116001004,29,14,17,4,13,0,0,0,0,0,0,0,0,0,0,12,11,0,10,4,7,0,0,0,0,0,0,0,0,0,0,6
011250103052085,69,1,68,24,6,0,10,0,0,0,0,0,0,0,20,6,49,1,49,14,7,0,10,0,0,0,0,0,0,0,20,7
011250124041042,14,2,11,0,11,0,0,0,0,0,0,0,0,0,0,13,7,1,6,0,5,0,0,0,0,0,0,0,0,0,0,7
011250107062061,72,50,47,37,7,0,0,0,0,0,0,0,0,0,0,8,41,31,28,21,7,0,0,0,0,0,0,0,0,0,0,7
011250107062055,22,0,19,13,5,0,0,0,0,0,0,0,0,0,0,5,13,0,13,6,7,0,0,0,0,0,0,0,0,0,0,6
011250104061014,55,0,57,46,5,0,1,0,0,0,1,0,0,1,1,5,41,0,42,34,7,0,0,0,0,0,2,0,0,1,0,7
011250127003013,16,2,14,4,8,0,0,0,0,0,0,0,0,0,0,8,11,0,11,3,6,0,0,0,0,0,0,0,0,0,0,6
011250102062054,109,0,116,113,5,0,0,0,0,9,0,0,0,0,0,8,91,0,94,91,7,0,0,0,0,0,0,0,0,0,0,6
011250102062031,83,0,85,81,5,0,0,0,0,0,0,0,0,0,0,7,72,0,72,67,7,0,0,0,0,0,0,0,0,0,0,6
011250102062009,42,0,45,35,5,0,0,0,0,0,0,0,0,0,0,7,40,0,42,32,7,0,0,0,0,0,0,0,0,0,0,6
011250107061004,89,17,73,59,16,0,0,0,0,0,0,0,0,0,0,15,65,6,59,54,7,0,0,0,0,0,0,0,0,0,0,7
011250106032042,10,0,11,7,6,0,0,0,0,0,0,0,0,0,0,5,10,0,11,7,7,0,0,0,0,0,0,0,0,0,0,6
011250106032036,32,0,32,20,12,0,0,0,0,0,0,0,0,0,0,15,21,0,20,15,7,0,0,0,0,0,0,0,0,0,0,6
011250106032031,20,0,18,12,6,0,0,0,0,0,2,0,0,2,0,5,14,0,13,8,7,0,0,0,0,0,0,0,0,0,0,6
011250106032006,24,0,20,13,11,0,0,0,0,0,0,0,0,0,0,10,21,0,17,12,7,0,0,0,0,0,0,0,0,0,0,6
011250125032032,39,0,40,22,8,0,0,0,0,1,4,0,0,3,2,10,30,0,31,18,6,0,0,0,0,0,0,0,0,0,0,6
011250125032020,16,0,17,9,5,0,0,0,0,1,0,0,0,0,0,7,14,0,14,6,6,0,0,0,0,0,0,0,0,0,0,6
011250104042023,31,0,33,28,6,0,0,0,0,0,0,0,0,0,0,7,25,0,26,20,5,0,0,0,0,0,0,0,0,0,0,6
011250116003104,14,0,14,9,6,0,0,0,0,0,0,0,0,0,0,6,14,0,15,9,6,0,0,0,0,0,0,0,0,0,0,6
011250116003056,26,3,20,14,6,0,0,0,0,0,0,0,0,0,0,6,25,2,19,13,6,0,0,0,0,0,0,0,0,0,0,6
011250123042006,9,0,9,0,9,0,0,0,0,0,0,0,0,0,0,9,6,0,6,0,6,0,0,0,0,0,0,0,0,0,0,6
011250107051018,108,2,105,107,7,0,0,0,0,0,0,0,0,0,0,7,92,2,89,91,6,0,0,0,0,0,0,0,0,0,0,6
011250107052025,9,0,9,1,6,0,0,0,0,0,0,0,0,0,0,6,7,0,8,0,6,0,0,0,0,0,0,0,0,0,0,6
011250121022005,79,0,83,68,19,0,0,0,0,0,0,0,0,0,0,19,61,0,64,66,6,0,0,0,0,0,0,0,0,0,0,6
011250117012009,9,0,10,0,9,0,0,0,0,0,0,0,0,0,0,9,6,0,7,0,6,0,0,0,0,0,0,0,0,0,0,6
011250118002018,13,0,12,1,10,0,0,0,0,0,0,0,0,0,0,11,8,0,8,1,5,0,0,0,0,0,0,0,0,0,0,6
011250107041044,20,2,18,4,3,0,0,0,0,0,0,0,0,1,0,6,13,0,13,3,3,0,0,0,0,0,0,0,0,1,0,6
011250107041031,17,0,17,5,6,3,0,0,0,0,0,0,0,1,0,5,14,0,14,1,6,3,0,0,0,0,0,0,0,2,0,6
011250107041002,43,0,42,41,6,0,0,0,0,0,0,0,0,0,0,5,34,0,34,29,6,0,0,0,0,0,0,0,0,0,0,6
011250103052023,201,4,198,182,6,0,0,0,0,0,0,0,0,0,0,6,146,2,145,128,6,0,0,0,0,0,0,0,0,0,0,6
011250106042011,97,0,99,83,10,0,0,0,0,0,0,0,0,0,0,10,59,0,59,52,6,0,0,0,0,0,0,0,0,0,0,6
011250121012003,134,19,109,132,7,0,0,0,0,0,0,0,0,0,0,7,120,5,111,138,6,0,0,0,0,0,0,0,0,0,0,6
011250107031109,33,0,30,26,6,0,0,0,0,0,0,0,0,0,0,5,25,0,24,19,6,0,0,0,0,0,0,0,0,0,0,6
011250107031075,25,0,25,14,11,0,0,0,0,0,0,0,0,0,0,10,11,0,12,6,6,0,0,0,0,0,0,0,0,0,0,6
011250107042019,43,0,44,30,12,0,0,0,0,0,0,0,0,0,0,12,27,0,26,20,6,0,0,0,0,0,0,0,0,0,0,6
011250128002006,8,0,8,0,6,0,0,0,0,0,0,0,0,0,0,6,7,0,7,0,6,0,0,0,0,0,0,0,0,0,0,6
011250119021036,11,1,10,0,10,0,0,0,0,0,0,0,0,0,0,10,7,1,6,0,6,0,0,0,0,0,0,0,0,0,0,6
011250119021016,6,0,5,0,5,0,0,0,0,0,0,0,0,0,0,5,6,0,6,0,5,0,0,0,0,0,0,0,0,0,0,6
011250125011021,8,0,8,2,6,0,0,0,0,0,0,0,0,0,0,6,8,0,8,2,6,0,0,0,0,0,0,0,0,0,0,6
011250102052005,50,14,39,31,7,0,0,0,0,0,0,0,0,0,0,8,31,2,28,22,6,0,0,0,0,0,0,0,0,0,0,6
011250103033008,22,0,22,11,4,0,0,0,0,0,0,0,0,0,0,8,18,0,18,9,2,0,0,0,0,0,0,0,0,0,0,6
011250105002025,10,0,10,0,9,0,0,0,0,0,0,0,0,0,0,9,7,0,8,0,6,0,0,0,0,0,0,0,0,0,0,6
011250112002056,16,0,26,19,0,0,0,0,0,4,0,0,0,0,0,5,17,0,27,20,0,0,0,0,0,4,0,0,0,0,0,6
011250112002036,45,4,12,1,5,0,5,0,0,0,0,0,0,0,4,5,46,4,13,1,6,0,5,0,0,0,0,0,0,0,4,6
011250106031016,223,0,218,208,11,0,0,0,0,0,0,0,0,0,0,11,174,0,170,163,6,0,0,0,0,0,0,0,0,0,0,6
011250106031012,159,0,158,147,8,0,0,0,0,0,5,0,0,4,0,8,116,0,114,104,6,0,0,0,0,0,5,0,0,4,0,6
011250108041016,25,1,22,12,4,0,0,0,0,0,2,0,0,2,0,5,26,1,23,12,5,0,0,0,0,0,2,0,0,2,0,6
011250102061035,68,0,72,52,6,0,0,0,0,9,0,0,0,0,0,10,59,0,62,48,6,0,0,0,0,0,0,0,0,0,0,6
011250102061021,50,0,48,46,6,0,0,0,0,0,0,0,0,0,0,6,37,0,35,32,6,0,0,0,0,0,0,0,0,0,0,6
011250102061011,36,0,37,22,10,0,0,0,0,4,0,0,0,0,0,12,28,0,29,21,6,0,0,0,0,0,0,0,0,0,0,6
011250103052087,76,2,74,27,7,0,5,0,0,0,0,9,0,0,15,7,46,1,44,14,6,0,5,0,0,0,0,9,0,0,15,6
011250102051032,48,1,48,35,4,0,0,0,0,0,0,0,0,0,0,6,39,0,40,26,4,0,0,0,0,0,0,0,0,0,0,6
011250102051022,222,6,216,196,11,0,0,0,0,0,0,1,0,0,0,10,150,2,148,135,6,0,0,0,0,0,0,1,0,0,0,6
011250124033030,28,5,25,12,9,0,0,0,0,0,0,0,0,0,0,9,21,0,20,10,6,0,0,0,0,0,0,0,0,0,0,6
011250124033008,23,16,18,12,7,0,0,0,0,0,0,0,0,0,0,8,16,7,13,8,6,0,0,0,0,0,0,0,0,0,0,6
011250105001052,11,1,11,0,10,0,0,0,0,0,0,0,0,0,0,10,6,0,7,0,6,0,0,0,0,0,0,0,0,0,0,6
011250105001049,7,1,6,0,6,0,0,0,0,0,0,0,0,0,0,6,7,0,6,0,6,0,0,0,0,0,0,0,0,0,0,6
011250123071007,35,3,31,16,13,0,0,0,0,0,0,0,0,0,1,13,17,0,17,14,6,0,0,0,0,0,0,0,0,0,0,6
011250123071006,29,0,29,16,9,0,3,0,0,0,1,0,0,1,2,9,26,0,26,16,6,0,3,0,0,0,1,0,0,1,3,6
011250117033019,7,0,7,0,7,0,0,0,0,0,0,0,0,0,0,7,5,0,6,0,6,0,0,0,0,0,0,0,0,0,0,6
011250103021020,83,1,81,73,1,0,0,0,0,0,0,0,19,5,0,9,49,1,49,43,1,0,0,0,0,0,0,0,15,5,0,6
011250128001023,25,0,19,0,10,0,0,0,0,0,0,0,0,0,0,15,14,0,9,0,6,0,0,0,0,0,0,0,0,0,0,6
011250116001012,10,0,7,0,7,0,0,0,0,0,0,0,0,0,0,7,5,0,6,0,6,0,0,0,0,0,0,0,0,0,0,6
011250116001011,35,50,16,3,14,0,0,0,0,0,0,0,0,0,0,14,12,0,7,2,6,0,0,0,0,0,0,0,0,0,0,6
011250116001003,25,29,13,4,9,0,0,0,0,0,0,0,0,0,0,9,12,0,9,4,6,0,0,0,0,0,0,0,0,0,0,5
011250121021005,43,1,40,33,6,0,0,0,0,0,0,0,0,0,0,6,32,1,30,25,6,0,0,0,0,0,0,0,0,0,0,6
011250121021001,37,1,35,19,5,0,0,0,0,0,0,0,0,0,0,6,28,1,27,16,4,0,0,0,0,0,0,0,0,0,0,6
011250125052010,38,0,38,24,15,0,0,0,0,0,0,0,0,0,0,14,27,0,27,19,6,0,0,0,0,0,0,0,0,0,0,5
011250125052009,34,0,34,19,8,0,0,0,0,0,0,0,0,0,0,7,30,0,30,15,6,0,0,0,0,0,0,0,0,0,0,5
011250103052048,69,0,70,20,8,0,0,0,0,0,0,0,0,0,0,7,42,0,42,15,6,0,0,0,0,0,0,0,0,0,0,6
011250106033028,100,0,96,75,11,0,0,0,0,0,0,0,0,0,0,11,77,0,77,59,6,0,0,0,0,0,0,0,0,0,0,5
011250106033025,127,0,127,103,5,0,0,0,0,0,0,0,0,0,0,6,108,0,109,86,6,0,0,0,0,0,0,0,0,0,0,5
011250103042016,145,0,150,152,7,0,0,0,0,0,0,0,0,0,0,7,111,0,115,116,6,0,0,0,0,0,0,0,0,0,0,6
011250104051120,49,0,51,44,6,0,1,0,0,0,0,0,0,0,1,5,38,0,38,32,6,0,1,0,0,0,1,0,0,0,1,6
011250104051064,18,0,18,5,6,0,4,0,0,0,0,1,0,0,5,5,12,0,12,2,6,0,3,0,0,0,0,0,0,0,3,5
011250104051042,60,0,61,45,6,0,8,0,0,0,0,0,0,0,7,5,49,0,49,33,6,0,6,0,0,0,0,0,0,0,6,5
011250104051031,39,1,31,17,8,0,0,0,0,0,0,1,0,0,4,7,23,0,21,14,6,0,0,0,0,0,0,1,0,0,2,5
011250104051019,42,1,37,34,6,0,0,0,0,0,0,0,0,0,0,5,33,0,31,29,6,0,0,0,0,0,0,0,0,0,0,5
011250118001021,6,0,6,0,6,0,0,0,0,0,0,0,0,0,0,6,6,0,6,0,6,0,0,0,0,0,0,0,0,0,0,6
011250118001006,12,0,12,0,12,0,0,0,1,0,0,0,0,0,0,12,6,0,6,0,6,0,0,0,0,0,0,0,0,0,0,6
011250114021000,22,1,20,0,9,0,0,0,0,0,0,0,0,0,0,9,20,1,18,0,6,0,0,0,0,0,0,0,0,0,0,6
011250108041010,61,0,62,62,4,0,0,0,0,0,1,0,0,0,0,4,59,0,61,57,4,0,0,0,0,0,1,0,0,0,0,5
011250104033028,61,0,62,59,5,0,0,0,0,0,0,0,0,0,0,5,51,0,50,44,5,0,0,0,0,0,0,0,0,0,0,5
011250118004037,10,0,9,0,3,0,0,0,0,0,0,0,0,0,0,6,8,0,9,0,3,0,0,0,0,0,0,0,0,0,0,5
011250127001019,21,5,16,1,6,0,0,0,0,0,0,0,0,0,0,6,12,1,11,1,6,0,0,0,0,0,0,0,0,0,0,5
011250125031029,92,0,94,79,7,0,5,0,0,0,0,8,0,0,19,8,71,0,72,63,5,0,5,0,0,0,0,0,0,0,11,5
011250103041034,54,0,61,39,11,0,0,0,0,0,0,0,0,0,0,11,40,0,46,38,6,0,0,0,0,0,0,0,0,0,0,5
011250103041013,12,0,14,6,9,0,0,0,0,0,0,0,0,0,0,9,10,0,12,6,5,0,0,0,0,0,0,0,0,0,0,5
011250119021035,8,0,7,0,7,0,0,0,0,0,0,0,0,0,0,7,6,0,5,0,6,0,0,0,0,0,0,0,0,0,0,5
011250119021029,13,1,12,5,6,0,0,0,0,0,0,0,0,0,0,5,9,0,10,4,6,0,0,0,0,0,0,0,0,0,0,5
011250104041020,19,2,13,0,10,0,0,0,0,0,0,0,0,0,0,10,5,0,5,0,5,0,0,0,0,0,0,0,0,0,0,5
011250102062071,20,0,20,14,4,0,0,0,0,0,0,0,0,0,0,6,16,0,17,11,5,0,0,0,0,0,0,0,0,0,0,5
011250102062067,26,0,28,20,6,0,0,0,0,0,0,0,0,0,0,8,23,0,24,18,5,0,0,0,0,0,0,0,0,0,0,5
011250102062064,81,0,85,84,4,0,0,0,0,0,0,0,0,0,0,6,77,0,80,78,5,0,0,0,0,0,0,0,0,0,0,5
011250102062048,84,1,83,76,2,0,0,0,0,28,1,0,0,1,0,6,54,0,56,48,2,0,0,0,0,0,0,0,0,0,0,5
011250102062013,14,0,14,8,4,0,0,0,0,0,0,0,0,0,0,6,14,0,14,8,5,0,0,0,0,0,0,0,0,0,0,5
011250119012003,4,0,4,0,2,0,0,0,0,0,0,0,0,0,0,4,5,0,5,0,3,0,0,0,0,0,0,0,0,0,0,5
011250114011009,39,0,40,34,6,0,0,0,0,0,0,0,0,0,0,7,39,0,39,34,4,0,0,0,0,0,0,0,1,0,0,6
011250107061020,16,7,10,2,5,0,0,0,0,0,0,0,0,0,0,5,17,4,10,2,6,0,0,0,0,0,0,0,0,0,0,5
011250107061003,62,2,59,56,5,0,0,0,0,0,0,0,0,0,0,5,51,0,53,48,5,0,0,0,0,0,0,0,0,0,0,5
011250124041047,5,1,4,0,5,0,0,0,0,0,0,0,0,0,0,5,3,0,3,0,5,0,0,0,0,0,0,0,0,0,0,5
011250124041046,15,1,14,2,5,0,0,0,0,0,0,0,0,0,0,5,12,1,11,1,5,0,0,0,0,0,0,0,0,0,0,5
011250112001024,53,9,45,35,6,0,0,0,0,0,0,1,0,0,1,7,48,9,40,32,4,0,0,0,0,0,0,0,0,0,0,5
011250116002045,12,0,12,3,7,0,0,0,0,0,0,0,0,0,0,7,7,0,7,0,5,0,0,0,0,0,0,0,0,0,0,5
011250116002033,10,0,6,0,4,0,0,0,0,0,0,0,0,0,0,4,11,0,7,0,5,0,0,0,0,0,0,0,0,0,0,5
011250116002020,6,0,5,0,4,0,0,0,0,0,0,0,0,0,0,4,6,0,6,0,5,0,0,0,0,0,0,0,0,0,0,5
011250123063032,40,0,40,37,4,0,0,0,0,0,0,0,0,0,0,4,33,0,32,25,5,0,0,0,0,0,0,0,0,0,0,5
011250123063030,16,2,14,7,4,0,0,0,0,0,0,0,0,0,3,4,18,3,16,7,5,0,0,0,0,0,0,0,0,0,4,5
011250120021001,77,0,71,57,5,0,0,0,0,0,0,0,0,0,0,5,77,0,72,57,6,0,0,0,0,0,0,0,0,0,0,5
011250121012023,62,16,49,47,7,0,0,0,0,0,0,0,0,0,0,7,49,0,46,45,5,0,0,0,0,0,0,0,0,0,0,5
011250102052048,27,3,22,13,7,0,0,0,0,0,1,0,0,0,0,8,14,0,14,8,5,0,0,0,0,0,0,0,0,0,0,5
011250102052044,39,0,33,29,4,0,0,0,0,0,0,0,0,0,0,5,24,0,25,21,5,0,0,0,0,0,0,0,0,0,0,5
011250102052023,9,0,8,2,6,0,0,0,0,0,0,0,0,0,0,7,7,0,7,2,5,0,0,0,0,0,0,0,0,0,0,5
011250102052020,17,14,11,6,3,0,0,0,0,0,0,0,0,0,0,5,16,2,12,6,4,0,0,0,0,0,0,0,0,0,0,5
011250102052003,85,44,60,53,4,0,1,0,0,0,1,0,0,1,0,5,48,5,40,34,5,0,1,0,0,0,0,0,0,0,1,5
011250102052002,16,3,13,5,4,0,0,0,0,0,0,0,0,0,0,5,13,0,13,4,5,0,0,0,0,0,0,0,0,0,0,5
011250107052023,20,1,18,14,4,0,0,0,0,0,0,0,0,0,0,4,19,0,19,14,5,0,0,0,0,0,0,0,0,0,0,5
011250108021005,53,7,47,47,5,0,0,0,0,0,0,0,0,0,0,5,45,3,42,41,5,0,0,0,0,0,0,0,0,0,0,5
011250119022008,11,0,11,3,6,0,0,0,0,0,0,0,0,1,0,6,10,0,10,3,5,0,0,0,0,0,0,0,0,1,0,5
011250107041036,6,0,6,0,5,0,0,0,0,0,0,0,0,0,0,5,5,0,5,0,5,0,0,0,0,0,0,0,0,0,0,5
011250104043020,160,1,164,152,4,0,0,0,0,0,0,19,0,0,49,4,166,0,172,158,5,0,0,0,0,0,0,16,0,0,50,5
011250104043008,39,1,36,24,4,0,0,0,0,0,0,5,0,0,0,5,40,1,36,25,5,0,0,0,0,0,0,4,0,0,0,5
011250104043001,32,0,33,26,4,0,0,0,0,0,0,4,0,0,0,4,27,0,29,21,5,0,0,0,0,0,0,3,0,0,0,5
011250107062092,60,10,50,39,7,0,13,0,0,0,0,0,0,0,4,6,42,2,38,33,5,0,0,0,0,0,0,0,0,0,0,5
011250107062074,9,0,8,0,4,0,0,0,0,0,0,0,0,0,0,4,8,0,7,0,5,0,0,0,0,0,0,0,0,0,0,5
011250106031002,53,0,54,41,5,0,0,0,0,0,6,0,0,4,0,5,52,0,53,39,5,0,0,0,0,0,6,0,0,4,0,5
011250107031126,20,0,20,15,4,0,0,0,0,0,0,0,0,0,0,4,17,0,17,11,5,0,0,0,0,0,0,0,0,0,0,5
011250103022043,10,0,12,8,0,0,0,0,0,28,0,0,0,0,0,13,8,0,8,7,0,0,0,0,0,6,0,0,0,0,0,5
011250103022039,108,1,117,98,3,0,0,0,0,0,0,0,0,0,0,4,98,0,107,92,5,0,0,0,0,0,0,0,0,1,0,5
011250103022008,28,2,23,18,3,0,0,0,0,9,0,0,0,0,0,9,17,0,17,14,5,0,0,0,0,0,0,0,0,0,0,5
011250103022007,17,0,17,13,3,0,0,0,0,0,0,0,0,0,0,4,14,0,16,12,5,0,0,0,0,0,0,0,0,0,0,5
011250102061042,73,0,76,72,9,0,0,0,0,0,0,0,0,0,0,10,53,0,56,56,5,0,0,0,0,0,0,0,0,0,0,5
011250102061022,27,0,28,24,5,0,0,0,0,0,0,0,0,0,0,5,20,0,20,16,5,0,0,0,0,0,0,0,0,0,0,5
011250103032031,22,0,22,16,4,0,0,0,0,0,0,0,0,0,0,4,15,0,15,9,5,0,0,0,0,0,0,0,0,0,0,5
011250108032017,9,0,9,0,6,0,0,0,0,0,0,0,0,0,0,6,8,0,8,0,5,0,0,0,0,0,0,0,0,0,0,5
011250108031039,38,2,28,26,7,0,0,0,0,0,0,0,0,0,0,7,33,2,30,32,5,0,0,0,0,0,0,0,0,0,0,5
011250108031029,20,0,20,2,17,0,0,0,0,0,0,0,0,0,0,16,8,0,8,2,5,0,0,0,0,0,0,0,0,0,0,5
011250101012040,38,2,34,15,6,0,16,0,0,0,0,0,0,0,19,4,32,3,28,15,6,0,5,0,0,0,0,0,0,0,7,5
011250102051023,266,5,262,250,6,0,0,0,0,0,0,0,0,0,1,9,194,3,191,181,4,0,0,0,0,0,0,0,0,0,1,5
011250105002042,38,0,42,34,11,0,0,0,0,0,0,0,0,0,0,10,28,0,30,31,5,0,0,0,0,0,0,0,0,0,0,5
011250105002040,38,0,42,38,7,0,0,0,0,0,0,0,0,0,0,7,29,0,31,33,5,0,0,0,0,0,0,0,0,0,0,5
011250105002005,16,0,16,8,7,0,0,0,0,0,0,0,0,0,0,6,13,0,14,9,5,0,0,0,0,0,0,0,0,0,0,5
011250121022006,52,1,46,27,16,0,0,0,0,0,0,0,0,0,0,21,32,0,29,26,5,0,0,0,0,0,0,0,0,0,0,5
011250102044018,55,0,57,53,4,0,0,0,0,0,0,0,0,0,0,4,39,0,40,35,5,0,0,0,0,0,0,0,0,0,0,5
011250101051005,24,0,21,10,0,0,0,0,0,0,0,0,0,0,0,3,19,0,19,9,0,0,0,0,0,1,0,0,0,0,0,5
011250123052025,22,1,21,13,5,0,0,0,0,0,0,0,0,0,0,4,24,1,22,13,5,0,0,0,0,0,0,0,0,0,0,5
011250123052024,36,0,37,17,11,2,0,0,0,0,0,0,0,4,0,13,31,0,32,18,2,2,0,0,0,0,0,0,0,3,0,5
011250123052016,41,0,41,18,16,0,8,0,0,0,0,0,0,0,7,16,33,0,33,18,5,0,9,0,0,0,0,0,0,0,8,5
011250125031025,151,0,153,137,11,0,0,0,0,0,0,4,0,0,3,13,108,0,108,108,4,0,0,0,0,0,0,0,0,0,0,5
011250127003022,163,118,36,41,5,0,0,0,0,0,0,0,0,0,0,4,98,33,35,34,5,0,0,0,0,0,0,0,0,0,0,5
011250127003017,9,3,7,0,5,0,0,0,0,0,0,0,0,0,0,4,9,1,6,0,5,0,0,0,0,0,0,0,0,0,0,5
011250125011052,8,0,8,2,5,0,0,0,0,0,0,0,0,0,0,5,7,0,7,1,5,0,0,0,0,0,0,0,0,0,0,5
011250125011044,6,0,6,0,6,0,0,0,0,0,0,0,0,0,0,6,4,0,4,0,5,0,0,0,0,0,0,0,0,0,0,5
011250105001051,6,1,4,0,4,0,0,0,0,0,0,0,0,0,0,4,6,0,5,0,5,0,0,0,0,0,0,0,0,0,0,5
011250105001045,6,0,7,3,4,0,0,0,0,0,0,0,0,0,0,4,4,0,5,0,5,0,0,0,0,0,0,0,0,0,0,5
011250105001038,10,2,7,1,5,0,0,0,0,0,0,0,0,0,0,5,8,0,5,0,5,0,0,0,0,0,0,0,0,0,0,5
011250105001000,79,29,33,31,4,0,0,0,0,0,0,0,0,0,0,4,61,0,30,26,5,0,0,0,0,0,0,0,0,0,0,5
011250106042010,58,2,53,46,4,1,0,0,0,0,0,0,0,0,0,4,44,1,43,38,5,0,0,0,0,0,0,0,0,0,0,5
011250126001012,25,0,24,18,5,0,0,0,0,0,1,0,0,3,0,5,25,0,25,17,5,0,0,0,0,0,1,0,0,3,0,5
011250116001023,8,0,6,0,6,0,0,0,0,0,0,0,0,0,0,6,5,0,5,0,5,0,0,0,0,0,0,0,0,0,0,5
011250104042026,17,0,7,3,4,0,0,0,0,0,0,0,0,0,0,4,13,0,8,3,5,0,0,0,0,0,0,0,0,0,0,5
011250104042009,19,0,18,15,4,0,0,0,0,0,0,0,0,0,0,4,19,0,18,13,5,0,0,0,0,0,0,0,0,0,0,5
011250104052025,23,13,9,4,4,0,0,0,0,0,0,0,0,0,0,5,20,6,10,4,5,0,0,0,0,0,0,0,0,0,0,5
011250104052022,40,20,18,8,5,0,0,0,0,8,0,0,0,0,0,8,28,8,14,8,4,0,0,0,0,0,0,0,0,0,0,5
011250102012015,56,0,59,55,4,0,0,0,0,0,0,0,0,0,0,4,44,0,47,41,5,0,0,0,0,0,0,0,0,0,0,5
011250116003095,9,0,9,5,4,0,0,0,0,0,0,0,0,0,0,4,9,0,9,5,5,0,0,0,0,0,0,0,0,0,0,5
011250116003090,5,0,5,0,6,0,0,0,0,0,0,0,0,0,0,6,4,0,4,0,5,0,0,0,0,0,0,0,0,0,0,5
011250116003081,12,0,12,0,12,0,0,0,0,1,0,0,0,0,0,13,4,0,4,0,3,0,0,0,0,1,0,0,0,0,0,5
011250116003068,54,0,55,50,4,0,0,0,0,0,0,0,0,0,0,4,54,0,55,49,5,0,0,0,0,0,0,0,0,0,0,5
011250116003048,18,0,17,13,4,0,0,0,0,0,0,0,0,0,0,4,17,0,16,12,5,0,0,0,0,0,0,0,0,0,0,5
011250116003013,18,6,4,0,4,0,0,0,0,0,0,0,0,0,0,4,18,4,4,0,5,0,0,0,0,0,0,0,0,0,0,5
011250119021031,9,0,9,5,4,0,0,0,0,0,0,0,0,0,0,4,9,0,10,6,5,0,0,0,0,0,0,0,0,0,0,5
011250119021004,7,0,6,0,4,0,0,0,0,0,0,0,0,0,0,4,7,0,6,0,4,0,0,0,0,0,0,0,0,0,0,5
011250121013002,26,0,21,17,4,0,0,0,0,0,0,0,0,0,0,4,24,0,24,19,5,0,0,0,0,0,0,0,0,0,0,5
011250108022028,48,2,43,28,5,0,0,0,0,0,0,0,0,0,0,4,39,1,38,23,5,0,0,0,0,0,0,0,0,0,0,5
011250108022003,9,0,8,0,2,0,0,0,0,0,0,0,0,0,1,4,4,1,3,0,2,0,0,0,0,0,0,0,0,0,0,5
011250107071000,136,1,137,112,5,0,0,0,0,0,0,0,0,0,0,4,107,1,104,83,5,0,0,0,0,0,0,0,0,0,0,5
011250102041017,307,0,317,323,4,0,0,0,0,0,0,0,0,0,0,7,212,0,215,216,4,0,0,0,0,0,0,0,0,0,0,4
011250102031083,12,0,8,5,0,0,0,0,0,10,0,0,0,0,0,3,11,0,8,5,0,0,0,0,0,30,0,0,0,0,0,5
011250102031059,52,0,57,56,0,0,0,0,0,10,0,0,0,0,0,3,41,0,45,43,0,0,0,0,0,30,0,0,0,0,0,5
011250124061010,29,0,28,15,9,0,6,0,0,0,0,0,0,0,5,8,23,0,22,17,5,0,2,0,0,0,0,0,0,0,2,5
011250123071013,21,4,14,11,5,0,0,0,0,0,0,0,0,0,0,5,18,2,14,12,5,0,0,0,0,0,0,0,0,0,0,5
011250103031013,71,0,70,56,5,0,0,0,0,0,0,0,0,1,0,5,55,0,55,47,4,0,0,0,0,0,0,0,0,0,0,4
011250103031011,51,0,50,34,10,0,0,0,0,0,0,0,0,0,0,13,34,0,33,27,4,0,0,0,0,0,0,0,0,0,0,4
011250121011002,40,6,34,18,8,0,0,0,0,0,0,0,0,0,0,8,28,0,29,16,5,0,0,0,0,0,0,0,0,0,0,4
011250124071048,8,0,6,0,7,0,0,0,0,0,0,0,0,0,0,7,5,0,4,0,5,0,0,0,0,0,0,0,0,0,0,5
011250124071038,8,0,9,1,9,0,0,0,0,0,0,0,0,0,0,8,5,0,5,1,5,0,0,0,0,0,0,0,0,0,0,4
011250123061008,59,0,55,58,3,0,0,0,0,0,0,0,0,0,0,3,58,0,54,52,5,0,0,0,0,0,0,0,0,1,0,4
011250123061006,20,0,21,8,6,0,0,0,0,0,1,0,0,0,0,6,18,0,18,8,5,0,0,0,0,0,1,0,0,0,0,4
011250117032069,5,0,5,0,4,0,0,0,0,0,0,0,0,0,0,4,4,0,4,0,4,0,0,0,0,0,0,0,0,0,0,4
011250117032066,8,0,8,1,2,0,0,0,0,20,0,0,0,0,0,6,6,0,6,1,2,0,0,0,0,4,0,0,0,0,0,4
011250117032059,7,0,7,0,7,0,0,0,0,0,0,0,0,0,0,8,4,0,4,0,4,0,0,0,0,0,0,0,0,0,0,4
011250119011008,91,0,90,61,23,0,0,0,0,0,0,0,0,0,0,22,79,0,76,60,4,0,0,0,0,0,0,0,0,0,0,4
011250104041006,10,0,12,1,7,0,0,0,0,0,0,0,0,0,0,7,3,0,4,0,5,0,0,0,0,0,0,0,0,0,0,4
011250108032007,55,9,37,30,10,0,0,0,0,0,0,0,0,0,0,9,40,6,31,30,5,0,0,0,0,0,0,0,0,0,0,4
011250118001017,5,0,5,0,5,0,0,0,0,0,0,0,0,0,0,5,4,0,5,0,4,0,0,0,0,0,0,0,0,0,0,4
011250118001015,5,0,5,0,5,0,0,0,0,0,0,0,0,0,0,5,5,0,5,0,4,0,0,0,0,0,0,0,0,0,0,4
011250118001009,13,0,11,0,10,0,0,0,1,0,0,0,0,0,0,10,6,0,4,0,4,0,0,0,0,0,0,0,0,0,0,4
011250118002012,4,0,4,0,4,0,0,0,0,0,0,0,0,0,0,4,4,0,4,0,4,0,0,0,0,0,0,0,0,0,0,4
011250123063029,30,0,29,21,8,0,0,0,0,0,0,0,0,0,0,9,21,0,21,16,4,0,0,0,0,0,0,0,0,0,0,4
011250123063009,9,0,9,5,3,0,0,0,0,0,0,0,0,0,2,3,11,0,10,4,4,0,0,0,0,0,0,0,0,0,3,4
011250104061004,259,0,261,253,4,0,4,0,0,0,0,0,0,0,3,3,178,0,179,166,5,0,5,0,0,0,1,0,0,1,5,4
011250104061001,32,0,27,15,2,0,4,0,0,0,0,0,0,0,3,3,20,0,16,10,2,0,0,0,0,0,0,0,0,1,0,4
011250104061000,314,0,317,317,4,0,0,0,0,0,0,0,0,0,0,3,188,0,190,185,4,0,0,0,0,0,0,0,0,0,0,4
011250125031014,65,0,62,53,6,0,0,0,0,0,0,0,0,0,0,8,55,0,54,50,4,0,0,0,0,0,0,0,0,0,0,4
011250125031005,30,0,30,18,10,0,0,0,0,0,0,0,0,0,0,10,20,0,19,13,4,0,0,0,0,0,0,0,0,0,0,4
011250102052059,6,0,5,1,4,0,0,0,0,0,0,0,0,0,0,4,5,0,5,1,4,0,0,0,0,0,0,0,0,0,0,4
011250102052022,6,3,4,0,4,0,0,0,0,0,0,0,0,0,0,4,4,0,4,0,4,0,0,0,0,0,0,0,0,0,0,4
011250124042004,10,0,9,6,3,0,0,0,0,1,0,0,0,0,0,4,7,0,7,2,3,0,0,0,0,1,0,0,0,0,0,4
011250128001002,5,0,5,0,0,0,0,0,0,0,0,0,0,0,0,6,4,0,4,0,0,0,0,0,0,0,0,0,0,0,0,4
011250102062060,64,1,55,53,3,0,0,0,0,0,0,0,0,0,0,4,54,2,45,42,4,0,0,0,0,0,0,0,0,0,0,4
011250102062056,57,1,55,50,5,0,0,0,0,0,0,0,0,0,0,7,53,1,51,49,4,0,0,0,0,0,0,0,0,0,0,4
011250114011001,28,0,29,24,4,0,0,0,0,0,0,0,0,0,0,7,27,0,28,25,1,0,0,0,0,0,0,0,1,0,0,4
011250107061028,35,1,34,26,4,0,0,0,0,0,0,0,0,0,1,4,34,1,34,25,4,0,0,0,0,0,0,0,0,0,1,4
011250107061026,33,3,31,27,4,0,0,0,0,0,0,0,0,0,0,5,24,0,25,22,4,0,0,0,0,0,0,0,0,0,0,4
011250107061012,20,0,20,15,4,0,0,0,0,0,0,0,0,0,0,4,12,0,13,7,4,0,0,0,0,0,0,0,0,0,0,4
011250107061001,132,1,129,121,12,0,0,0,0,0,0,0,0,0,0,11,88,1,90,88,4,0,0,0,0,0,0,0,0,0,0,4
011250102061013,16,0,17,12,4,0,0,0,0,2,0,0,0,0,0,5,14,0,15,11,4,0,0,0,0,0,0,0,0,0,0,4
011250103042027,52,0,52,48,5,0,0,0,0,0,0,0,0,0,1,5,45,0,45,42,4,0,0,0,0,0,0,0,0,0,1,4
011250103042021,191,0,191,197,5,0,0,0,0,0,0,0,0,0,2,6,139,0,140,145,4,0,0,0,0,0,0,0,0,0,1,4
011250102051030,39,1,38,30,7,0,0,0,0,0,0,0,0,0,0,6,33,1,32,27,4,0,0,0,0,0,0,0,0,0,0,4
011250107052033,23,0,23,22,4,1,0,0,0,0,0,0,0,1,0,4,23,0,23,20,4,1,0,0,0,0,0,0,0,1,0,4
011250102012012,57,0,59,52,5,0,0,0,0,0,0,0,0,0,0,5,44,0,45,41,4,0,0,0,0,0,0,0,0,0,0,4
011250102012003,92,0,95,88,6,0,8,0,0,0,0,0,0,0,4,6,65,0,69,66,4,0,4,0,0,0,0,0,0,0,1,4
011250108021047,7,0,7,0,4,0,0,0,0,0,0,0,0,0,0,4,5,0,5,0,4,0,0,0,0,0,0,0,0,0,0,4
011250101023094,84,0,85,68,4,0,7,0,0,0,0,0,0,0,16,3,85,0,85,70,4,0,8,0,0,0,0,0,0,0,13,4
011250107041027,20,0,20,12,6,7,0,0,0,0,0,0,0,1,0,6,17,0,17,11,4,7,0,0,0,0,0,0,0,1,0,4
011250114013001,76,8,67,55,0,0,0,0,0,0,0,0,0,1,0,4,71,8,62,51,0,0,0,0,0,0,0,0,0,1,1,4
011250106042015,14,0,13,4,3,1,0,0,0,0,0,0,0,0,0,4,11,1,10,3,4,0,0,0,0,0,0,0,0,0,0,4
011250104071002,12,7,9,1,6,0,0,0,0,0,0,0,0,0,1,7,9,8,6,1,4,0,0,0,0,0,0,0,0,0,1,4
011250104033019,20,0,22,13,6,0,0,0,0,0,0,0,0,0,0,6,15,0,16,12,4,0,0,0,0,0,0,0,0,0,0,4
011250104033017,11,0,7,4,4,0,0,0,0,0,0,0,0,0,0,4,8,0,4,0,4,0,0,0,0,0,0,0,0,0,0,4
011250104033004,51,0,36,29,2,0,0,0,0,0,0,0,0,0,0,4,33,0,30,23,3,0,0,0,0,0,0,0,0,0,0,4
011250107031112,30,0,30,27,4,0,0,0,0,0,0,0,0,0,0,4,22,0,21,17,4,0,0,0,0,0,0,0,0,0,0,4
011250107031057,14,0,14,12,3,0,0,0,0,0,0,0,0,0,0,3,8,0,8,5,4,0,0,0,0,0,0,0,0,0,0,4
011250107031047,12,0,9,6,3,0,0,0,0,0,0,0,0,0,0,3,9,0,5,2,4,0,0,0,0,0,0,0,0,0,0,4
011250107042008,42,0,43,31,8,0,0,0,0,0,0,0,0,0,0,10,26,0,26,23,4,0,0,0,0,0,0,0,0,0,0,4
011250107072011,25,0,24,16,4,0,0,0,0,0,0,0,0,0,0,4,17,0,17,12,4,0,0,0,0,0,0,0,0,0,0,4
011250107032027,21,0,17,6,4,0,0,0,0,0,0,40,0,0,40,5,18,0,18,7,4,0,0,0,0,0,0,4,0,0,4,4
011250118004034,10,0,9,0,10,0,0,0,0,0,0,0,0,0,0,10,4,0,4,0,4,0,0,0,0,0,0,0,0,0,0,4
011250118004020,10,0,10,0,4,0,0,0,0,0,0,0,0,0,0,4,10,0,10,0,4,0,0,0,0,0,0,0,0,0,0,4
011250118004017,8,0,8,0,9,0,0,0,0,0,0,0,0,0,0,8,4,0,4,0,4,0,0,0,0,0,0,0,0,0,0,4
011250103041063,43,2,36,17,7,0,0,0,0,0,0,0,0,0,0,7,22,1,21,17,4,0,0,0,0,0,0,0,0,0,0,4
011250103041021,15,0,16,6,7,0,0,0,0,0,0,0,0,0,0,7,11,0,12,6,4,0,0,0,0,0,0,0,0,0,0,4
011250103041016,24,0,28,12,13,0,0,0,0,0,0,0,0,0,0,17,14,0,16,12,4,0,0,0,0,0,0,0,0,0,0,4
011250119021040,5,0,5,0,6,0,0,0,0,0,0,0,0,0,0,5,4,0,4,0,4,0,0,0,0,0,0,0,0,0,0,4
011250119021039,7,1,6,0,4,0,0,0,0,0,0,0,0,0,0,5,5,0,5,0,3,0,0,0,0,0,0,0,0,0,0,4
011250119021015,10,2,7,3,4,0,0,0,0,0,0,0,0,0,0,4,8,1,5,0,4,0,0,0,0,0,0,0,0,0,0,4
011250119021014,5,1,4,0,4,0,0,0,0,0,0,0,0,0,0,4,5,0,4,0,4,0,0,0,0,0,0,0,0,0,0,4
011250127003021,15,3,13,10,4,0,0,0,0,0,0,0,0,0,0,4,12,1,11,8,4,0,0,0,0,0,0,0,0,0,0,4
011250127003003,12,2,10,6,3,0,0,0,0,0,0,0,0,0,0,4,10,1,7,3,3,0,0,0,0,0,0,0,0,0,0,4
011250125051007,28,0,28,17,4,0,0,0,0,0,0,0,0,0,0,4,29,0,30,17,4,0,0,0,0,0,0,0,0,0,0,4
011250125051006,26,0,24,16,3,0,0,0,0,0,0,0,0,0,0,6,26,0,23,17,4,0,0,0,0,0,0,0,0,0,0,4
011250104063038,64,0,63,57,6,0,2,0,0,0,0,0,0,0,1,5,63,0,62,56,4,0,0,0,0,0,0,0,0,0,0,4
011250101012035,12,1,9,5,5,0,0,0,0,0,0,0,0,0,0,3,9,0,9,5,5,0,0,0,0,0,0,0,0,0,0,4
011250101012032,87,5,77,68,4,0,4,0,0,0,0,0,0,0,5,3,62,3,58,52,5,0,2,0,0,0,0,0,0,0,3,4
011250105002046,14,0,16,6,9,0,0,0,0,0,0,0,0,0,0,10,5,0,6,2,3,0,0,0,0,0,0,0,0,0,0,4
011250105002035,10,0,8,3,5,0,0,0,0,0,0,0,0,0,0,5,9,0,7,3,4,0,0,0,0,0,0,0,0,0,0,4
011250105002032,11,0,12,4,8,0,0,0,0,0,0,0,0,0,0,8,5,0,6,1,4,0,0,0,0,0,0,0,0,0,0,4
011250105002014,6,0,7,1,5,0,0,0,0,0,0,0,0,0,0,5,4,0,5,0,4,0,0,0,0,0,0,0,0,0,0,4
011250105002004,97,0,80,73,4,0,0,0,0,0,1,0,1,2,0,5,78,0,63,68,3,0,0,0,0,0,4,0,1,8,0,4
011250120011017,68,0,71,77,3,0,0,0,0,0,0,0,0,0,0,5,63,0,65,70,3,0,0,0,0,0,0,0,0,0,0,4
011250124031049,18,0,19,5,7,0,0,0,0,0,0,0,0,0,0,8,9,0,9,3,3,0,0,0,0,0,0,0,0,0,0,4
011250107051003,9,0,9,2,4,0,0,0,0,0,0,0,0,0,0,4,10,0,10,2,4,0,0,0,0,0,0,0,0,0,0,4
011250124041051,9,0,9,1,7,0,0,0,0,0,0,0,0,0,0,7,6,0,6,0,4,0,0,0,0,0,0,0,0,0,0,4
011250108041009,25,0,26,19,4,0,0,0,0,0,0,0,0,0,0,6,18,0,18,14,3,0,0,0,0,0,0,0,0,0,0,4
011250101051033,30,0,32,29,0,0,0,0,0,0,0,0,0,0,0,2,24,0,25,21,0,0,0,0,0,1,0,0,0,0,0,4
011250101051032,17,0,18,12,0,0,0,0,0,0,0,0,0,0,0,3,15,0,15,11,0,0,0,0,0,1,0,0,0,0,0,4
011250108032027,26,2,24,20,6,0,0,0,0,0,0,0,0,0,0,6,20,2,18,16,3,0,0,0,0,0,0,0,0,0,0,4
011250118001018,5,0,5,0,4,0,0,0,0,0,0,0,0,0,0,4,4,0,5,0,3,0,0,0,0,0,0,0,0,0,0,4
011250105001042,11,0,12,5,5,0,0,0,0,0,0,0,0,0,0,6,8,0,9,6,2,0,0,0,0,0,0,0,0,0,0,4
011250105001006,5,0,5,0,3,0,0,0,0,0,0,0,0,0,0,5,3,0,4,0,4,0,0,0,0,0,0,0,0,0,0,4
011250117033029,8,0,8,2,5,0,0,0,0,0,0,0,0,0,0,5,6,0,6,2,4,0,0,0,0,0,0,0,0,0,0,4
011250117033005,4,0,4,0,4,0,0,0,0,0,0,0,0,0,0,4,4,0,4,0,4,0,0,0,0,0,0,0,0,0,0,4
011250116001033,11,0,8,2,6,0,0,0,0,0,0,0,0,0,0,6,5,0,6,2,4,0,0,0,0,0,0,0,0,0,0,4
011250116001017,10,0,7,1,5,0,0,0,0,0,0,0,0,0,0,5,4,0,5,0,4,0,0,0,0,0,0,0,0,0,0,4
011250125031039,35,0,33,21,6,0,1,0,0,0,1,0,0,1,3,8,25,0,26,18,4,0,1,0,0,0,1,0,0,1,2,4
011250125031017,27,0,27,19,7,0,0,0,0,0,0,0,0,0,0,7,23,0,24,19,4,0,0,0,0,0,0,0,0,0,0,4
011250104072010,23,0,23,0,4,0,0,0,0,0,0,0,0,0,0,4,20,0,20,0,4,0,0,0,0,0,0,0,0,0,0,4
011250125052013,102,2,96,84,0,0,0,0,0,0,2,0,0,1,0,3,91,2,86,68,0,0,0,0,0,0,0,0,0,0,0,4
011250106033038,7,0,7,2,3,0,0,0,0,0,0,0,0,0,1,5,6,0,6,2,4,0,0,0,0,0,0,0,0,0,2,4
011250108042037,35,1,37,15,0,0,0,0,0,7,0,0,0,0,0,10,18,1,18,8,0,0,0,0,0,0,0,0,0,0,0,4
011250108042027,23,0,26,9,14,4,0,0,0,0,0,0,0,1,0,13,18,0,20,9,4,1,0,0,0,0,0,0,0,0,0,4
011250108042022,6,1,5,0,3,0,0,0,0,4,0,0,0,0,0,10,3,0,2,0,4,0,0,0,0,0,0,0,0,0,0,4
011250108042016,14,1,14,6,3,0,0,0,0,0,0,0,0,0,0,3,11,0,13,6,4,0,0,0,0,0,0,0,0,0,0,4
011250108042012,18,0,21,9,3,0,0,0,0,2,0,0,0,0,0,7,16,0,18,9,0,0,0,0,0,0,0,0,0,0,0,4
011250108042005,28,3,19,3,21,0,0,0,0,0,0,0,0,1,0,20,14,1,11,3,4,0,0,0,0,0,0,0,0,0,0,4
011250117012010,6,0,5,0,4,0,0,0,0,0,0,0,0,0,0,4,5,0,4,0,4,0,0,0,0,0,0,0,0,0,0,4
011250117012005,119,2,110,147,4,0,0,0,0,0,1,0,0,3,0,4,118,3,110,151,4,0,0,0,0,0,1,0,0,3,0,4
011250104051102,100,0,104,93,17,0,0,0,0,0,0,0,0,0,1,14,59,0,60,57,4,0,0,0,0,0,0,0,0,0,0,4
011250104051059,18,1,8,6,2,0,0,0,0,0,0,0,0,0,0,4,11,1,8,6,2,0,0,0,0,0,0,0,0,0,0,4
011250104051056,53,1,47,44,8,0,0,0,0,0,0,0,0,0,0,7,29,0,29,27,4,0,0,0,0,0,0,0,0,0,0,4
011250104051035,73,0,72,58,0,0,5,0,0,0,0,0,0,0,4,3,44,0,42,33,0,0,2,0,0,0,0,0,0,0,2,4
011250104051009,86,0,89,86,6,0,1,0,0,0,0,0,0,0,1,5,84,0,86,85,4,0,0,0,0,0,0,0,0,0,0,4
011250104051001,15,0,16,8,6,0,0,0,0,0,0,0,0,0,1,5,14,0,14,8,4,0,0,0,0,0,0,0,0,1,0,4
011250127002012,21,1,20,11,7,0,0,0,0,0,0,0,0,0,0,7,17,2,15,11,4,0,0,0,0,0,0,0,0,0,0,4
011250127002005,18,1,17,8,9,0,0,0,0,0,0,0,0,0,0,9,10,0,10,6,4,0,0,0,0,0,0,0,0,0,0,4
011250104043018,9,0,9,4,3,0,0,0,0,0,0,1,0,0,0,3,10,0,10,4,4,0,0,0,0,0,0,1,0,0,0,4
011250104043016,12,1,8,1,4,0,0,0,0,0,0,1,0,0,0,4,10,1,6,0,4,0,0,0,0,0,0,1,0,0,0,4
011250104043003,24,1,19,13,3,0,0,0,0,0,0,3,0,0,0,3,21,1,16,11,4,0,0,0,0,0,0,2,0,0,0,4
011250104032005,24,0,24,18,6,0,0,0,0,0,0,0,0,0,0,6,18,0,18,14,4,0,0,0,0,0,0,0,0,0,0,4
011250107062093,17,0,16,12,2,0,0,0,0,0,0,0,0,0,0,3,16,0,15,11,3,0,0,0,0,0,0,0,0,0,0,4
011250125011053,6,0,6,1,4,0,0,0,0,0,0,0,0,0,0,4,4,0,4,0,4,0,0,0,0,0,0,0,0,0,0,4
011250125011035,9,0,9,0,9,0,0,0,0,0,0,0,0,0,0,9,3,0,3,0,4,0,0,0,0,0,0,0,0,0,0,4
011250123043016,14,0,14,0,8,0,6,0,0,0,0,0,0,0,13,7,9,0,9,0,3,0,7,0,0,0,0,0,0,0,14,4
011250106043033,109,0,109,109,2,0,0,0,0,0,0,0,0,0,0,2,106,0,106,109,4,0,0,0,0,0,0,0,0,0,0,4
011250106043009,78,0,79,74,7,0,0,0,0,0,0,0,0,0,0,9,63,0,64,63,4,0,0,0,0,0,0,0,0,0,0,4
011250106043007,43,0,41,35,9,0,0,0,0,0,0,0,0,0,0,7,40,0,37,37,4,0,0,0,0,0,0,0,0,0,0,4
011250106043002,110,0,105,106,2,0,0,0,0,0,0,0,0,0,0,3,106,0,99,101,3,0,0,0,0,0,0,0,0,0,0,3
011250107063078,44,0,40,28,3,0,7,0,0,0,0,0,0,0,4,3,43,0,41,29,4,0,10,0,0,0,0,0,0,0,7,4
011250107063066,23,0,25,20,3,0,0,0,0,0,0,0,0,0,1,3,20,0,21,17,4,0,0,0,0,0,0,0,0,0,0,4
011250107063025,7,0,8,4,3,0,0,0,0,0,0,0,0,0,0,9,5,0,5,4,4,0,0,0,0,0,0,0,0,0,0,4
011250107063022,12,0,13,9,3,0,0,0,0,0,0,0,0,0,1,3,13,0,14,10,4,0,0,0,0,0,0,0,0,0,2,3
011250107063018,5,0,3,2,3,0,0,0,0,0,0,0,0,0,0,3,5,0,4,2,3,0,0,0,0,0,0,0,0,0,0,3
011250107063002,15,0,16,13,3,0,0,0,0,0,0,0,0,0,0,3,15,0,17,14,3,0,0,0,0,0,0,0,0,0,0,3
011250108023041,43,15,30,25,4,0,0,0,0,0,0,0,0,0,0,4,32,0,31,27,3,0,0,0,0,0,0,0,0,0,0,3
011250108023002,16,13,6,3,4,0,0,0,0,0,0,0,0,0,1,4,13,0,5,2,3,0,0,0,0,0,0,0,0,0,0,3
011250123042000,8,1,6,1,4,0,0,0,0,0,0,0,0,0,0,4,6,0,5,1,4,0,0,0,0,0,0,0,0,0,0,4
011250104041019,21,2,16,0,9,0,0,0,0,0,0,0,0,0,0,10,10,1,7,0,4,0,0,0,0,0,0,0,0,0,0,4
011250104052019,55,25,29,18,7,0,0,0,0,0,0,0,0,0,0,9,32,8,18,16,3,0,0,0,0,0,0,0,0,0,0,3
011250112001025,44,9,37,32,2,0,0,0,0,26,0,0,0,0,0,3,40,6,35,29,1,0,0,0,0,33,0,0,0,0,0,3
011250123071020,8,0,8,2,4,0,2,0,0,0,0,0,0,0,1,4,6,0,6,2,3,0,0,0,0,0,0,0,0,0,0,3
011250123071016,12,0,12,9,4,0,0,0,0,0,0,0,0,0,0,4,10,0,11,7,3,0,0,0,0,0,0,0,0,0,0,3
011250103052045,61,0,62,41,4,0,0,0,0,0,0,0,0,0,0,4,41,0,42,29,3,0,0,0,0,0,0,0,0,0,0,3
011250103052027,131,4,126,125,4,0,0,0,0,0,0,0,0,0,0,3,98,2,93,89,3,0,0,0,0,0,0,0,0,0,0,3
011250102052037,46,9,37,35,3,0,0,0,0,0,0,0,0,0,0,3,36,1,35,33,3,0,0,0,0,0,0,0,0,0,0,3
011250102052029,46,0,39,36,4,0,0,0,0,0,0,0,0,0,0,4,29,0,30,28,3,0,0,0,0,0,0,0,0,0,0,3
011250124042017,5,0,4,2,3,0,0,0,0,0,0,0,0,0,0,3,6,0,5,2,3,0,0,0,0,0,0,0,0,0,0,3
011250106014010,14,0,14,5,4,0,0,0,1,0,0,0,0,1,0,5,9,0,10,5,2,0,0,0,0,0,0,0,0,1,0,3
011250106014000,29,0,25,19,3,0,0,0,0,0,0,0,0,0,0,3,17,0,17,13,3,0,0,0,0,0,0,0,0,0,0,3
011250106042029,79,0,80,66,4,0,0,0,0,0,1,0,0,3,0,4,61,0,61,50,4,0,0,0,0,0,1,0,0,2,0,3
011250106042026,94,2,91,88,3,0,0,0,0,0,0,0,0,0,0,3,71,0,71,66,3,0,0,0,0,0,0,0,0,0,0,3
011250107042052,19,0,16,9,6,0,0,0,0,0,0,0,0,0,0,5,12,0,12,8,3,0,0,0,0,0,0,0,0,0,0,3
011250107042050,77,0,81,84,4,0,0,0,0,0,0,0,0,0,0,3,55,0,57,58,3,0,0,0,0,0,0,0,0,0,0,3
011250107042027,7,0,6,1,3,0,0,0,0,0,0,0,0,0,0,3,6,0,6,1,3,0,0,0,0,0,0,0,0,0,0,3
011250107042020,14,0,12,3,6,0,0,0,0,0,0,0,0,0,0,6,10,0,7,3,3,0,0,0,0,0,0,0,0,0,0,3
011250107042015,21,0,22,19,3,0,0,0,0,0,0,0,0,0,0,3,15,0,16,12,3,0,0,0,0,0,0,0,0,0,0,3
011250107073009,91,2,89,92,3,0,0,0,0,0,0,0,0,0,0,3,89,0,89,89,3,0,0,0,0,0,0,0,0,0,0,3
011250101022044,240,0,243,234,7,0,0,0,0,0,0,0,0,0,0,7,191,0,193,189,3,0,0,0,0,0,0,0,0,0,0,3
011250101022030,7,0,7,5,3,0,0,0,0,0,0,0,0,0,0,3,7,0,7,5,3,0,0,0,0,0,0,0,0,0,0,3
011250102061041,25,0,24,21,3,0,0,0,0,0,0,0,0,0,0,3,20,0,20,17,3,0,0,0,0,0,0,0,0,0,0,3
011250102061012,25,0,22,12,7,0,0,0,0,0,0,0,0,0,0,7,21,0,19,13,3,0,0,0,0,0,0,0,0,0,0,3
011250102061005,81,0,85,88,3,0,0,0,0,0,0,0,0,0,0,3,69,0,72,75,3,0,0,0,0,0,0,0,0,0,0,3
011250102051029,40,0,40,33,5,0,0,0,0,0,0,0,0,0,0,6,34,0,35,31,2,0,0,0,0,0,0,0,0,0,0,3
011250124031010,8,0,5,0,4,0,0,0,0,0,0,0,0,0,0,4,4,0,3,0,3,0,0,0,0,0,0,0,0,0,0,3
011250121012002,15,19,8,0,2,0,0,0,0,0,0,0,0,0,0,4,12,12,7,0,2,0,0,0,0,0,0,0,0,0,0,3
011250118003028,4,0,4,0,0,0,0,0,0,0,0,0,0,0,0,4,3,0,3,0,0,0,0,0,0,0,0,0,0,0,0,3
011250103042039,29,0,27,17,4,0,7,0,0,0,0,0,0,0,5,4,25,0,24,16,3,0,3,0,0,0,0,0,0,0,2,3
011250125031016,146,0,143,134,4,0,2,0,0,0,0,8,0,0,11,6,110,0,106,106,3,0,2,0,0,0,0,0,0,0,4,3
011250127003004,11,3,8,3,3,0,0,0,0,0,0,0,0,0,0,4,9,2,6,2,3,0,0,0,0,0,0,0,0,0,0,3
011250124061009,16,1,16,7,5,0,0,0,0,0,0,0,0,0,0,6,14,1,12,9,3,0,0,0,0,0,0,0,0,0,0,3
011250102062068,10,0,9,0,6,0,0,0,0,0,0,0,0,0,0,8,5,0,4,0,3,0,0,0,0,0,0,0,0,0,0,3
011250102062059,73,0,76,69,6,0,0,0,0,18,0,0,0,0,0,10,58,0,59,58,3,0,0,0,0,0,0,0,0,0,0,3
011250102062044,10,0,8,4,3,0,0,0,0,0,0,0,0,0,0,3,8,0,8,4,3,0,0,0,0,0,0,0,0,0,0,3
011250102062042,32,1,29,25,3,0,0,0,0,0,0,0,0,0,0,3,23,0,22,19,3,0,0,0,0,0,0,0,0,0,0,3
011250102062040,12,0,13,4,3,0,0,0,0,0,1,0,0,1,0,3,9,0,9,4,3,0,0,0,0,0,2,0,0,2,0,3
011250102062032,17,0,17,7,3,0,0,0,0,9,4,0,0,4,0,4,8,0,8,3,3,0,0,0,0,0,2,0,0,1,0,3
011250102062011,50,0,51,32,3,0,0,0,0,0,14,0,0,12,0,3,34,0,34,24,3,0,0,0,0,0,10,0,0,9,0,3
011250102062005,27,1,10,4,3,0,0,0,0,0,0,0,0,0,0,4,13,1,8,4,3,0,0,0,0,0,0,0,0,0,0,3
011250107061027,40,6,34,23,9,0,0,0,0,0,0,4,0,0,3,8,26,3,22,17,3,0,0,0,0,0,0,4,0,0,3,3
011250107061024,19,6,13,11,3,0,0,0,0,0,0,0,0,0,0,3,16,3,10,7,3,0,0,0,0,0,0,0,0,0,0,3
011250107061005,19,9,11,8,3,0,0,0,0,0,0,0,0,0,0,3,16,4,9,6,3,0,0,0,0,0,0,0,0,0,0,3
011250106032041,11,0,12,4,3,0,32,0,0,0,0,0,0,0,13,8,9,0,10,3,3,0,32,0,0,0,0,0,0,0,22,3
011250106032035,12,0,12,8,3,0,0,0,0,0,0,0,0,0,7,3,6,0,5,3,3,0,0,0,0,0,0,0,0,0,0,3
011250106032030,41,0,39,30,11,0,0,0,0,0,0,0,0,0,0,10,31,0,29,22,3,0,0,0,0,0,0,0,0,0,0,3
011250106032013,67,0,69,47,14,0,0,0,0,0,2,0,0,2,19,23,43,0,44,33,3,0,0,0,0,0,2,0,0,2,22,3
011250106032009,33,0,30,20,3,0,0,0,0,0,3,0,0,3,0,2,27,0,26,17,3,0,0,0,0,0,2,0,0,2,0,3
011250104062013,53,0,52,44,6,0,0,0,0,0,0,0,0,0,0,5,27,0,27,19,4,0,0,0,0,0,0,0,0,0,0,3
011250104062006,84,9,76,57,0,0,0,0,0,0,0,0,0,0,1,5,67,5,62,48,0,0,0,0,0,0,0,0,0,0,0,3
011250104042027,4,0,4,1,3,0,0,0,0,0,0,0,0,0,0,3,4,0,4,0,3,0,0,0,0,0,0,0,0,0,0,3
011250104042025,30,0,31,23,5,0,0,0,0,0,22,0,0,16,0,4,33,0,33,25,3,0,0,0,0,0,22,0,0,16,0,3
011250116003110,9,0,9,0,9,0,0,0,0,0,0,3,0,0,1,9,4,0,4,0,3,0,0,0,0,0,0,3,0,0,1,3
011250116003098,10,0,11,8,3,0,0,0,0,0,0,0,0,0,0,3,11,0,11,8,3,0,0,0,0,0,0,0,0,0,0,3
011250116003037,12,0,12,9,3,0,0,0,0,0,0,0,0,0,0,3,11,0,11,8,3,0,0,0,0,0,0,0,0,0,0,3
011250116003023,8,2,4,1,3,0,0,0,0,0,0,0,0,0,0,3,8,1,4,1,3,0,0,0,0,0,0,0,0,0,0,3
011250106012034,96,0,98,84,4,0,0,0,0,0,1,0,0,1,0,4,79,1,79,69,3,0,0,0,0,0,1,0,0,1,0,3
011250121013008,27,0,26,20,3,0,0,0,0,0,0,0,0,0,0,3,30,0,29,23,3,0,0,0,0,0,0,0,0,0,0,3
011250121013006,54,0,50,38,7,0,1,0,0,0,0,0,0,0,4,7,45,0,43,35,3,0,1,0,0,0,0,0,0,0,3,3
011250121021002,31,1,29,29,3,0,0,0,0,0,0,0,0,0,0,3,26,1,24,22,3,0,0,0,0,0,0,0,0,0,0,3
011250108021026,23,5,18,17,3,0,0,0,0,0,0,0,0,0,0,3,18,0,18,17,3,0,0,0,0,0,0,0,0,0,0,3
011250107041013,82,3,79,80,3,0,0,0,0,0,0,0,0,1,0,3,69,4,65,61,3,0,0,0,0,0,0,0,0,2,0,3
011250107041006,20,0,20,14,3,0,0,0,0,0,0,0,0,1,0,5,18,0,18,13,2,0,0,0,0,0,0,0,0,1,0,3
011250103052090,97,2,95,85,3,0,0,0,0,0,0,9,0,0,5,3,75,1,73,63,3,0,0,0,0,0,0,9,0,0,5,3
011250107031055,43,0,41,38,2,0,0,0,0,0,0,0,0,0,0,2,42,0,41,35,3,0,0,0,0,0,0,0,0,0,0,3
011250103033030,2,0,2,0,3,0,0,0,0,0,0,0,0,0,0,3,2,0,2,0,3,0,0,0,0,0,0,0,0,0,0,3
011250103033029,8,0,8,3,3,0,0,0,0,0,0,0,0,0,0,4,6,0,6,3,3,0,0,0,0,0,0,0,0,0,0,3
011250103033018,4,0,4,1,0,0,0,0,0,0,0,0,0,0,0,4,2,0,2,0,0,0,0,0,0,0,0,0,0,0,0,3
011250103033016,10,0,10,4,4,0,0,0,0,0,0,0,0,0,0,4,3,0,3,0,3,0,0,0,0,0,0,0,0,0,0,3
011250103033002,24,0,23,9,10,0,0,0,0,0,0,0,0,0,0,11,16,1,15,7,3,0,0,0,0,0,0,0,0,0,0,3
011250123061012,18,0,16,10,2,0,0,0,0,0,0,0,0,0,0,3,14,0,14,10,2,0,0,0,0,0,0,0,0,0,0,3
011250101012036,26,3,21,17,0,0,0,0,0,0,0,0,0,0,0,3,21,2,19,16,0,0,0,0,0,0,0,0,0,0,0,3
011250105002045,5,0,5,1,4,0,0,0,0,0,0,0,0,0,0,4,3,0,4,0,3,0,0,0,0,0,0,0,0,0,0,3
011250112002043,11,0,14,7,3,0,0,0,16,0,0,0,0,0,0,3,11,0,14,7,3,0,0,0,16,0,0,0,0,0,0,3
011250112002032,273,28,18,9,3,0,0,0,11,0,0,0,4,3,0,8,277,28,16,9,3,0,0,0,11,0,0,0,1,0,0,3
011250112002016,164,16,12,4,3,0,0,0,11,0,3,0,0,3,0,3,167,17,13,4,3,0,0,0,11,0,3,0,0,3,0,3
011250112002007,13,0,21,14,3,0,0,0,0,0,1,0,0,1,0,3,12,0,22,15,3,0,0,0,0,0,1,0,0,2,0,3
011250108041044,25,0,25,20,3,0,0,0,0,0,0,0,0,0,0,4,23,0,23,20,2,0,0,0,0,0,0,0,0,0,0,3
011250108041043,14,0,14,8,3,0,0,0,0,0,0,0,0,0,0,4,11,0,10,6,2,0,0,0,0,0,0,0,0,0,0,3
011250108041017,22,0,24,18,2,0,0,0,0,0,1,0,0,1,0,2,18,0,19,12,2,0,0,0,0,0,1,0,0,1,0,3
011250108041011,14,0,14,10,3,0,0,0,0,0,1,0,0,0,0,3,9,0,9,4,2,0,0,0,0,0,1,0,0,1,0,3
011250105001065,11,3,6,4,3,0,0,0,0,0,0,0,0,0,0,2,12,0,7,4,3,0,0,0,0,0,0,0,0,0,0,3
011250105001058,19,2,17,12,7,0,0,0,0,0,0,0,0,0,0,6,13,0,15,13,3,0,0,0,0,0,0,0,0,0,0,3
011250105001014,8,0,7,4,3,0,0,0,0,0,0,0,0,0,0,3,7,0,8,4,3,0,0,0,0,0,0,0,0,0,0,3
011250116001022,11,14,6,0,5,0,0,0,0,0,0,0,0,0,0,6,4,0,3,0,2,0,0,0,0,0,0,0,0,0,0,3
011250116001001,13,28,4,1,3,0,0,0,0,0,0,0,0,0,0,3,6,0,4,1,3,0,0,0,0,0,0,0,0,0,0,3
011250107051019,44,0,44,41,5,0,0,0,0,0,0,0,0,0,0,5,35,1,34,34,3,0,0,0,0,0,0,0,0,0,0,3
011250107051015,12,2,9,4,3,0,0,0,0,0,0,0,0,0,0,3,9,1,8,4,3,0,0,0,0,0,0,0,0,0,0,3
011250120021003,58,0,61,53,3,0,0,0,0,0,0,0,0,0,0,3,59,0,62,56,3,0,0,0,0,0,0,0,0,0,0,3
011250114024010,24,0,24,19,3,0,2,0,0,0,0,0,0,0,2,2,20,0,21,19,3,0,0,0,0,0,0,0,0,0,0,3
011250101011063,366,3,366,375,2,0,0,0,0,0,0,0,0,0,0,2,337,4,334,335,3,0,0,0,0,0,0,0,0,0,0,3
011250101011054,151,2,149,153,2,0,0,0,0,0,0,0,0,0,0,2,152,0,154,155,3,0,0,0,0,0,0,0,0,0,0,3
011250124061002,22,7,16,10,3,0,0,0,0,0,0,0,0,0,0,4,19,10,13,10,2,0,0,0,0,0,0,0,0,0,0,3
011250120011014,24,0,23,22,3,0,0,0,0,0,0,0,0,0,0,3,21,0,22,20,3,0,0,0,0,0,0,0,0,0,0,3
011250114012016,154,1,153,145,3,0,0,0,0,0,0,0,0,0,1,2,159,1,158,149,3,0,0,0,0,0,0,0,0,0,1,3
011250104032025,25,0,25,17,9,0,0,0,0,0,0,0,0,0,0,9,16,0,17,14,3,0,0,0,0,0,0,0,0,0,0,3
011250104032019,6,0,5,0,4,0,0,0,0,0,0,0,0,0,0,4,4,0,3,0,3,0,0,0,0,0,0,0,0,0,0,3
011250123043010,5,0,4,2,2,0,0,0,0,0,0,0,0,0,0,3,5,0,5,3,3,0,0,0,0,0,0,0,0,0,0,3
011250123043001,10,0,5,0,3,0,6,0,0,0,0,0,0,0,4,3,9,0,5,0,3,0,7,0,0,0,0,0,0,0,4,3
011250106042030,40,1,37,34,2,0,0,0,0,0,0,0,0,0,0,2,28,3,25,21,3,0,0,0,0,0,0,0,0,0,0,3
011250106042021,47,0,47,45,3,0,0,0,0,0,0,0,0,0,0,3,33,1,32,30,3,0,0,0,0,0,0,0,0,0,0,3
011250106042005,115,0,116,120,0,0,0,0,0,0,0,0,0,0,0,3,86,0,86,88,0,0,0,0,0,0,0,0,0,0,0,3
011250104033032,11,0,5,2,1,0,0,0,0,2,0,0,0,0,0,3,10,0,5,2,1,0,0,0,0,10,0,0,0,0,0,3
011250104033009,15,0,16,11,2,0,0,0,0,0,0,0,0,0,0,2,8,0,8,4,3,0,0,0,0,0,0,0,0,0,0,3
011250107042055,17,0,18,13,3,0,0,0,0,0,0,0,0,0,0,3,14,0,15,12,3,0,0,0,0,0,0,0,0,0,0,3
011250107042041,57,0,58,61,3,0,0,0,0,0,0,0,0,0,0,3,45,0,47,48,3,0,0,0,0,0,0,0,0,0,0,3
011250107042024,42,0,44,44,3,0,0,0,0,0,0,0,0,0,0,3,33,0,33,33,3,0,0,0,0,0,0,0,0,0,0,3
011250125031020,14,0,14,3,5,0,0,0,0,0,0,0,0,1,0,7,5,0,6,0,3,0,0,0,0,0,1,0,0,0,0,3
011250125031015,12,0,12,6,4,0,1,0,0,0,0,0,0,0,3,3,11,0,11,6,3,0,1,0,0,0,0,0,0,0,2,3
011250119021043,12,0,12,5,6,0,0,0,0,0,0,0,0,0,0,6,7,0,7,3,3,0,0,0,0,0,0,0,0,0,0,3
011250119021005,3,0,4,1,2,0,0,0,0,0,0,0,0,0,0,2,4,0,4,1,3,0,0,0,0,0,0,0,0,0,0,3
011250125051036,19,0,19,5,10,0,0,0,0,0,0,0,0,0,0,10,13,0,13,5,2,0,0,0,0,0,0,0,0,0,0,3
011250108023046,15,1,14,11,3,0,0,0,0,0,0,0,0,0,0,3,15,0,16,13,3,0,0,0,0,0,0,0,0,0,0,3
011250108023026,6,2,4,1,3,0,0,0,0,0,0,0,0,0,0,3,5,0,4,2,3,0,0,0,0,0,0,0,0,0,0,3
011250108023019,14,10,7,3,7,0,0,0,0,0,0,0,0,0,0,6,7,0,5,3,3,0,0,0,0,0,0,0,0,0,0,3
011250108023001,34,14,21,17,3,0,3,0,0,0,0,0,0,0,1,3,28,0,26,21,2,0,3,0,0,0,0,0,0,0,1,2
011250104063032,39,0,40,31,4,0,1,0,0,0,0,0,0,0,1,4,32,0,33,27,3,0,0,0,0,0,0,0,0,0,0,3
011250104063001,10,0,10,1,4,0,0,0,0,0,0,0,0,0,0,5,7,0,7,1,3,0,0,0,0,0,0,0,0,0,0,3
011250124031028,5,0,4,0,0,0,0,0,0,0,0,0,0,0,0,2,4,0,3,0,0,0,0,0,0,0,0,0,0,0,0,3
011250124041057,4,0,4,0,3,0,0,0,0,0,0,0,0,0,0,3,3,0,3,0,3,0,0,0,0,0,0,0,0,0,0,3
011250123063031,28,1,27,26,2,0,0,0,0,0,0,0,0,0,0,2,23,2,22,18,3,0,0,0,0,0,0,0,0,0,0,3
011250123063018,13,0,13,11,2,0,0,0,0,0,0,0,0,0,0,2,13,0,13,10,3,0,0,0,0,0,0,0,0,0,0,3
011250123063012,14,1,13,5,3,0,0,0,0,0,0,0,0,0,0,6,8,0,8,4,0,0,0,0,0,0,0,0,0,0,0,2
011250103021012,86,6,80,82,0,0,0,0,0,2,4,0,0,16,0,3,62,3,59,56,1,0,0,0,0,0,4,0,0,14,0,3
011250119014002,109,0,108,92,3,0,5,0,0,0,0,0,0,0,0,3,105,0,103,89,3,0,5,0,0,0,0,0,0,0,0,3
011250102052050,6,6,3,0,3,0,0,0,0,0,0,0,0,0,0,3,4,1,3,0,2,0,0,0,0,0,0,0,0,0,0,3
011250102052036,8,0,7,5,2,0,0,0,0,0,0,0,0,0,0,3,4,0,4,2,2,0,0,0,0,0,0,0,0,0,0,3
011250102052027,17,0,15,12,2,0,0,0,0,0,0,0,0,0,0,3,15,0,15,13,2,0,0,0,0,0,0,0,0,0,0,3
011250102052011,13,14,7,0,1,0,0,0,0,3,2,0,0,2,0,2,8,1,6,0,2,0,0,0,0,2,1,0,0,1,0,2
011250106014053,9,0,8,4,2,0,0,0,0,0,0,1,0,0,1,2,8,0,7,2,3,0,0,0,0,0,0,0,0,0,0,3
011250106014041,19,0,19,12,4,0,0,0,1,0,0,0,0,0,0,4,12,0,12,9,3,0,0,0,0,0,0,0,0,0,0,3
011250106014026,134,0,137,144,2,0,0,0,0,0,0,0,0,0,0,2,110,0,112,115,2,0,0,0,0,0,0,0,0,0,0,2
011250103052024,84,2,83,71,4,0,0,0,0,0,0,0,0,0,0,4,46,0,47,40,3,0,0,0,0,0,0,0,0,0,0,3
011250106031018,7,0,7,1,2,0,0,0,0,0,0,0,0,2,0,2,7,0,7,1,2,0,0,0,0,0,0,0,0,3,0,2
011250106031015,44,0,44,37,8,0,0,0,0,0,0,0,0,0,0,8,32,0,32,30,2,0,0,0,0,0,0,0,0,0,0,2
011250106031009,16,0,16,10,3,0,0,0,0,0,0,0,0,1,0,3,11,0,11,8,2,0,0,0,0,0,0,0,0,0,0,2
011250107032083,81,31,58,54,3,0,0,0,0,0,0,0,0,0,0,4,54,2,52,50,3,0,0,0,0,0,0,0,0,0,0,3
011250104062020,85,0,84,83,5,0,0,0,0,0,0,0,0,0,0,4,50,0,51,48,3,0,0,0,0,0,0,0,0,0,0,3
011250102061007,26,0,27,24,3,0,0,0,0,0,0,0,0,0,0,3,27,0,27,25,3,0,0,0,0,0,0,0,0,0,0,3
011250102061003,8,0,6,1,3,0,0,0,0,2,0,0,0,0,0,4,6,0,4,1,2,0,0,0,0,0,0,0,0,0,0,2
011250103032042,13,0,12,8,0,0,0,0,0,0,0,0,0,0,0,2,14,0,13,8,0,0,0,0,0,0,0,0,0,0,0,3
011250103032032,39,0,40,31,2,0,0,0,0,0,0,0,0,0,0,2,36,0,37,26,2,0,0,0,0,0,0,0,0,0,0,3
011250103032014,3,0,4,0,4,0,0,0,0,0,0,0,0,0,0,6,1,0,1,0,0,0,0,0,0,0,0,0,0,0,0,3
011250126002011,21,0,18,9,6,0,0,0,0,0,0,0,0,0,0,6,8,0,5,1,2,0,0,0,0,0,0,0,0,0,0,3
011250104072017,35,0,34,24,2,0,0,0,0,0,0,0,0,0,0,2,28,0,27,18,3,0,0,0,0,0,0,0,0,0,0,3
011250124033003,12,5,10,4,4,0,0,0,0,3,0,0,0,0,0,5,8,4,7,3,2,0,0,0,0,0,0,0,0,0,0,2
011250117012006,5,0,5,0,1,0,0,0,0,0,0,0,0,0,0,4,4,0,4,0,0,0,0,0,0,0,0,0,0,0,0,2
011250108041041,18,0,19,19,2,0,0,0,0,0,0,0,0,0,0,2,19,0,20,19,2,0,0,0,0,0,0,0,0,0,0,2
011250108041025,10,0,10,7,2,0,0,0,0,0,1,0,0,1,0,2,11,0,10,7,2,0,0,0,0,0,1,0,0,1,0,2
011250108041020,32,0,30,28,2,0,0,0,0,0,2,0,0,2,0,2,26,0,27,22,2,0,0,0,0,0,2,0,0,2,0,2
011250108041013,17,0,17,11,4,0,0,0,0,0,0,0,0,0,0,4,11,0,11,8,2,0,0,0,0,0,0,0,0,0,0,2
011250108041003,10,0,11,3,2,0,0,0,0,0,0,0,0,0,0,3,9,0,10,3,2,0,0,0,0,0,0,0,0,0,0,2
011250102044023,28,0,25,20,2,0,0,0,0,0,0,0,0,0,0,2,30,0,27,20,3,0,0,0,0,0,0,0,0,0,0,3
011250102044008,94,0,97,81,17,0,0,0,0,0,0,0,0,0,0,17,76,0,77,69,0,0,0,0,0,0,0,0,0,0,0,2
011250102044002,39,0,38,35,0,0,0,0,0,0,0,0,0,0,0,2,31,0,31,27,0,0,0,0,0,0,0,0,0,0,0,2
011250123052049,26,3,20,10,2,0,0,0,0,0,8,0,0,6,0,2,27,3,21,10,3,0,0,0,0,0,4,0,0,4,0,2
011250123052048,12,1,11,2,7,0,0,0,0,0,0,0,0,0,0,7,6,1,5,2,2,0,0,0,0,0,0,0,0,0,0,2
011250123052023,30,0,31,17,2,0,0,0,0,0,0,0,0,0,2,2,30,0,30,17,2,0,0,0,0,0,0,0,0,0,3,2
011250128002019,58,0,58,38,6,0,0,0,0,0,0,0,0,0,0,6,48,0,47,33,2,0,0,0,0,0,0,0,0,0,0,2
011250127003020,4,0,4,0,3,0,0,0,0,0,0,0,0,0,0,3,3,0,3,0,2,0,0,0,0,0,0,0,0,0,0,3
011250125011094,12,0,12,7,2,0,0,0,0,1,0,0,0,0,0,4,11,0,11,7,2,0,0,0,0,0,0,0,0,0,0,2
011250125011005,11,0,11,4,2,0,0,0,0,0,0,0,0,0,0,2,9,0,9,2,2,0,0,0,0,0,0,0,0,0,0,2
011250107074002,88,2,87,82,2,0,0,0,0,0,4,0,0,4,0,3,73,0,78,73,2,0,0,0,0,0,6,0,0,6,0,2
011250119013010,9,1,9,7,2,0,0,0,0,0,0,0,0,0,0,2,9,0,9,8,2,0,0,0,0,0,0,0,0,0,0,2
011250104042031,20,0,18,12,6,0,0,0,0,0,3,0,0,2,0,6,16,0,16,13,2,0,0,0,0,0,3,0,0,2,0,2
011250104042004,16,0,17,18,2,0,0,0,0,0,0,0,0,0,0,2,19,0,20,19,2,0,0,0,0,0,0,0,0,0,0,2
011250108022025,13,1,11,7,2,0,0,0,0,0,0,0,0,0,0,2,12,1,10,6,2,0,0,0,0,0,0,0,0,0,0,2
011250108022023,35,1,34,11,9,0,0,0,0,0,0,0,0,1,0,11,16,1,14,4,0,0,0,0,0,0,0,0,0,1,0,2
011250103042025,24,0,25,23,3,0,0,0,0,0,0,0,0,0,0,3,17,0,17,15,2,0,0,0,0,0,0,0,0,0,0,2
011250103042020,22,0,23,14,3,0,7,0,0,0,0,0,0,0,5,3,14,0,14,6,2,0,3,0,0,0,0,0,0,0,2,2
011250103042014,11,0,11,8,3,0,0,0,0,0,0,0,0,0,0,3,6,0,6,2,2,0,0,0,0,0,0,0,0,0,0,2
011250102031041,28,0,25,15,0,0,0,0,0,0,0,0,0,0,0,1,18,0,18,9,0,0,0,0,0,0,0,0,0,0,0,2
011250102031006,12,0,10,10,0,0,0,0,0,0,0,0,0,0,0,1,10,0,10,9,1,0,0,0,0,0,0,0,0,0,0,2
011250123062016,25,0,15,0,14,0,0,0,0,0,0,0,0,0,0,15,10,0,2,0,0,0,0,0,0,0,0,0,0,0,0,2
011250124061004,13,2,11,5,3,0,22,0,0,0,0,0,0,0,20,3,7,0,7,3,2,0,10,0,0,0,0,0,0,0,9,2
011250124071051,8,0,6,1,3,0,0,0,0,0,0,0,0,0,0,3,6,0,5,2,2,0,0,0,0,0,0,0,0,0,0,2
011250124071034,3,0,4,0,4,0,0,0,0,0,0,0,0,0,0,4,2,0,2,0,2,0,0,0,0,0,0,0,0,0,0,2
011250124071029,11,0,9,1,9,0,0,0,0,0,0,0,0,0,0,9,4,0,3,0,2,0,0,0,0,0,0,0,0,0,0,2
011250107051021,17,1,16,13,2,0,0,0,0,0,0,0,0,0,0,2,13,0,14,10,2,0,0,0,0,0,0,0,0,0,0,2
011250107051001,18,0,18,11,2,0,0,0,0,0,0,0,0,0,0,2,13,0,14,11,2,0,0,0,0,0,0,0,0,0,0,2
011250117032057,3,0,3,1,2,0,0,0,0,0,0,0,0,0,0,2,3,0,3,1,2,0,0,0,0,0,0,0,0,0,0,2
011250119011006,16,0,16,12,2,0,0,0,0,0,0,0,0,0,0,2,16,0,17,13,2,0,0,0,0,0,0,0,0,0,0,2
011250108032008,8,1,7,4,3,0,0,0,0,0,0,0,0,0,0,3,6,0,6,4,2,0,0,0,0,0,0,0,0,0,0,2
011250108032004,24,2,21,19,2,0,0,0,0,0,0,0,0,0,0,2,22,2,19,17,2,0,0,0,0,0,0,0,0,0,0,2
011250108032003,27,0,28,26,1,0,0,0,0,0,0,0,0,0,0,2,24,0,24,23,1,0,0,0,0,0,0,0,0,0,0,2
011250118001022,6,0,7,0,6,0,0,0,0,0,0,0,0,0,0,6,2,0,2,0,2,0,0,0,0,0,0,0,0,0,0,2
011250104043006,8,0,7,1,3,0,0,0,0,0,0,1,0,0,0,3,6,0,5,1,2,0,0,0,0,0,0,1,0,0,0,2
011250123053009,3,0,4,1,2,0,0,0,0,0,0,0,0,0,0,2,4,0,4,1,2,0,0,0,0,0,0,0,0,0,0,2
011250107062086,31,0,27,24,2,0,0,0,0,0,0,0,0,0,0,2,22,0,21,18,2,0,0,0,0,0,0,0,0,0,0,2
011250107062071,7,2,5,3,2,0,0,0,0,0,0,0,0,0,0,2,6,2,5,3,2,0,0,0,0,0,0,0,0,0,0,2
011250114011010,17,0,17,14,0,0,0,0,0,0,0,0,0,0,0,3,15,0,16,14,0,0,0,0,0,0,0,0,0,0,0,2
011250114011002,107,0,107,99,3,0,0,0,0,0,0,0,0,0,0,3,106,0,106,102,2,0,0,0,0,0,0,0,3,0,0,2
011250114011000,33,0,34,30,2,0,0,0,0,0,0,0,0,0,0,3,32,0,32,30,1,0,0,0,0,0,0,0,1,0,0,2
011250107061016,50,1,48,47,2,0,0,0,0,0,0,0,0,0,0,2,41,1,41,39,2,0,0,0,0,0,0,0,0,0,0,2
011250104031027,20,3,15,9,0,0,0,0,0,0,0,0,0,0,0,2,21,1,18,9,0,0,0,0,0,0,0,0,0,0,0,2
011250103021019,18,1,17,15,0,0,0,0,0,0,1,0,37,16,0,2,15,0,15,13,0,0,0,0,0,0,1,0,30,14,0,2
011250103021013,12,0,12,10,0,0,0,0,0,0,0,0,0,0,0,2,11,0,11,9,1,0,0,0,0,0,0,0,0,0,0,2
011250103021001,127,4,122,133,1,0,0,0,0,0,0,0,0,0,0,2,90,2,89,92,0,0,0,0,0,0,0,0,0,0,0,2
011250107052054,19,0,19,18,0,0,0,0,0,0,1,0,10,5,0,2,11,0,11,8,0,0,0,0,0,0,1,0,4,3,0,2
011250108021065,12,5,8,6,2,0,0,0,0,0,0,0,0,0,0,2,5,3,3,0,2,0,0,0,0,0,0,0,0,0,0,2
011250108021059,40,3,37,20,9,0,0,0,0,0,5,0,0,5,0,9,26,3,24,15,2,0,0,0,0,0,1,0,0,1,0,2
011250107041019,41,0,41,39,3,0,0,0,0,0,0,0,0,0,0,5,38,0,38,37,0,0,0,0,0,0,0,0,0,0,0,2
011250107041014,36,0,36,25,8,0,0,0,0,0,0,0,0,1,0,9,25,0,25,21,2,0,0,0,0,0,0,0,0,1,0,2
011250106042013,55,3,48,49,2,0,0,0,0,0,0,0,0,0,0,2,32,2,29,28,2,0,0,0,0,0,0,0,0,0,0,2
011250107031061,7,0,8,5,2,0,0,0,0,0,0,0,0,0,0,1,5,0,5,4,2,0,0,0,0,0,0,0,0,0,0,2
011250107031058,17,0,15,11,2,0,0,0,0,0,0,0,0,0,0,1,13,0,13,8,2,0,0,0,0,0,0,0,0,0,0,2
011250107031054,14,0,13,9,3,0,0,0,0,0,0,0,0,0,0,3,10,0,8,6,2,0,0,0,0,0,0,0,0,0,0,2
011250107031050,10,0,10,7,2,0,0,0,0,0,0,0,0,0,0,1,10,0,10,7,2,0,0,0,0,0,0,0,0,0,0,2
011250107031031,17,0,16,13,2,0,0,0,0,0,0,0,0,0,0,1,16,0,14,10,2,0,0,0,0,0,0,0,0,0,0,2
011250107042069,20,0,21,20,2,0,0,0,0,0,0,0,0,0,0,2,13,0,14,12,2,0,0,0,0,0,0,0,0,0,0,2
011250107042017,23,0,24,22,2,0,0,0,0,0,0,0,0,0,0,2,19,0,19,18,2,0,0,0,0,0,0,0,0,0,0,2
011250107032086,16,0,13,10,2,0,0,0,0,0,0,0,0,0,0,3,14,0,13,10,2,0,0,0,0,0,0,0,0,0,0,2
011250119021010,13,3,9,1,5,0,0,0,0,0,0,0,0,0,0,5,9,1,6,1,2,0,0,0,0,0,0,0,0,0,0,2
011250119021007,4,1,2,0,2,0,0,0,0,0,0,0,0,0,0,2,4,1,3,0,2,0,0,0,0,0,0,0,0,0,0,2
011250104072034,68,2,66,66,2,0,0,0,0,0,0,0,0,0,0,2,57,0,55,54,2,0,0,0,0,0,0,0,0,0,0,2
011250101012043,140,0,142,123,2,0,7,0,0,0,0,15,0,0,17,2,100,1,100,96,2,0,1,0,0,0,0,8,0,0,3,2
011250105002041,23,0,18,15,4,0,0,0,0,0,0,0,0,0,0,4,16,0,14,15,2,0,0,0,0,0,0,0,0,0,0,2
011250105002039,6,0,4,0,4,0,0,0,0,0,0,0,0,0,0,4,2,0,2,0,2,0,0,0,0,0,0,0,0,0,0,2
011250105002011,12,0,13,4,5,0,0,0,0,0,0,0,0,0,0,8,3,0,3,0,0,0,0,0,0,0,0,0,0,0,0,2
011250124031004,6,0,4,0,1,0,0,0,0,0,1,0,0,1,0,2,3,0,3,1,1,0,0,0,0,0,1,0,0,2,0,2
011250108041045,17,0,16,12,3,0,0,0,0,0,0,0,0,0,0,3,14,0,13,11,2,0,0,0,0,0,0,0,0,0,0,2
011250108041040,22,0,23,13,3,0,0,0,0,0,4,0,0,4,0,3,20,0,21,13,2,0,0,0,0,0,4,0,0,4,0,2
011250101051010,24,0,20,11,0,0,0,0,0,18,0,0,0,0,0,3,17,0,13,9,0,0,0,0,0,1,0,0,0,0,0,2
011250105001031,20,3,17,12,5,0,0,0,0,0,0,0,0,0,0,5,17,0,14,12,2,0,0,0,0,0,0,0,0,0,0,2
011250105001022,2,1,2,0,1,0,0,0,0,0,0,0,0,0,0,2,2,0,2,0,1,0,0,0,0,0,0,0,0,0,0,2
011250105001005,9,0,10,5,4,0,0,0,0,0,0,0,0,0,0,5,2,0,2,0,2,0,0,0,0,0,0,0,0,0,0,2
011250103052044,23,0,23,12,2,0,0,0,0,0,0,0,0,0,0,2,18,0,18,9,2,0,0,0,0,0,0,0,0,0,0,2
011250117033031,4,0,4,0,4,0,0,0,0,0,0,0,0,0,0,4,2,0,2,0,2,0,0,0,0,0,0,0,0,0,0,2
011250117033025,4,0,4,0,3,0,0,0,0,0,0,0,0,0,0,3,3,0,3,0,2,0,0,0,0,0,0,0,0,0,0,2
011250119013005,6,2,5,0,3,0,0,0,0,0,0,0,0,0,0,3,4,1,3,0,2,0,0,0,0,0,0,0,0,0,0,2
011250116001032,19,14,11,6,3,0,0,0,0,0,0,0,0,0,0,3,10,0,8,8,2,0,0,0,0,0,0,0,0,0,0,2
011250120021004,34,0,36,34,2,0,0,0,0,0,0,0,0,0,0,2,35,0,37,35,2,0,0,0,0,0,0,0,0,0,0,2
011250114024007,23,0,22,17,2,0,1,0,0,0,0,0,0,0,1,2,23,0,22,18,2,0,0,0,0,0,0,0,0,0,0,2
011250106033024,86,0,86,73,0,0,0,0,0,0,0,0,0,0,0,1,71,0,71,58,0,0,0,0,0,0,0,0,0,0,0,2
011250106033018,10,0,11,7,2,0,0,0,0,0,0,0,0,0,0,1,4,0,4,2,2,0,0,0,0,0,0,0,0,0,0,2
011250104051100,65,0,67,64,2,0,2,0,0,0,0,0,0,0,2,2,46,0,46,44,2,0,1,0,0,0,0,0,0,0,1,2
011250104051091,17,0,16,14,2,0,1,0,0,0,0,0,0,0,1,2,12,0,12,10,2,0,1,0,0,0,0,0,0,0,1,2
011250104051078,44,0,44,37,2,0,3,0,0,0,0,0,0,0,3,2,34,0,34,29,2,0,2,0,0,0,0,0,0,0,2,2
011250104051061,19,0,20,10,8,0,2,0,0,0,0,0,0,0,2,7,6,0,6,1,2,0,0,0,0,0,0,0,0,0,1,2
011250104051060,18,1,9,7,0,0,0,0,0,0,0,0,0,0,0,2,10,1,6,4,0,0,0,0,0,0,0,0,0,0,0,2
011250104051007,5,0,6,2,4,0,0,0,0,0,0,0,0,0,0,3,3,0,3,2,2,0,0,0,0,0,0,0,0,0,0,2
011250103031009,4,2,3,1,2,0,0,0,0,0,0,0,0,0,0,2,4,1,3,2,2,0,0,0,0,0,0,0,0,0,0,2
011250120011011,14,0,15,14,2,0,0,0,0,0,0,0,0,0,0,2,13,0,14,12,2,0,0,0,0,0,0,0,0,0,0,2
011250104032020,13,0,11,6,2,0,0,0,0,0,1,0,0,1,0,2,4,0,2,0,2,0,0,0,0,0,0,0,0,0,0,2
011250104032007,14,0,14,10,0,0,0,0,0,0,1,0,0,1,0,2,13,0,13,11,0,0,0,0,0,0,1,0,0,1,0,2
011250104032004,11,0,12,10,2,0,0,0,0,0,0,0,0,0,0,2,9,0,9,7,2,0,0,0,0,0,0,0,0,0,0,2
011250123043017,21,0,22,38,3,0,0,0,0,0,0,0,0,0,0,4,16,0,17,30,2,0,0,0,0,0,0,0,0,0,0,2
011250107074014,97,19,76,73,2,0,0,0,0,0,1,0,0,1,0,2,78,0,68,63,2,0,0,0,0,0,2,0,0,2,0,2
011250107074009,36,0,36,34,2,0,0,0,0,0,0,0,0,0,0,2,28,0,29,27,2,0,0,0,0,0,0,0,0,0,0,2
011250107074005,41,3,39,36,2,0,0,0,0,0,0,0,0,0,0,1,34,0,33,31,2,0,0,0,0,0,0,0,0,0,0,2
011250104063033,71,0,68,69,3,0,1,0,0,0,0,0,0,0,1,2,59,0,56,56,2,0,0,0,0,0,0,0,0,0,0,2
011250104063031,46,0,47,40,3,0,3,0,0,0,0,0,0,0,3,2,33,0,34,25,2,0,0,0,0,0,0,0,0,0,0,2
011250102012026,26,0,27,25,2,0,0,0,0,0,1,0,0,1,0,2,22,0,23,21,2,0,0,0,0,0,0,0,0,0,0,2
011250114012002,52,1,50,47,2,0,0,0,0,0,0,0,0,0,0,2,53,1,51,48,2,0,0,0,0,0,0,0,0,0,0,2
011250118002015,4,0,2,0,0,0,0,0,0,0,0,0,0,0,0,1,3,0,3,0,0,0,0,0,0,0,0,0,0,0,0,2
011250123063028,16,5,13,8,1,0,0,0,0,0,0,0,0,0,1,3,14,6,10,8,2,0,0,0,0,0,0,0,0,0,0,2
011250123063013,18,0,18,16,1,0,0,0,0,0,0,0,0,0,1,1,19,0,18,15,2,0,0,0,0,0,0,0,0,0,0,2
011250102052061,3,0,2,0,1,0,0,0,0,0,0,0,0,0,0,2,3,0,3,0,2,0,0,0,0,0,0,0,0,0,0,2
011250102052039,38,17,28,26,1,0,0,0,0,4,0,0,0,0,0,3,29,3,24,23,2,0,0,0,0,0,0,0,0,0,0,2
011250102052017,12,0,11,6,3,0,0,0,0,0,0,0,0,1,0,3,5,0,5,2,2,0,0,0,0,0,0,0,0,0,0,2
011250102052007,95,6,80,78,3,0,0,0,0,0,0,0,0,0,0,3,56,0,58,58,1,0,0,0,0,0,0,0,0,0,0,2
011250124042027,3,0,3,2,1,0,0,0,0,0,0,0,0,0,0,1,2,0,2,0,2,0,0,0,0,0,0,0,0,0,0,2
011250106014042,104,0,108,112,1,0,0,0,0,0,0,0,0,0,0,1,82,0,84,84,2,0,0,0,0,0,0,0,0,0,0,2
011250106014030,44,0,46,48,1,0,0,0,0,0,0,0,0,0,0,1,33,0,34,34,2,0,0,0,0,0,0,0,0,0,0,2
011250106014021,77,0,78,79,2,0,0,0,0,1,0,0,0,0,0,4,69,0,68,70,0,0,0,0,0,3,0,0,0,0,0,2
011250107051014,41,2,39,38,3,0,0,0,0,0,0,0,0,0,0,3,36,2,33,34,2,0,0,0,0,0,0,0,0,0,0,2
011250106031020,20,0,21,18,2,0,0,0,0,0,1,0,0,1,0,2,19,0,19,17,2,0,0,0,0,0,1,0,0,1,0,2
011250106031010,30,0,30,27,2,0,0,0,0,0,0,0,0,0,0,2,25,0,26,23,2,0,0,0,0,0,0,0,0,0,0,2
011250121021008,8,0,7,1,1,0,0,0,0,0,0,0,0,0,0,1,6,0,4,1,2,0,0,0,0,0,0,0,0,0,0,2
011250107073003,27,6,22,14,4,0,0,0,0,0,0,0,0,0,0,5,15,0,15,11,0,0,0,0,0,0,0,0,0,0,0,2
011250101022073,43,0,44,42,2,0,0,0,0,0,0,0,0,0,0,2,39,0,39,38,2,0,0,0,0,0,0,0,0,0,0,2
011250101022038,244,0,244,237,1,0,0,0,0,0,0,0,0,0,0,1,206,0,205,199,2,0,0,0,0,0,0,0,0,0,0,2
011250101022033,21,0,22,19,4,0,0,0,0,0,0,0,0,0,0,4,19,0,19,18,2,0,0,0,0,0,0,0,0,0,0,2
011250102061023,15,0,15,14,2,0,0,0,0,0,0,0,0,0,0,2,12,0,13,13,2,0,0,0,0,0,0,0,0,0,0,2
011250102061019,23,0,22,21,2,0,0,0,0,0,0,0,0,0,0,2,19,0,19,18,2,0,0,0,0,0,0,0,0,0,0,2
011250102061017,20,0,19,18,0,0,0,0,0,0,0,0,0,0,0,2,17,0,16,16,0,0,0,0,0,0,0,0,0,0,0,2
011250102051031,38,6,31,20,2,0,0,0,0,0,0,1,0,0,0,3,30,2,26,21,1,0,0,0,0,0,0,0,0,0,0,2
011250102051021,77,6,70,60,3,0,0,0,0,0,0,1,0,0,1,3,61,3,56,48,2,0,0,0,0,0,0,1,0,0,1,2
011250102051017,221,8,212,221,2,0,0,0,0,0,0,0,0,0,0,2,146,4,139,143,2,0,0,0,0,0,0,0,0,0,0,2
011250102051007,20,2,18,15,2,0,0,0,0,0,0,0,0,0,0,2,16,1,13,12,2,0,0,0,0,0,0,0,0,0,0,2
011250102051000,240,8,231,236,2,0,0,0,0,0,0,0,0,0,0,2,198,4,192,194,2,0,0,0,0,0,0,0,0,0,0,2
011250103052051,25,1,24,8,2,0,0,0,0,0,0,0,0,0,0,2,17,1,15,7,2,0,0,0,0,0,0,0,0,0,0,2
011250118003027,15,0,15,0,7,0,0,0,0,0,0,0,55,18,0,9,6,0,6,0,0,0,0,0,0,0,0,0,0,0,0,2
011250125031031,48,0,46,39,4,0,1,0,0,0,0,11,0,0,11,4,29,0,30,25,2,0,1,0,0,0,0,13,0,0,9,2
011250125031018,32,0,33,31,2,0,0,0,0,0,0,0,0,0,0,2,28,0,29,28,2,0,0,0,0,0,0,0,0,0,0,2
011250127003014,13,1,12,9,2,0,0,0,0,0,0,0,0,0,0,2,11,1,11,7,2,0,0,0,0,0,0,0,0,0,0,2
011250104042011,2,0,2,0,1,0,0,0,0,0,0,0,0,0,0,1,2,0,2,0,2,0,0,0,0,0,0,0,0,0,0,2
011250116003096,10,0,11,9,2,0,0,0,0,0,0,0,0,0,0,2,11,0,11,9,2,0,0,0,0,0,0,0,0,0,0,2
011250116003089,3,0,3,1,2,0,0,0,0,0,0,0,0,0,0,2,3,0,3,1,2,0,0,0,0,0,0,0,0,0,0,1
011250116003087,17,0,17,14,0,0,0,0,0,1,0,0,0,0,0,2,17,0,18,14,0,0,0,0,0,2,0,0,0,0,0,1
011250116003077,4,0,4,3,2,0,0,0,0,0,0,0,0,0,0,2,4,0,4,3,1,0,0,0,0,0,0,0,0,0,0,1
011250116003018,15,2,12,7,6,0,0,0,0,0,0,0,0,0,0,6,10,1,8,7,1,0,0,0,0,0,0,0,0,0,0,1
011250114022004,94,0,98,103,2,0,0,0,0,0,0,0,0,0,0,2,96,0,101,104,2,0,0,0,0,0,0,0,0,0,0,2
011250103021003,12,2,10,6,1,0,0,0,0,0,0,0,0,5,0,3,8,0,8,5,0,0,0,0,0,0,0,0,0,4,0,2
011250120011010,14,1,12,10,2,0,0,0,0,0,0,0,0,0,0,1,15,1,13,11,2,0,0,0,0,0,0,0,0,0,0,2
011250120011009,14,0,14,13,1,0,0,0,0,0,0,0,0,0,0,1,14,0,15,14,1,0,0,0,0,0,0,0,0,0,0,1
011250124071016,7,0,6,0,8,0,0,0,0,0,0,0,0,0,0,7,2,0,1,0,2,0,0,0,0,0,0,0,0,0,0,1
011250124071003,1,0,1,0,2,0,0,0,0,0,0,0,0,0,0,2,1,0,1,0,2,0,0,0,0,0,0,0,0,0,0,1
011250107032081,14,3,11,6,1,0,0,0,0,0,0,0,0,1,0,2,6,0,6,2,2,0,0,0,0,0,0,0,0,0,0,2
011250107032080,25,17,16,14,1,0,0,0,0,0,0,0,0,0,0,2,22,6,17,16,2,0,0,0,0,0,0,0,0,0,0,2
011250107032036,15,10,10,5,1,0,0,0,0,0,0,0,0,1,0,2,13,3,11,6,2,0,0,0,0,0,0,0,0,1,0,2
011250101011048,178,3,174,182,2,0,0,0,0,0,0,0,0,0,0,1,139,4,135,140,2,0,0,0,0,0,0,0,0,0,0,2
011250107071020,67,0,68,56,2,0,0,0,0,0,0,0,0,0,0,2,60,0,61,53,2,0,0,0,0,0,0,0,0,0,0,2
011250103033022,27,0,27,17,0,0,0,0,0,0,0,0,0,0,0,1,29,0,29,18,0,0,0,0,0,0,0,0,0,0,0,2
011250103033021,3,1,2,0,0,0,0,0,0,0,0,0,0,0,0,1,2,0,2,0,0,0,0,0,0,0,0,0,0,0,0,1
011250123061005,16,0,16,14,2,0,0,0,0,0,0,0,0,0,0,1,16,0,16,16,1,0,0,0,0,0,0,0,0,0,0,2
011250124032005,44,0,42,63,1,0,0,0,0,0,0,0,0,0,0,1,40,0,38,50,1,0,0,0,0,0,0,0,0,0,0,1
011250108041050,16,0,17,13,3,0,0,0,0,0,0,0,0,0,0,4,13,0,14,13,1,0,0,0,0,0,0,0,0,0,0,2
011250108041021,20,0,21,21,2,0,0,0,0,0,0,0,0,0,0,2,20,0,20,21,1,0,0,0,0,0,0,0,0,0,0,2
011250108041015,34,1,30,31,1,0,0,0,0,0,2,0,0,2,0,2,26,0,26,23,1,0,0,0,0,0,2,0,0,2,0,1
011250108041005,42,0,43,51,1,0,0,0,0,0,0,0,0,0,0,1,41,0,41,45,1,0,0,0,0,0,0,0,0,0,0,1
011250104043021,15,0,15,13,1,0,0,0,0,0,0,2,0,0,0,1,14,0,14,12,2,0,0,0,0,0,0,1,0,0,0,1
011250104043005,36,0,35,32,2,0,0,0,0,0,0,4,0,0,0,2,38,1,36,34,1,0,0,0,0,0,0,4,0,0,0,1
011250104043004,55,0,58,56,1,0,0,0,0,0,0,7,0,0,0,1,50,0,52,50,1,0,0,0,0,0,0,5,0,0,0,1
011250107062067,8,0,7,5,1,0,0,0,0,0,1,0,0,1,0,1,5,0,4,2,1,0,0,0,0,0,2,0,0,1,0,1
011250119014000,73,0,76,72,1,0,4,0,0,0,0,0,0,0,10,1,72,0,75,66,1,0,4,0,0,0,0,0,0,0,10,1
011250128001004,1,0,1,0,1,0,0,0,0,0,0,0,0,0,0,1,1,0,1,0,1,0,0,0,0,0,0,0,0,0,0,2
011250103023063,96,0,109,147,1,0,0,0,0,0,0,0,0,0,0,1,90,0,100,121,1,0,0,0,0,0,0,0,0,0,0,1
011250103023006,7,0,6,0,1,0,0,0,0,1,0,0,0,0,0,1,8,0,6,0,1,0,0,0,0,0,0,0,0,0,0,1
011250103042040,27,0,24,18,5,0,0,0,0,0,0,0,0,0,0,4,19,0,16,15,2,0,0,0,0,0,0,0,0,0,0,1
011250103042013,47,0,49,41,5,0,2,0,0,0,0,0,0,0,1,4,33,0,34,33,2,0,0,0,0,0,0,0,0,0,0,1
011250124061005,14,1,12,7,3,0,0,0,0,0,0,0,0,0,0,3,10,1,9,8,1,0,0,0,0,0,0,0,0,0,0,1
011250106042038,24,0,24,20,1,3,0,0,0,0,0,0,0,1,0,1,15,0,15,14,1,0,0,0,0,0,0,0,0,0,0,1
011250106042033,52,2,48,50,1,0,0,0,0,0,0,0,0,0,0,1,34,3,31,31,1,0,0,0,0,0,0,0,0,0,0,1
011250106042028,73,1,72,74,2,0,0,0,0,0,0,0,0,0,0,2,47,0,47,48,1,0,0,0,0,0,0,0,0,0,0,1
011250106042020,37,1,36,30,1,0,0,0,0,0,0,0,0,0,0,1,26,0,26,21,1,0,0,0,0,0,0,0,0,0,0,1
011250104071004,16,0,15,7,3,0,1,0,0,0,0,0,0,0,1,4,12,0,11,8,1,0,0,0,0,0,0,0,0,0,0,1
011250107042047,20,0,21,21,1,0,0,0,0,0,0,0,0,0,0,1,19,0,19,20,1,0,0,0,0,0,0,0,0,0,0,1
011250107042033,18,0,19,12,3,0,0,0,0,0,0,0,0,0,0,5,11,0,12,11,1,0,0,0,0,0,0,0,0,0,0,1
011250107042031,10,0,11,9,2,0,0,0,0,0,0,0,0,0,0,2,9,0,9,8,1,0,0,0,0,0,0,0,0,0,0,1
011250118004032,2,0,3,0,3,0,0,0,0,0,0,0,0,0,0,3,1,0,1,0,1,0,0,0,0,0,0,0,0,0,0,2
011250118004018,1,0,1,0,0,0,0,0,0,0,0,0,0,0,0,1,1,0,1,0,0,0,0,0,0,0,0,0,0,0,0,1
011250103041050,13,1,9,6,2,0,0,0,0,0,0,0,0,0,0,2,9,1,7,6,1,0,0,0,0,0,0,0,0,0,0,1
011250103041047,16,0,17,9,2,0,0,0,0,0,0,0,0,0,0,2,12,0,14,9,1,0,0,0,0,0,0,0,0,0,0,1
011250103041046,15,1,13,1,13,0,0,0,0,0,0,0,0,0,0,15,5,0,3,1,0,0,0,0,0,0,0,0,0,0,0,1
011250103041019,54,0,64,46,2,0,0,0,0,0,0,0,0,0,0,4,43,0,50,46,1,0,0,0,0,0,0,0,0,0,0,1
011250103041000,18,1,13,7,2,0,0,0,0,0,0,0,0,0,0,6,8,0,8,7,1,0,0,0,0,0,0,0,0,0,0,1
011250119021020,4,1,3,2,1,0,0,0,0,0,0,0,0,0,0,1,1,0,1,0,1,0,0,0,0,0,0,0,0,0,0,1
011250125051033,11,0,10,10,1,0,0,0,0,0,0,0,0,0,0,1,9,0,8,6,1,0,0,0,0,0,0,0,0,0,0,1
011250104063024,234,0,230,246,2,0,0,0,0,0,0,0,0,0,1,2,204,0,202,222,1,0,0,0,0,0,0,0,0,0,0,1
011250123051012,17,0,16,22,0,0,0,0,0,0,0,0,0,1,0,1,15,0,15,17,0,0,0,0,0,0,0,0,0,0,0,1
011250124031026,6,0,7,2,2,0,0,0,0,0,0,0,0,0,0,2,6,0,6,3,1,0,0,0,0,0,0,0,0,0,0,1
011250124031017,6,0,5,1,0,0,0,0,0,0,0,0,0,1,0,3,4,0,3,1,0,0,0,0,0,0,0,0,0,1,0,1
011250124041045,23,1,21,3,5,0,0,0,0,0,0,0,0,0,0,8,16,1,15,3,1,0,0,0,0,0,0,0,0,0,0,1
011250124041012,4,0,4,0,4,0,0,0,0,0,0,0,0,0,0,4,2,0,2,0,1,0,0,0,0,0,0,0,0,0,0,1
011250114012031,45,1,45,26,1,0,0,0,0,0,0,0,0,0,1,1,45,1,45,26,2,0,0,0,0,0,0,0,0,0,1,1
011250104062023,28,0,28,18,2,0,5,0,0,0,0,0,0,0,4,2,23,0,23,17,1,0,3,0,0,0,0,0,0,0,3,1
011250104062017,24,2,22,13,2,0,3,0,0,0,0,0,0,0,3,2,20,1,18,12,1,0,3,0,0,0,0,0,0,0,2,1
011250101023105,15,0,12,7,1,0,0,0,0,0,0,0,0,0,0,1,11,0,12,7,1,0,0,0,0,0,0,0,0,0,0,1
011250125033004,45,1,42,44,1,0,0,0,0,0,0,0,0,0,0,1,40,1,37,41,1,0,0,0,0,0,0,0,0,0,0,1
011250107071031,37,0,37,26,2,0,0,0,0,0,1,0,0,1,0,2,32,0,33,28,1,0,0,0,0,0,0,0,0,0,0,1
011250104072033,28,2,26,25,1,0,0,0,0,0,0,0,0,0,0,1,29,2,27,26,1,0,0,0,0,0,0,0,0,0,0,1
011250104072027,179,5,173,190,1,0,0,0,0,0,0,0,0,0,0,1,171,6,164,179,1,0,0,0,0,0,0,0,0,0,0,1
011250104072014,37,3,34,34,1,0,0,0,0,0,0,0,0,0,0,1,34,0,33,32,1,0,0,0,0,0,0,0,0,0,0,1
011250108031040,4,0,5,0,1,0,0,0,0,0,0,0,0,0,0,3,1,0,1,0,1,0,0,0,0,0,0,0,0,0,0,1
011250108031031,6,1,4,0,2,0,0,0,0,0,0,0,0,0,0,2,4,0,3,0,1,0,0,0,0,0,0,0,0,0,0,1
011250108031010,14,1,8,3,4,0,0,0,0,0,0,0,0,0,0,4,6,1,4,3,1,0,0,0,0,0,0,0,0,0,0,1
011250121022004,21,0,23,18,2,0,1,0,0,0,0,0,0,0,1,2,17,0,18,15,1,0,1,0,0,0,0,0,0,0,1,1
011250121022001,25,0,24,15,4,0,0,0,0,0,0,0,0,0,0,4,18,0,16,10,1,0,0,0,0,0,0,0,0,0,0,1
011250127002011,63,0,64,48,0,0,0,0,0,0,0,12,0,0,5,2,45,0,44,42,0,0,0,0,0,0,0,0,0,0,0,1
011250120011015,26,2,21,25,1,0,0,0,0,0,0,0,0,0,0,1,25,2,20,23,1,0,0,0,0,0,0,0,0,0,0,1
011250120011005,16,0,15,10,1,0,0,0,0,0,0,0,0,0,0,1,17,0,16,10,1,0,0,0,0,0,0,0,0,0,0,1
011250128002005,10,2,8,2,5,0,0,0,0,0,0,0,0,0,0,6,4,2,2,1,1,0,0,0,0,0,0,0,0,0,0,1
011250125011093,4,0,4,1,4,0,0,0,0,0,0,0,0,0,0,4,2,0,2,1,1,0,0,0,0,0,0,0,0,0,0,1
011250125011069,4,0,4,3,1,0,0,0,0,0,0,0,0,0,0,1,4,0,4,2,1,0,0,0,0,0,0,0,0,0,0,1
011250107074019,21,3,18,15,1,0,0,0,0,0,0,0,0,0,0,1,19,0,16,12,1,0,0,0,0,0,0,0,0,0,0,1
011250107074017,8,0,8,4,1,0,0,0,0,0,6,0,0,6,0,1,8,0,8,4,1,0,0,0,0,0,7,0,0,7,0,1
011250107074012,63,0,63,57,3,0,0,0,0,0,4,0,0,4,0,3,48,0,52,47,1,0,0,0,0,0,6,0,0,6,0,1
011250102012004,28,0,22,19,1,0,3,0,0,0,0,0,0,0,3,1,17,0,14,12,1,0,4,0,0,0,0,0,0,0,1,1
011250102012002,27,0,25,22,2,0,0,0,0,0,0,0,0,0,1,2,19,0,20,19,1,0,0,0,0,0,0,0,0,0,0,1
011250123071011,23,5,14,11,1,0,5,0,0,0,0,0,0,0,3,1,15,1,14,12,1,0,5,0,0,0,0,0,0,0,4,1
011250123071010,6,0,6,2,1,0,0,0,0,0,0,0,0,0,0,1,6,0,6,2,1,0,0,0,0,0,0,0,0,0,0,1
011250107071008,84,1,82,84,1,0,0,0,0,0,1,0,0,0,0,1,75,1,72,71,1,0,0,0,0,0,1,0,0,1,0,1
011250103023055,14,0,14,15,1,0,0,0,0,0,0,0,0,0,0,1,16,0,17,17,1,0,0,0,0,0,0,0,0,0,0,1
011250103023026,15,0,15,13,0,0,0,0,0,2,0,0,0,0,0,1,15,0,17,15,1,0,0,0,0,1,0,0,0,0,0,1
011250108032022,24,1,21,22,2,0,0,0,0,0,0,0,0,0,0,2,21,2,18,20,1,0,0,0,0,0,0,0,0,0,0,1
011250125031026,39,0,41,38,2,0,0,0,0,0,1,0,0,1,0,2,32,0,33,34,1,0,0,0,0,0,0,0,0,0,0,1
011250102062070,4,0,3,0,0,0,0,0,0,9,0,0,0,0,0,1,1,0,1,0,0,0,0,0,0,0,0,0,0,0,0,1
011250102062065,47,0,50,52,1,0,0,0,0,0,0,0,0,0,0,1,39,0,41,42,1,0,0,0,0,0,0,0,0,0,0,1
011250102062055,61,0,64,66,1,0,0,0,0,0,0,0,0,0,0,1,51,0,52,53,1,0,0,0,0,0,0,0,0,0,0,1
011250102062037,11,1,7,6,1,0,0,0,0,0,0,0,0,0,0,1,6,1,1,0,1,0,0,0,0,0,0,0,0,0,0,1
011250102062028,6,0,5,3,2,0,0,0,0,0,0,0,0,0,0,2,4,0,4,3,1,0,0,0,0,0,0,0,0,0,0,1
011250102062026,35,0,37,25,9,0,0,0,0,0,0,0,0,0,0,11,19,0,20,19,1,0,0,0,0,0,0,0,0,0,0,1
011250102062022,24,0,25,25,1,0,0,0,0,0,0,0,0,0,0,1,24,0,25,25,1,0,0,0,0,0,0,0,0,0,0,1
011250102062015,14,0,14,14,1,0,0,0,0,0,0,0,0,0,0,1,13,0,13,12,1,0,0,0,0,0,0,0,0,0,0,1
011250102062012,30,0,28,25,1,0,0,0,0,0,2,0,0,2,0,1,27,0,26,24,1,0,0,0,0,0,3,0,0,3,0,1
011250107061019,81,1,79,81,1,0,0,0,0,0,0,0,0,0,0,1,59,1,60,60,1,0,0,0,0,0,0,0,0,0,0,1
011250107061010,10,0,10,4,3,0,0,0,0,0,0,0,0,0,0,4,7,0,7,4,0,0,0,0,0,0,0,0,0,0,0,1
011250106012040,10,0,11,7,1,0,0,0,0,0,0,0,0,0,0,1,11,0,12,8,1,0,0,0,0,0,0,0,0,0,0,1
011250103021029,12,2,10,9,0,0,0,0,0,0,1,0,0,6,0,1,6,1,6,4,0,0,0,0,0,0,0,0,0,0,0,1
011250107052045,12,0,12,7,1,0,0,0,0,0,2,0,0,4,0,1,5,0,5,0,1,0,0,0,0,0,2,0,0,3,0,1
011250107052040,2,0,2,0,0,0,0,0,0,1,1,0,0,1,0,1,2,0,2,0,0,0,0,0,0,0,1,0,0,1,0,1
011250107052014,27,0,27,31,1,0,0,0,0,0,0,0,0,0,0,1,26,0,27,31,1,0,0,0,0,0,0,0,0,0,0,1
011250108021064,17,5,13,11,1,0,0,0,0,0,0,0,0,0,0,1,14,2,13,11,1,0,0,0,0,0,0,0,0,0,0,1
011250108021042,16,2,14,15,1,0,0,0,0,0,0,0,0,0,0,1,13,0,13,14,1,0,0,0,0,0,0,0,0,0,0,1
011250107041039,10,2,7,7,1,0,0,0,0,0,0,0,0,0,0,1,9,3,6,6,1,0,0,0,0,0,0,0,0,0,0,1
011250107041026,32,2,30,24,1,0,0,0,0,0,0,0,0,1,0,2,25,3,23,17,0,0,0,0,0,0,0,0,0,2,0,1
011250107041023,28,0,28,26,1,0,0,0,0,0,0,0,0,1,0,1,23,0,23,23,1,0,0,0,0,0,0,0,0,0,0,1
011250107041018,16,1,15,10,4,0,0,0,0,0,0,0,0,0,0,5,7,1,6,4,0,0,0,0,0,0,0,0,0,0,0,1
011250107031155,19,0,19,19,1,0,0,0,0,0,0,0,0,0,0,1,13,0,14,12,1,0,0,0,0,0,0,0,0,0,0,1
011250107031150,2,0,1,0,1,0,0,0,0,0,0,0,0,0,0,1,3,0,1,0,1,0,0,0,0,0,0,0,0,0,0,1
011250107031135,25,0,24,24,2,0,0,0,0,0,0,0,0,0,0,2,23,0,23,23,1,0,0,0,0,0,0,0,0,0,0,1
011250107031119,5,0,5,5,1,0,0,0,0,0,0,0,0,0,0,1,5,0,5,5,1,0,0,0,0,0,0,0,0,0,0,1
011250107031068,11,0,12,10,1,0,0,0,0,0,0,0,0,0,0,1,12,0,13,10,1,0,0,0,0,0,0,0,0,0,0,1
011250107031059,8,0,8,2,3,0,0,0,0,0,1,0,0,1,0,3,6,0,6,2,1,0,0,0,0,0,1,0,0,1,0,1
011250107031051,2,0,2,1,1,0,0,0,0,0,0,0,0,0,0,1,2,0,2,1,1,0,0,0,0,0,0,0,0,0,0,1
011250107031042,28,0,29,28,2,0,0,0,0,0,0,0,0,0,0,2,24,0,25,25,1,0,0,0,0,0,0,0,0,0,0,1
011250107031026,4,0,3,0,2,0,0,0,0,0,0,0,0,0,0,2,2,0,1,0,0,0,0,0,0,0,0,0,0,0,0,1
011250107031002,14,0,15,15,0,0,0,0,0,0,0,0,0,0,0,1,14,0,14,14,0,0,0,0,0,0,0,0,0,0,0,1
011250107032093,3,0,3,0,1,0,0,0,0,0,1,0,0,1,0,1,2,0,2,0,1,0,0,0,0,0,0,0,0,0,0,1
011250107032073,27,0,22,18,1,0,0,0,0,0,0,0,0,0,0,2,18,0,18,18,1,0,0,0,0,0,0,0,0,0,0,1
011250107032072,6,0,4,0,0,0,0,0,1,11,0,0,0,0,0,2,2,0,2,0,0,0,0,0,0,0,0,0,0,0,0,1
011250107032033,13,7,9,7,1,0,0,0,0,0,0,0,0,0,0,1,10,0,10,8,1,0,0,0,0,0,0,0,0,0,0,1
011250101012042,27,2,24,21,0,0,0,0,0,0,0,3,0,0,2,1,25,2,23,21,0,0,0,0,0,0,0,4,0,0,1,1
011250101012039,23,0,23,18,2,0,2,0,0,0,0,3,0,0,3,2,12,0,12,9,1,0,1,0,0,0,0,4,0,0,2,1
011250101012031,48,4,41,35,0,0,6,0,0,0,0,0,0,0,7,1,36,2,33,29,0,0,3,0,0,0,0,0,0,0,4,1
011250101012029,7,1,5,4,0,0,0,0,0,0,0,0,0,0,0,1,3,2,1,0,0,0,0,0,0,0,0,0,0,0,0,1
011250101012016,10,0,11,8,0,0,0,0,0,0,0,3,0,0,2,1,2,0,2,1,0,0,0,0,0,0,0,0,0,0,0,1
011250105002036,5,0,4,3,0,0,0,0,0,0,0,0,0,0,0,1,3,0,3,3,0,0,0,0,0,0,0,0,0,0,0,1
011250105002026,10,0,10,3,8,0,0,0,0,0,0,0,0,0,0,8,3,0,3,3,1,0,0,0,0,0,0,0,0,0,0,1
011250105002015,10,0,10,10,0,0,0,0,0,0,0,0,0,0,0,1,9,0,9,10,0,0,0,0,0,0,0,0,0,0,0,1
011250108041026,13,0,11,6,1,0,0,0,0,7,0,0,0,1,0,2,10,1,7,5,0,0,0,0,0,13,0,0,0,1,0,1
011250108041022,8,0,8,6,1,0,0,0,0,0,0,0,0,0,0,1,8,0,8,6,1,0,0,0,0,0,0,0,0,0,0,1
011250108041014,27,0,27,32,0,0,0,0,0,3,0,0,0,0,0,1,26,0,25,26,0,0,0,0,0,6,0,0,0,0,0,1
011250101051042,13,0,14,9,0,0,0,0,0,0,0,0,0,0,0,2,1,0,1,0,0,0,0,0,0,0,0,0,0,0,0,1
011250101051016,26,0,28,24,0,0,0,0,0,0,0,0,0,0,0,2,12,0,13,11,0,0,0,0,0,0,0,0,0,0,0,1
011250105001016,17,1,17,16,1,0,0,0,0,0,0,0,0,0,0,2,17,0,18,17,1,0,0,0,0,0,0,0,0,0,0,1
011250105001012,5,1,3,0,3,0,0,0,0,0,0,0,0,0,0,3,3,0,1,0,0,0,0,0,0,0,0,0,0,0,0,1
011250105001001,10,0,11,11,1,0,0,0,0,0,0,0,0,0,0,1,6,0,7,6,1,0,0,0,0,0,0,0,0,0,0,1
011250117033013,6,0,6,0,6,0,0,0,0,0,0,0,0,0,0,6,1,0,1,0,1,0,0,0,0,0,0,0,0,0,0,1
011250116001005,6,0,4,1,3,0,0,0,0,0,0,0,0,0,0,3,2,0,2,1,1,0,0,0,0,0,0,0,0,0,0,1
011250101023007,15,0,15,11,1,0,0,0,0,0,0,0,0,0,0,1,15,0,15,11,1,0,0,0,0,0,0,0,0,0,0,1
011250114024012,21,0,21,17,1,0,2,0,0,0,0,0,0,0,2,1,18,0,18,16,1,0,0,0,0,0,0,0,0,0,0,1
011250114024008,30,0,28,26,0,0,0,0,0,0,0,0,0,0,0,1,29,0,27,27,0,0,0,0,0,0,0,0,0,0,0,1
011250114024001,7,0,6,5,1,0,0,0,0,0,0,0,0,0,0,1,7,0,6,5,1,0,0,0,0,0,0,0,0,0,0,1
011250103042028,17,0,15,12,1,0,1,0,0,0,0,0,0,0,1,1,14,0,13,11,1,0,1,0,0,0,0,0,0,0,1,1
011250103042006,14,0,15,11,0,0,3,0,0,0,0,0,0,0,2,1,13,0,13,10,0,0,1,0,0,0,0,0,0,0,1,1
011250124061012,12,3,9,3,3,0,6,0,0,0,0,0,0,0,5,4,6,1,5,3,1,0,3,0,0,0,0,0,0,0,2,1
011250103031028,4,0,4,3,1,0,0,0,0,0,0,0,0,0,0,1,2,0,2,1,1,0,0,0,0,0,0,0,0,0,0,1
011250103031010,71,0,69,58,1,0,0,0,0,0,0,0,0,0,0,1,45,0,45,41,1,0,0,0,0,0,0,0,0,0,0,1
011250103031000,12,0,12,8,3,0,0,0,0,0,0,0,0,0,0,3,6,0,6,5,1,0,0,0,0,0,0,0,0,0,0,1
011250120011004,17,1,16,19,0,0,0,0,0,0,0,0,0,0,0,1,19,1,17,20,0,0,0,0,0,0,0,0,0,0,0,1
011250104032017,16,0,16,13,2,0,0,0,0,0,0,0,0,0,0,2,14,0,14,14,1,0,0,0,0,0,0,0,0,0,0,1
011250123043005,5,0,2,0,1,0,0,0,0,0,0,0,0,0,0,2,5,0,1,0,1,0,0,0,0,0,0,0,0,0,0,1
011250127001005,11,1,9,5,0,0,0,0,0,0,0,0,0,0,0,1,5,0,4,2,0,0,0,0,0,0,0,0,0,0,0,1
011250108023040,3,2,2,1,1,0,0,0,0,0,0,1,0,0,1,1,2,0,3,1,1,0,0,0,0,0,0,0,0,0,0,1
011250108023004,9,0,8,5,1,0,0,0,0,0,0,0,0,0,0,4,7,0,7,7,1,0,0,0,0,0,0,0,0,0,0,1
011250103052049,23,0,23,20,1,0,0,0,0,0,0,0,0,0,0,1,17,0,17,13,1,0,0,0,0,0,0,0,0,0,0,1
011250123042026,10,0,9,7,0,0,0,0,0,0,0,0,0,0,0,1,9,0,8,4,0,0,0,0,0,0,0,0,0,0,0,1
011250123042020,2,0,2,1,1,0,0,0,0,0,0,0,0,0,0,1,2,0,2,1,1,0,0,0,0,0,0,0,0,0,0,1
011250123042017,7,0,7,7,1,0,0,0,0,0,0,0,0,0,0,1,6,0,6,4,1,0,0,0,0,0,0,0,0,0,0,1
011250123042013,2,0,2,1,1,0,0,0,0,0,0,0,0,0,0,1,2,0,2,1,1,0,0,0,0,0,0,0,0,0,0,1
011250104041026,3,0,4,0,1,0,0,0,0,0,0,0,0,0,0,1,2,0,2,0,1,0,0,0,0,0,0,0,0,0,0,1
011250104063023,22,0,22,17,1,0,2,0,0,0,0,0,0,0,2,1,14,0,14,13,1,0,0,0,0,0,0,0,0,0,0,1
011250104063021,31,0,28,29,0,0,0,0,0,0,0,0,0,0,0,1,23,0,23,24,0,0,0,0,0,0,0,0,0,0,0,1
011250107071028,19,0,19,15,1,0,0,0,0,0,0,0,0,0,0,1,21,0,20,16,1,0,0,0,0,0,0,0,0,0,0,1
011250123063039,14,1,13,8,1,0,0,0,0,0,0,19,0,0,5,1,9,0,9,6,1,0,0,0,0,0,0,0,0,0,3,1
011250123063033,14,2,13,7,4,0,0,0,0,0,0,0,0,0,0,4,11,0,11,7,1,0,0,0,0,0,0,0,0,0,0,1
011250123063000,4,4,2,2,1,0,0,0,0,0,0,0,0,0,0,1,5,5,2,1,1,0,0,0,0,0,0,0,0,0,0,1
011250102052031,42,0,36,35,0,0,0,0,0,4,0,0,0,0,0,1,29,0,29,30,0,0,0,0,0,2,0,0,0,0,0,1
011250102052006,28,6,23,16,1,0,1,0,0,0,0,0,0,1,1,2,22,0,22,16,1,0,1,0,0,0,0,0,0,0,1,1
011250124042031,3,0,4,3,1,0,0,0,5,0,0,0,0,0,0,1,1,0,1,0,1,0,0,0,0,0,0,0,0,0,0,1
011250124032004,48,0,48,74,1,0,0,0,0,0,0,0,0,0,0,1,41,0,40,53,1,0,0,0,0,0,0,0,0,0,0,1
011250106014054,14,0,14,14,1,0,0,0,0,0,0,0,0,0,0,1,15,0,15,14,1,0,0,0,0,0,0,0,0,0,0,1
011250106014008,27,0,28,23,0,0,0,0,1,0,1,0,0,1,0,1,27,0,28,25,0,0,0,0,0,1,1,0,0,1,0,1
011250121021006,31,0,29,34,1,0,0,0,0,0,0,0,0,0,0,1,21,0,20,22,1,0,0,0,0,0,0,0,0,0,0,1
011250102061043,14,0,11,10,0,0,0,0,0,0,0,0,0,0,0,1,11,0,7,6,0,0,0,0,0,0,0,0,0,0,0,1
011250102061039,109,0,114,117,1,0,0,0,0,0,0,0,0,0,0,1,89,0,92,97,1,0,0,0,0,0,0,0,0,0,0,1
011250102061034,7,0,6,1,1,0,0,0,0,0,0,0,0,0,0,1,6,0,5,0,1,0,0,0,0,0,0,0,0,0,0,1
011250126002023,89,0,92,111,1,0,0,0,0,0,0,0,0,0,0,1,72,0,75,86,1,0,0,0,0,0,0,0,0,0,0,1
011250103023117,15,0,8,7,0,0,0,0,0,0,0,0,0,0,0,1,12,0,4,1,1,0,0,0,0,0,0,0,0,0,0,1
011250102051012,5,1,4,3,1,0,0,0,0,0,0,0,0,0,0,1,4,0,4,3,1,0,0,0,0,0,0,0,0,0,0,1
011250114022012,94,0,97,94,1,0,0,0,0,0,0,0,0,0,0,1,96,0,99,94,1,0,0,0,0,0,0,0,0,0,0,1
011250127003016,8,2,6,5,2,0,0,0,0,0,0,0,0,0,0,2,6,1,5,4,1,0,0,0,0,0,0,0,0,0,0,1
011250106012062,10,1,8,5,1,0,0,0,0,0,0,0,0,0,0,1,9,1,8,5,1,0,0,0,0,0,0,0,0,0,0,1
011250106012014,12,0,12,10,1,0,0,0,0,0,0,0,0,0,0,1,13,0,12,11,1,0,0,0,0,0,0,0,0,0,0,1
011250114012022,16,0,16,14,1,0,0,0,0,0,0,0,0,0,0,1,17,0,17,14,1,0,0,0,0,0,0,0,0,0,0,1
011250114012018,77,1,76,83,1,0,0,0,0,0,0,0,0,0,0,1,73,0,73,81,1,0,0,0,0,0,0,0,0,0,0,1
011250124071042,4,0,4,2,1,0,0,0,0,0,0,0,0,0,0,1,3,0,3,2,1,0,0,0,0,0,0,0,0,0,0,1
011250124071025,8,0,6,3,1,0,0,0,0,0,0,0,0,0,0,1,6,0,6,3,1,0,0,0,0,0,0,0,0,0,0,1
011250124071021,8,0,4,1,1,0,0,0,0,0,0,0,0,0,0,1,6,0,3,2,1,0,0,0,0,0,0,0,0,0,0,1
011250124071001,3,0,3,0,0,0,0,0,0,0,0,0,0,0,0,2,3,0,2,0,0,0,0,0,0,0,0,0,0,0,0,1
011250107071025,19,0,20,13,1,0,0,0,0,0,0,0,0,1,0,1,18,0,19,12,1,0,0,0,0,0,0,0,0,0,0,1
011250107071001,11,0,11,7,1,0,0,0,0,0,0,0,0,0,0,1,11,0,11,7,1,0,0,0,0,0,0,0,0,0,0,1
011250104043010,15,0,15,12,0,0,0,0,0,0,0,2,0,0,0,0,16,0,16,13,0,0,0,0,0,0,0,1,0,0,0,1
011250107062082,68,7,57,54,2,0,0,0,0,0,1,0,0,2,0,3,51,5,46,44,0,0,0,0,0,0,2,0,0,3,0,1
011250107062047,9,0,8,7,1,0,0,0,0,0,0,0,0,0,0,1,8,0,7,7,1,0,0,0,0,0,0,0,0,0,0,1
011250120021002,23,0,23,20,1,0,0,0,0,0,0,0,0,0,0,1,19,0,21,16,1,0,0,0,0,0,0,0,0,0,0,1
011250106042025,52,0,53,52,1,0,0,0,0,0,0,0,0,0,0,1,35,0,35,35,1,0,0,0,0,0,0,0,0,0,0,1
011250106042024,107,0,109,110,2,0,0,0,0,0,0,0,0,1,0,2,79,0,79,79,1,0,0,0,0,0,1,0,0,1,0,1
011250106042018,85,0,86,86,1,0,0,0,0,0,1,0,0,2,0,0,53,0,53,50,1,0,0,0,0,0,1,0,0,1,0,1
011250107042063,19,0,20,18,3,0,0,0,0,0,0,0,0,0,0,3,12,0,12,12,1,0,0,0,0,0,0,0,0,0,0,1
011250107042053,12,0,13,13,1,0,0,0,0,0,0,0,0,0,0,1,8,0,8,8,1,0,0,0,0,0,0,0,0,0,0,1
011250107042048,9,0,10,10,1,0,0,0,0,0,0,0,0,0,0,1,9,0,9,9,1,0,0,0,0,0,0,0,0,0,0,1
011250107042025,51,0,53,55,1,0,0,0,0,0,1,0,0,1,0,1,43,0,44,45,1,0,0,0,0,0,1,0,0,1,0,1
011250107042021,4,0,3,2,0,0,0,0,0,0,0,0,0,0,0,1,2,0,1,0,0,0,0,0,0,0,0,0,0,0,0,1
011250119021037,3,1,1,0,1,0,0,0,0,0,0,0,0,0,0,1,3,1,1,0,1,0,0,0,0,0,0,0,0,0,0,1
011250119021006,4,0,4,3,0,0,0,0,0,0,0,0,0,0,0,1,2,0,3,1,0,0,0,0,0,0,0,0,0,0,0,1
011250124031006,10,0,9,3,2,0,0,0,0,0,0,0,0,0,0,4,5,0,4,2,0,0,0,0,0,0,0,0,0,0,0,1
011250124032013,63,0,63,98,1,0,0,0,0,0,0,0,0,0,0,1,43,0,44,63,1,0,0,0,0,0,0,0,0,0,0,1
011250103052050,21,1,20,15,0,0,0,0,0,0,0,0,0,0,0,1,18,1,17,11,0,0,0,0,0,0,0,0,0,0,0,1
011250103052040,13,1,11,7,1,0,0,0,0,0,0,0,0,0,0,1,10,0,10,6,1,0,0,0,0,0,0,0,0,0,0,1
011250103052030,6,1,4,0,1,0,0,0,0,0,0,0,0,0,0,1,5,0,4,0,1,0,0,0,0,0,0,0,0,0,0,1
011250104062014,51,4,47,34,1,0,1,0,0,0,0,0,0,0,2,1,32,3,28,26,1,0,1,0,0,0,0,0,0,0,2,1
011250101023110,106,0,109,110,1,0,0,0,0,0,0,0,0,0,0,1,86,0,88,91,1,0,0,0,0,0,0,0,0,0,0,1
011250101023097,26,0,26,24,1,0,0,0,0,0,0,0,0,0,0,1,24,0,24,22,1,0,0,0,0,0,0,0,0,0,0,1
011250101023093,58,0,59,58,1,0,0,0,0,0,0,0,0,0,0,1,47,0,47,47,1,0,0,0,0,0,0,0,0,0,0,1
011250101023088,37,0,38,38,1,0,0,0,0,0,0,0,0,0,0,1,32,0,33,33,1,0,0,0,0,0,0,0,0,0,0,1
011250101023013,20,0,21,20,0,0,0,0,0,0,0,0,0,0,0,0,18,0,19,18,0,0,0,0,0,0,0,0,0,0,0,0
011250107071024,51,0,52,52,1,0,0,0,0,0,2,0,0,2,0,1,49,0,50,49,1,0,0,0,0,0,2,0,0,2,0,1
011250121022010,13,0,10,9,3,0,0,0,0,0,0,0,0,0,0,2,9,0,7,8,1,0,0,0,0,0,0,0,0,0,0,1
011250120011018,11,1,8,7,1,0,0,0,0,0,0,0,0,0,0,1,10,1,9,8,1,0,0,0,0,0,0,0,0,0,0,1
011250120011012,15,1,13,12,1,0,0,0,0,0,0,0,0,0,0,1,15,1,13,13,1,0,0,0,0,0,0,0,0,0,0,1
011250107074018,16,1,16,15,0,0,0,0,0,0,0,0,0,0,0,0,9,0,10,9,0,0,0,0,0,0,0,0,0,0,0,1
011250107074013,7,1,6,4,0,0,0,0,0,0,1,0,0,1,0,0,6,0,6,5,1,0,0,0,0,0,2,0,0,2,0,0
011250102012038,23,0,17,17,0,0,0,0,0,0,0,0,0,0,0,0,20,0,15,15,0,0,0,0,0,0,0,0,0,0,0,1
011250102012037,16,0,16,11,0,0,0,0,0,0,1,0,0,1,1,0,12,0,13,10,0,0,0,0,0,0,0,0,0,0,2,1
011250102012010,56,0,58,57,0,0,0,0,0,0,2,0,0,2,0,0,35,0,37,39,1,0,0,0,0,0,0,0,0,0,0,0
011250114022005,20,0,21,18,1,0,0,0,0,0,0,0,0,0,0,1,19,0,20,19,1,0,0,0,0,0,0,0,0,0,0,1
011250107051013,16,2,13,9,0,0,0,0,0,0,0,0,0,0,0,0,13,2,10,7,0,0,0,0,0,0,0,0,0,0,0,0
011250103023152,3,0,3,2,0,0,0,0,0,0,0,0,0,0,0,0,3,0,3,1,1,0,0,0,0,0,0,0,0,0,0,1
011250103023057,4,0,5,5,0,0,0,0,0,0,0,0,0,0,0,0,4,0,4,3,1,0,0,0,0,0,0,0,0,0,0,1
011250103023034,4,0,5,5,0,0,0,0,0,0,0,0,0,1,0,0,2,0,2,0,0,0,0,0,0,0,0,0,0,1,0,1
011250103023033,8,0,7,7,0,0,0,0,0,2,0,0,0,0,0,0,7,0,9,8,0,0,0,0,0,3,0,0,0,0,0,1
011250108032005,15,0,16,17,1,0,0,0,0,0,0,0,0,0,0,1,10,0,10,11,1,0,0,0,0,0,0,0,0,0,0,1
011250118001010,2,0,2,0,2,0,0,0,0,0,0,0,0,0,0,2,0,0,1,0,1,0,0,0,0,0,0,0,0,0,0,1
011250125031030,2,0,2,0,1,0,0,0,0,0,0,0,0,0,0,1,1,0,1,0,0,0,0,0,0,0,0,0,0,0,0,0
011250103021018,2,0,2,2,0,0,0,0,0,2,0,0,0,0,0,0,2,0,2,2,0,0,0,0,0,0,0,0,0,0,0,1
011250103021016,40,3,37,41,0,0,0,0,0,0,0,0,19,5,0,0,28,1,26,27,0,0,0,0,0,0,0,0,15,5,0,0
011250103021009,26,1,24,25,0,0,0,0,0,0,0,0,0,0,0,1,18,1,17,18,0,0,0,0,0,0,0,0,0,0,0,0
011250103052064,14,1,13,10,0,0,0,0,0,0,0,0,0,0,0,0,11,0,11,8,1,0,0,0,0,0,0,0,0,0,0,0
011250103052016,11,0,11,9,1,0,0,0,0,0,0,0,0,0,0,1,8,0,9,7,0,0,0,0,0,0,0,0,0,0,0,0
011250103052010,6,0,6,0,0,0,0,0,0,0,0,0,0,0,0,0,6,0,5,0,0,0,0,0,0,0,0,0,0,0,0,0
011250107032085,13,4,10,7,1,0,0,0,1,0,0,0,0,0,0,1,7,0,7,6,1,0,0,0,0,0,0,0,0,0,0,0
011250107032060,14,7,10,6,1,0,0,0,0,0,0,0,0,0,0,2,11,2,9,7,0,0,0,0,1,0,0,0,0,0,0,0
011250107032043,19,14,12,11,0,0,0,0,0,0,0,0,0,0,0,1,13,4,10,9,0,0,0,0,0,0,0,0,0,0,0,0
011250107032030,5,3,4,3,0,0,0,0,0,0,0,0,0,0,0,1,5,1,4,3,0,0,0,0,0,0,0,0,0,0,0,0
011250107032000,47,0,39,38,0,0,0,0,0,0,0,0,0,0,0,1,29,0,29,30,0,0,0,0,0,0,0,0,0,0,0,0
011250101011042,24,0,25,16,0,0,0,0,0,0,0,0,0,0,0,1,18,0,18,10,0,0,0,0,0,0,0,0,0,0,0,0
011250107071030,18,0,18,17,0,0,0,0,0,0,0,0,0,0,0,1,17,0,18,16,1,0,0,0,0,0,0,0,0,0,0,1
011250107071003,10,0,9,7,0,0,0,0,0,0,0,0,0,0,0,0,10,0,10,7,1,0,0,0,0,0,0,0,0,0,0,1
011250104072038,16,0,15,16,1,0,0,0,0,0,0,0,0,0,0,1,16,0,16,16,1,0,0,0,0,0,0,0,0,0,0,1
011250104072026,18,2,17,18,1,0,0,0,0,0,0,0,0,0,0,1,18,0,18,18,1,0,0,0,0,0,0,0,0,0,0,1
011250104072015,39,1,38,42,1,0,0,0,0,0,0,0,0,0,0,0,30,0,29,31,1,0,0,0,0,0,0,0,0,0,0,1
011250123061001,14,0,13,10,0,0,0,0,0,0,0,0,0,0,0,1,13,0,11,10,0,0,0,0,0,0,0,0,0,0,0,1
011250108041038,8,0,8,6,0,0,0,0,0,4,1,0,0,2,0,0,8,0,7,5,0,0,0,0,0,6,1,0,0,2,0,1
011250108041035,8,0,8,5,2,0,0,0,0,0,0,0,0,0,0,2,5,0,5,5,1,0,0,0,0,0,0,0,0,0,0,1
011250108041024,7,0,3,3,0,0,0,0,0,0,0,0,0,0,0,0,5,0,3,3,1,0,0,0,0,0,0,0,0,0,0,1
011250119013017,12,0,12,17,0,0,0,0,0,0,0,0,0,0,0,0,13,0,13,18,1,0,0,0,0,0,0,0,0,0,0,1
011250114024013,17,0,16,11,2,0,2,0,0,0,0,0,0,0,2,3,13,0,12,10,0,0,0,0,0,0,0,0,0,0,0,1
011250114024009,24,0,25,23,0,0,0,0,20,0,0,0,0,0,0,0,23,0,23,23,1,0,0,0,20,0,0,0,0,0,0,0
011250114024006,135,0,139,134,0,0,1,0,0,0,0,0,0,0,1,0,121,0,125,129,0,0,0,0,0,0,0,0,0,0,0,0
011250103042026,19,0,19,15,0,0,0,0,0,0,0,0,0,0,0,1,14,0,14,10,0,0,0,0,0,0,0,0,0,0,0,1
011250103042009,12,0,12,8,1,0,0,0,0,0,0,0,0,0,0,1,9,0,9,7,1,0,0,0,0,0,0,0,0,0,0,1
011250103042002,10,0,10,9,1,0,0,0,0,0,0,0,0,0,0,2,2,0,2,2,0,0,0,0,0,0,0,0,0,0,0,1
011250103042000,59,0,56,59,0,0,0,0,0,0,0,0,0,0,1,1,46,0,44,47,0,0,0,0,0,0,0,0,0,0,0,1
011250104063034,140,0,142,142,0,0,3,0,0,0,0,0,0,0,2,1,111,0,112,119,0,0,0,0,0,0,0,0,0,0,0,0
011250104063020,56,0,56,58,0,0,1,0,0,0,0,0,0,0,1,1,39,0,39,40,0,0,0,0,0,0,0,0,0,0,0,0
011250104063002,36,0,35,36,0,0,0,0,0,0,0,0,0,0,0,1,25,0,23,23,0,0,0,0,0,0,0,0,0,0,0,0
011250114012001,34,1,33,26,0,0,0,0,0,0,0,0,0,0,1,0,36,1,35,26,0,0,0,0,0,0,0,0,0,0,1,1
011250107071044,75,0,76,86,0,0,0,0,0,0,0,0,0,0,0,0,68,0,68,76,0,0,0,0,0,0,0,0,0,0,0,0
011250107071035,61,0,62,65,1,0,0,0,0,0,0,0,0,0,0,1,41,0,42,45,0,0,0,0,0,0,0,0,0,0,0,0
011250107071027,27,1,25,22,0,0,0,0,0,0,3,0,0,3,0,0,29,1,27,23,0,0,0,0,0,0,4,0,0,4,0,0
011250107071002,81,1,80,90,0,0,0,0,0,0,0,0,0,0,0,0,59,0,60,66,0,0,0,0,0,0,0,0,0,0,0,0
011250114022007,37,0,38,37,0,0,0,0,0,0,0,0,0,0,0,0,37,0,38,38,0,0,0,0,0,0,0,0,0,0,0,0
011250114012021,19,1,18,16,0,0,0,0,0,0,0,0,0,0,0,0,17,0,17,15,1,0,0,0,0,0,0,0,0,0,0,1
011250114012020,33,0,33,31,0,0,0,0,0,0,0,0,0,0,0,0,33,0,33,31,0,0,0,0,0,0,0,0,0,0,0,0
011250114012010,31,0,32,29,1,0,0,0,0,0,0,0,0,0,0,1,27,0,27,28,0,0,0,0,0,0,0,0,0,0,0,0
011250101023172,17,0,13,12,0,0,0,0,0,0,0,0,0,0,0,1,8,0,7,7,0,0,0,0,0,0,0,0,0,0,0,0
011250101023121,1,0,2,0,0,0,0,0,0,0,0,0,0,0,0,0,2,0,2,0,0,0,0,0,0,0,0,0,0,0,0,0
011250120011008,25,1,24,28,0,0,0,0,0,0,0,0,0,0,0,0,26,1,25,30,0,0,0,0,0,0,0,0,0,0,0,0
011250121021003,13,0,13,11,0,0,0,0,0,0,0,0,0,0,0,1,9,0,9,6,0,0,0,0,0,0,0,0,0,0,0,0
011250103023151,30,0,33,40,0,0,0,0,0,0,0,0,0,0,0,0,33,0,37,40,0,0,0,0,0,0,0,0,0,0,0,0
011250103023129,16,0,14,15,1,0,0,0,0,0,0,0,0,0,0,1,12,0,8,8,0,0,0,0,0,0,0,0,0,0,0,0
011250103023067,6,0,3,1,0,0,0,0,0,0,1,0,0,0,0,0,3,0,2,1,0,0,0,0,0,0,0,0,0,0,0,0
011250103023040,2,0,2,0,0,0,0,0,0,0,0,0,0,1,0,0,2,0,2,0,0,0,0,0,0,0,0,0,0,1,0,0
011250103023032,7,0,7,9,0,0,0,0,0,0,0,0,0,0,0,0,5,0,5,6,0,0,0,0,0,0,0,0,0,0,0,0
011250106012051,57,0,58,61,0,0,0,0,0,0,0,0,0,0,0,0,48,0,49,51,0,0,0,0,0,0,0,0,0,0,0,1
011250106012038,127,3,122,127,1,0,0,0,0,0,0,0,0,0,0,1,117,3,112,121,1,0,0,0,0,0,0,0,0,0,0,0
011250106012037,28,1,27,26,1,0,0,0,0,0,0,0,0,0,0,1,26,1,24,24,0,0,0,0,0,0,0,0,0,0,0,0
011250106012036,9,1,8,7,0,0,0,0,0,0,0,0,0,0,0,0,8,0,8,8,0,0,0,0,0,0,0,0,0,0,0,0
011250106012025,69,0,70,68,0,0,0,0,0,0,1,0,0,1,0,0,57,0,57,53,0,0,0,0,0,0,1,0,0,1,0,0
011250106012020,5,1,3,1,0,0,0,0,0,0,0,0,0,0,0,0,5,1,2,0,0,0,0,0,0,0,0,0,0,0,0,0
011250103052035,43,0,44,51,0,0,0,0,0,0,0,0,0,0,0,0,36,0,37,41,0,0,0,0,0,0,0,0,0,0,0,0
011250103052005,6,1,4,4,0,0,0,0,0,0,0,0,0,0,0,0,6,1,4,3,0,0,0,0,0,0,0,0,0,0,0,0
011250101011010,3,0,3,0,0,0,0,0,0,0,0,0,0,0,0,1,1,0,1,0,0,0,0,0,0,0,0,0,0,0,0,0
011250101011000,80,0,81,90,0,0,0,0,0,0,0,0,0,0,0,0,68,0,69,75,0,0,0,0,0,0,0,0,0,0,0,0
011250107071037,10,0,10,9,0,0,0,0,0,0,0,0,0,0,0,0,7,0,7,6,0,0,0,0,0,0,0,0,0,0,0,0
011250107071033,25,0,26,28,0,0,0,0,0,0,0,0,0,0,0,0,23,0,23,25,0,0,0,0,0,0,0,0,0,0,0,0
011250107071032,10,0,11,8,0,0,0,0,0,0,0,0,0,0,0,0,9,0,9,6,0,0,0,0,0,0,0,0,0,0,0,0
011250104072025,33,2,31,35,0,0,0,0,0,0,0,0,0,0,0,0,28,0,27,30,0,0,0,0,0,0,0,0,0,0,0,0
011250104072020,15,0,14,13,0,0,0,0,0,0,0,0,0,0,0,0,12,0,11,12,0,0,0,0,0,0,0,0,0,0,0,0
011250104072016,14,3,12,9,0,0,0,0,0,0,0,0,0,0,0,0,13,2,12,10,0,0,0,0,0,0,0,0,0,0,0,0
011250104072012,20,0,20,21,0,0,0,0,0,0,0,0,0,0,0,0,21,0,21,21,0,0,0,0,0,0,0,0,0,0,0,0
011250104072008,36,0,35,36,0,0,0,0,0,0,0,0,0,0,0,1,21,0,21,23,0,0,0,0,0,0,0,0,0,0,0,0
011250114022011,7,0,6,3,0,0,0,0,0,0,0,0,0,0,0,0,6,0,5,4,0,0,0,0,0,0,0,0,0,0,0,0
011250120021006,10,0,10,4,1,0,0,0,0,0,0,0,0,0,0,1,8,0,7,4,0,0,0,0,0,0,0,0,0,0,0,0
011250114012023,14,1,14,11,1,0,0,0,0,0,0,0,0,0,0,1,9,1,9,8,0,0,0,0,0,0,0,0,0,0,0,0
011250114012014,13,1,11,11,0,0,0,0,0,0,0,0,0,0,0,0,14,2,12,12,0,0,0,0,0,0,0,0,0,0,0,0
011250114012005,55,0,56,63,0,0,0,0,0,0,0,0,0,0,0,0,53,0,54,61,0,0,0,0,0,0,0,0,0,0,0,0
011250114012003,26,1,24,26,0,0,0,0,0,0,0,0,0,0,0,0,23,2,21,21,0,0,0,0,0,0,0,0,0,0,0,0
011250114022006,2,0,2,1,0,0,0,0,0,0,0,0,0,0,0,0,2,0,2,1,0,0,0,0,0,0,0,0,0,0,0,0
011250114022002,3,0,2,0,0,0,0,0,0,0,0,0,0,0,0,0,3,0,2,0,0,0,0,0,0,0,0,0,0,0,0,0
011250103052063,4,0,4,3,0,0,0,0,0,0,0,0,0,0,0,0,3,0,3,2,0,0,0,0,0,0,0,0,0,0,0,0
011250103052042,9,0,9,8,0,0,0,0,0,0,0,0,0,0,0,0,6,0,7,7,0,0,0,0,0,0,0,0,0,0,0,0
011250103052012,26,0,27,31,0,0,0,0,0,0,0,0,0,0,0,0,20,0,20,21,0,0,0,0,0,0,0,0,0,0,0,0
011250107071038,13,0,13,11,0,0,0,0,0,0,1,0,0,1,0,0,9,0,9,8,0,0,0,0,0,0,1,0,0,1,0,0
011250107071034,3,0,2,1,0,0,0,0,0,0,0,0,0,0,0,0,2,0,2,1,0,0,0,0,0,0,0,0,0,0,0,0
011250107071015,74,0,75,85,0,0,0,0,0,0,0,0,0,0,0,0,51,0,52,59,0,0,0,0,0,0,0,0,0,0,0,0
011250114012017,34,0,34,42,0,0,0,0,0,0,0,0,0,0,0,0,33,0,33,40,0,0,0,0,0,0,0,0,0,0,0,0
011250114012011,29,0,29,29,0,0,0,0,0,0,0,0,0,0,0,0,27,0,27,29,0,0,0,0,0,0,0,0,0,0,0,0
011250114012009,27,0,27,27,0,0,0,0,0,0,0,0,0,0,0,0,28,0,28,28,0,0,0,0,0,0,0,0,0,0,0,0
011250114012006,31,0,31,30,0,0,0,0,0,0,0,1,0,0,0,0,31,0,31,29,0,0,0,0,0,0,0,1,0,0,0,0
011250114022010,2,0,1,0,0,0,0,0,0,0,0,0,0,0,0,0,1,0,0,0,0,0,0,0,0,0,0,0,0,0,0,0
011250114022009,21,0,19,22,0,0,0,0,0,0,0,0,0,0,0,0,22,0,20,22,0,0,0,0,0,0,0,0,0,0,0,0
011250128002021,10,1,9,3,4,0,0,0,0,0,0,0,0,0,0,4,5,1,4,3,0,0,0,0,0,0,0,0,0,0,0,0
011250128002018,0,0,0,0,0,0,0,0,0,0,0,0,0,0,0,0,0,0,0,0,0,0,0,0,0,0,0,0,0,0,0,0
011250128002017,0,0,0,0,0,0,0,0,0,0,0,0,0,0,0,0,0,0,0,0,0,0,0,0,0,0,0,0,0,0,0,0
011250128002016,0,0,0,0,0,0,0,0,0,0,0,0,0,0,0,0,0,0,0,0,0,0,0,0,0,0,0,0,0,0,0,0
011250128002015,0,0,0,0,0,0,0,0,0,0,0,0,0,0,0,0,0,0,0,0,0,0,0,0,0,0,0,0,0,0,0,0
011250128002014,0,0,0,0,0,0,0,0,0,0,0,0,0,0,0,0,0,0,0,0,0,0,0,0,0,0,0,0,0,0,0,0
011250128002013,5,3,1,0,0,0,0,0,0,0,0,0,0,0,0,0,4,4,1,0,0,0,0,0,0,0,0,0,0,0,0,0
011250128002011,8,2,6,4,0,0,0,0,0,0,0,0,0,0,0,0,7,3,4,3,0,0,0,0,0,0,0,0,0,0,0,0
011250128002010,0,0,0,0,0,0,0,0,0,0,0,0,0,0,0,0,0,0,0,0,0,0,0,0,0,0,0,0,0,0,0,0
011250128002008,0,0,0,0,0,0,0,0,0,0,0,0,0,0,0,0,0,0,0,0,0,0,0,0,0,0,0,0,0,0,0,0
011250128001028,7,0,7,0,0,0,0,0,0,0,0,0,0,0,0,0,5,0,5,0,0,0,0,0,0,0,0,0,0,0,0,0
011250127003031,0,0,0,0,0,0,0,0,0,0,0,0,0,0,0,0,0,0,0,0,0,0,0,0,0,0,0,0,0,0,0,0
011250127003028,0,0,0,0,0,0,0,0,0,0,0,0,0,0,0,0,0,0,0,0,0,0,0,0,0,0,0,0,0,0,0,0
011250127003019,0,0,0,0,0,0,0,0,0,0,0,0,0,0,0,0,0,0,0,0,0,0,0,0,0,0,0,0,0,0,0,0
011250127003015,0,0,0,0,0,0,0,0,0,0,0,0,0,0,0,0,0,0,0,0,0,0,0,0,0,0,0,0,0,0,0,0
011250127003012,0,0,0,0,0,0,0,0,0,0,0,0,0,0,0,0,0,0,0,0,0,0,0,0,0,0,0,0,0,0,0,0
011250127003011,0,0,0,0,0,0,0,0,0,0,0,0,0,0,0,0,0,0,0,0,0,0,0,0,0,0,0,0,0,0,0,0
011250127003007,3,0,3,0,0,0,10,0,0,0,0,0,0,0,6,0,3,0,3,0,0,0,10,0,0,0,0,0,0,0,4,0
011250127003006,0,0,0,0,0,0,0,0,0,0,0,0,0,0,0,0,0,0,0,0,0,0,0,0,0,0,0,0,0,0,0,0
011250127003001,0,0,0,0,0,0,0,0,0,0,0,0,0,0,0,0,0,0,0,0,0,0,0,0,0,0,0,0,0,0,0,0
011250127002025,0,0,0,0,0,0,0,0,0,0,0,0,0,0,0,0,0,0,0,0,0,0,0,0,0,0,0,0,0,0,0,0
011250127002024,66,5,61,54,0,0,0,0,0,0,0,0,0,0,0,0,37,0,36,40,0,0,0,0,0,0,0,0,0,0,0,0
011250127002023,72,4,68,57,2,0,0,0,0,0,0,0,0,0,0,2,45,0,44,48,0,0,0,0,0,0,0,0,0,0,0,0
011250127002021,0,0,0,0,0,0,0,0,0,0,0,0,0,0,0,0,0,0,0,0,0,0,0,0,0,0,0,0,0,0,0,0
011250127002018,52,0,53,39,9,0,0,0,0,0,0,0,0,0,0,9,30,0,29,32,0,0,0,0,0,0,0,0,0,0,0,0
011250127002017,66,5,61,54,0,0,0,0,0,0,0,0,0,0,0,0,44,2,42,46,0,0,0,0,0,0,0,0,0,0,0,0
011250127002016,70,6,62,49,7,0,0,0,0,0,0,0,0,0,0,7,47,3,43,46,0,0,0,0,0,0,0,0,0,0,0,0
011250127002008,7,0,7,0,2,0,0,0,0,0,0,0,0,0,0,2,4,0,4,0,0,0,0,0,0,0,0,0,0,0,0,0
011250127002006,11,5,4,0,2,0,0,0,0,0,0,0,0,0,0,2,1,0,1,0,0,0,0,0,0,0,0,0,0,0,0,0
011250127002004,12,0,13,2,14,0,0,0,0,0,0,0,0,0,0,13,1,0,1,2,0,0,0,0,0,0,0,0,0,0,0,0
011250127002003,11,4,5,3,2,0,0,0,0,0,0,0,0,0,0,2,3,3,0,0,0,0,0,0,0,0,0,0,0,0,0,0
011250127002002,0,0,0,0,0,0,0,0,0,0,0,0,0,0,0,0,0,0,0,0,0,0,0,0,0,0,0,0,0,0,0,0
011250127002001,11,2,7,0,9,0,0,0,0,0,0,0,0,0,0,9,1,2,0,0,0,0,0,0,0,0,0,0,0,0,0,0
011250127001012,12,7,6,6,0,0,0,0,0,0,0,0,0,0,2,0,8,1,4,5,0,0,0,0,0,0,0,0,0,0,0,0
011250127001009,0,0,0,0,0,0,0,0,0,0,0,0,0,0,0,0,0,0,0,0,0,0,0,0,0,0,0,0,0,0,0,0
011250127001008,0,0,0,0,0,0,0,0,0,0,0,0,0,0,0,0,0,0,0,0,0,0,0,0,0,0,0,0,0,0,0,0
011250127001007,0,0,0,0,0,0,0,0,0,0,0,0,0,0,0,0,0,0,0,0,0,0,0,0,0,0,0,0,0,0,0,0
011250127001006,0,0,0,0,0,0,0,0,0,0,0,0,0,0,0,0,0,0,0,0,0,0,0,0,0,0,0,0,0,0,0,0
011250127001003,0,0,0,0,0,0,0,0,0,0,0,0,0,0,0,0,0,0,0,0,0,0,0,0,0,0,0,0,0,0,0,0
011250127001002,0,0,0,0,0,0,0,0,0,0,0,0,0,0,0,0,0,0,0,0,0,0,0,0,0,0,0,0,0,0,0,0
011250127001001,0,0,0,0,0,0,0,0,0,0,0,0,0,0,0,0,0,0,0,0,0,0,0,0,0,0,0,0,0,0,0,0
011250127001000,0,0,0,0,0,0,0,0,0,0,0,0,0,0,0,0,0,0,0,0,0,0,0,0,0,0,0,0,0,0,0,0
011250126002037,0,0,0,0,0,0,0,0,0,0,0,0,0,0,0,0,0,0,0,0,0,0,0,0,0,0,0,0,0,0,0,0
011250126002036,0,0,0,0,0,0,0,0,0,0,0,0,0,0,0,0,0,0,0,0,0,0,0,0,0,0,0,0,0,0,0,0
011250126002035,0,0,0,0,0,0,0,0,0,0,0,0,0,0,0,0,0,0,0,0,0,0,0,0,0,0,0,0,0,0,0,0
011250126002034,0,0,0,0,0,0,0,0,0,0,0,0,0,0,0,0,0,0,0,0,0,0,0,0,0,0,0,0,0,0,0,0
011250126002033,15,0,16,14,0,0,0,0,0,0,0,0,0,0,0,0,12,0,12,14,0,0,0,0,0,0,0,0,0,0,0,0
011250126002032,0,0,0,0,0,0,0,0,0,0,0,0,0,0,0,0,0,0,0,0,0,0,0,0,0,0,0,0,0,0,0,0
011250126002031,0,0,0,0,0,0,0,0,0,0,0,0,0,0,0,0,0,0,0,0,0,0,0,0,0,0,0,0,0,0,0,0
011250126002030,0,0,0,0,0,0,0,0,0,0,0,0,0,0,0,0,0,0,0,0,0,0,0,0,0,0,0,0,0,0,0,0
011250126002029,0,0,0,0,0,0,0,0,0,0,0,0,0,0,0,0,0,0,0,0,0,0,0,0,0,0,0,0,0,0,0,0
011250126002028,22,0,23,27,0,0,0,0,0,0,0,0,0,0,0,0,21,0,21,26,0,0,0,0,0,0,0,0,0,0,0,0
011250126002027,23,0,24,23,0,0,0,0,0,0,0,0,0,0,0,1,22,0,23,22,0,0,0,0,0,0,0,0,0,0,0,0
011250126002025,51,1,48,55,0,0,0,0,0,0,0,0,0,0,0,0,46,1,44,49,0,0,0,0,0,0,0,0,0,0,0,0
011250126002024,32,0,31,21,4,0,1,0,0,0,0,0,0,0,0,4,23,0,24,20,0,0,1,0,0,0,0,0,0,0,1,0
011250126002021,0,0,0,0,0,0,0,0,0,0,0,0,0,0,0,0,0,0,0,0,0,0,0,0,0,0,0,0,0,0,0,0
011250126002019,11,0,10,4,0,0,0,0,0,0,0,0,0,0,1,0,2,0,1,0,0,0,0,0,0,0,0,0,0,0,0,0
011250126002016,0,0,0,0,0,0,0,0,0,0,0,0,0,0,0,0,0,0,0,0,0,0,0,0,0,0,0,0,0,0,0,0
011250126002015,0,0,0,0,0,0,0,0,0,0,0,0,0,0,0,0,0,0,0,0,0,0,0,0,0,0,0,0,0,0,0,0
011250126002014,0,0,0,0,0,0,0,0,0,0,0,0,0,0,0,0,0,0,0,0,0,0,0,0,0,0,0,0,0,0,0,0
011250126002013,0,0,0,0,0,0,0,0,0,0,0,0,0,0,0,0,0,0,0,0,0,0,0,0,0,0,0,0,0,0,0,0
011250126002012,0,0,0,0,0,0,0,0,0,0,0,0,0,0,0,0,0,0,0,0,0,0,0,0,0,0,0,0,0,0,0,0
011250126002008,0,0,0,0,0,0,0,0,0,0,0,0,0,0,0,0,0,0,0,0,0,0,0,0,0,0,0,0,0,0,0,0
011250126002007,0,0,0,0,0,0,0,0,0,0,0,0,0,0,0,0,0,0,0,0,0,0,0,0,0,0,0,0,0,0,0,0
011250126002005,0,0,0,0,0,0,0,0,0,0,0,0,0,0,0,0,0,0,0,0,0,0,0,0,0,0,0,0,0,0,0,0
011250126002003,0,0,0,0,0,0,0,0,0,0,0,0,0,0,0,0,0,0,0,0,0,0,0,0,0,0,0,0,0,0,0,0
011250126002002,0,0,0,0,0,0,0,0,0,0,0,0,0,0,0,0,0,0,0,0,0,0,0,0,0,0,0,0,0,0,0,0
011250126002001,0,0,0,0,0,0,0,0,0,0,0,0,0,0,0,0,0,0,0,0,0,0,0,0,0,0,0,0,0,0,0,0
011250126002000,0,0,0,0,0,0,0,0,0,0,0,0,0,0,0,0,0,0,0,0,0,0,0,0,0,0,0,0,0,0,0,0
011250126001016,0,0,0,0,0,0,0,0,0,0,0,0,0,0,0,0,0,0,0,0,0,0,0,0,0,0,0,0,0,0,0,0
011250126001015,0,0,0,0,0,0,0,0,0,0,0,0,0,0,0,0,0,0,0,0,0,0,0,0,0,0,0,0,0,0,0,0
011250126001013,0,0,0,0,0,0,0,0,0,0,0,0,0,0,0,0,0,0,0,0,0,0,0,0,0,0,0,0,0,0,0,0
011250126001010,0,0,0,0,0,0,0,0,0,0,0,0,0,0,0,0,0,0,0,0,0,0,0,0,0,0,0,0,0,0,0,0
011250126001009,0,0,0,0,0,0,0,0,0,0,0,0,0,0,0,0,0,0,0,0,0,0,0,0,0,0,0,0,0,0,0,0
011250126001008,0,0,0,0,0,0,0,0,0,0,0,0,0,0,0,0,0,0,0,0,0,0,0,0,0,0,0,0,0,0,0,0
011250126001007,0,0,0,0,0,0,0,0,0,0,0,0,0,0,0,0,0,0,0,0,0,0,0,0,0,0,0,0,0,0,0,0
011250126001006,0,0,0,0,0,0,0,0,0,0,0,0,0,0,0,0,0,0,0,0,0,0,0,0,0,0,0,0,0,0,0,0
011250126001005,0,0,0,0,0,0,0,0,0,0,0,0,0,0,0,0,0,0,0,0,0,0,0,0,0,0,0,0,0,0,0,0
011250126001004,0,0,0,0,0,0,0,0,0,0,0,0,0,0,0,0,0,0,0,0,0,0,0,0,0,0,0,0,0,0,0,0
011250126001003,0,0,0,0,0,0,0,0,0,0,0,0,0,0,0,0,0,0,0,0,0,0,0,0,0,0,0,0,0,0,0,0
011250126001002,0,0,0,0,0,0,0,0,0,0,0,0,0,0,0,0,0,0,0,0,0,0,0,0,0,0,0,0,0,0,0,0
011250126001001,0,0,0,0,0,0,0,0,0,0,0,0,0,0,0,0,0,0,0,0,0,0,0,0,0,0,0,0,0,0,0,0
011250126001000,0,0,0,0,0,0,0,0,0,0,0,0,0,0,0,0,0,0,0,0,0,0,0,0,0,0,0,0,0,0,0,0
011250125052018,0,0,0,0,0,0,0,0,0,0,0,0,0,0,0,0,0,0,0,0,0,0,0,0,0,0,0,0,0,0,0,0
011250125052017,0,0,0,0,0,0,0,0,0,0,0,0,0,0,0,0,0,0,0,0,0,0,0,0,0,0,0,0,0,0,0,0
011250125052016,0,0,0,0,0,0,0,0,0,0,0,0,0,0,0,0,0,0,0,0,0,0,0,0,0,0,0,0,0,0,0,0
011250125052015,0,0,0,0,0,0,0,0,0,0,0,0,0,0,0,0,0,0,0,0,0,0,0,0,0,0,0,0,0,0,0,0
011250125051047,0,0,0,0,0,0,0,0,0,0,0,0,0,0,0,0,0,0,0,0,0,0,0,0,0,0,0,0,0,0,0,0
011250125051046,0,0,0,0,0,0,0,0,0,0,0,0,0,0,0,0,0,0,0,0,0,0,0,0,0,0,0,0,0,0,0,0
011250125051045,0,0,0,0,0,0,0,0,0,0,0,0,0,0,0,0,0,0,0,0,0,0,0,0,0,0,0,0,0,0,0,0
011250125051044,0,0,0,0,0,0,0,0,0,0,0,0,0,0,0,0,0,0,0,0,0,0,0,0,0,0,0,0,0,0,0,0
011250125051043,0,0,0,0,0,0,0,0,0,0,0,0,0,0,0,0,0,0,0,0,0,0,0,0,0,0,0,0,0,0,0,0
011250125051042,0,0,0,0,0,0,0,0,0,0,0,0,0,0,0,0,0,0,0,0,0,0,0,0,0,0,0,0,0,0,0,0
011250125051041,0,0,0,0,0,0,0,0,0,0,0,0,0,0,0,0,0,0,0,0,0,0,0,0,0,0,0,0,0,0,0,0
011250125051040,0,0,0,0,0,0,0,0,0,0,0,0,0,0,0,0,0,0,0,0,0,0,0,0,0,0,0,0,0,0,0,0
011250125051037,0,0,0,0,0,0,0,0,0,0,0,0,0,0,0,0,0,0,0,0,0,0,0,0,0,0,0,0,0,0,0,0
011250125051035,0,0,0,0,0,0,0,0,0,0,0,0,0,0,0,0,0,0,0,0,0,0,0,0,0,0,0,0,0,0,0,0
011250125051034,12,0,10,4,0,0,0,0,0,0,0,0,0,0,0,5,6,0,7,4,0,0,0,0,0,0,0,0,0,0,0,0
011250125051031,0,0,0,0,0,0,0,0,0,0,0,0,0,0,0,0,0,0,0,0,0,0,0,0,0,0,0,0,0,0,0,0
011250125051030,9,0,9,4,0,0,0,0,0,0,0,0,0,0,0,0,11,0,11,4,0,0,0,0,0,0,0,0,0,0,0,0
011250125051028,0,0,0,0,0,0,0,0,0,0,0,0,0,0,0,0,0,0,0,0,0,0,0,0,0,0,0,0,0,0,0,0
011250125051026,0,0,0,0,0,0,0,0,0,0,0,0,0,0,0,0,0,0,0,0,0,0,0,0,0,0,0,0,0,0,0,0
011250125051025,0,0,0,0,0,0,0,0,0,0,0,0,0,0,0,0,0,0,0,0,0,0,0,0,0,0,0,0,0,0,0,0
011250125051024,0,0,0,0,0,0,0,0,0,0,0,0,0,0,0,0,0,0,0,0,0,0,0,0,0,0,0,0,0,0,0,0
011250125051023,0,0,0,0,0,0,0,0,0,0,0,0,0,0,0,0,0,0,0,0,0,0,0,0,0,0,0,0,0,0,0,0
011250125051021,0,0,0,0,0,0,0,0,0,0,0,0,0,0,0,0,0,0,0,0,0,0,0,0,0,0,0,0,0,0,0,0
011250125051017,0,0,0,0,0,0,0,0,0,0,0,0,0,0,0,0,0,0,0,0,0,0,0,0,0,0,0,0,0,0,0,0
011250125051016,0,0,0,0,0,0,0,0,0,0,0,0,0,0,0,0,0,0,0,0,0,0,0,0,0,0,0,0,0,0,0,0
011250125051011,0,0,0,0,0,0,0,0,0,0,0,0,0,0,0,0,0,0,0,0,0,0,0,0,0,0,0,0,0,0,0,0
011250125051010,0,0,0,0,0,0,0,0,0,0,0,0,0,0,0,0,0,0,0,0,0,0,0,0,0,0,0,0,0,0,0,0
011250125051009,33,0,34,28,5,0,0,0,0,0,0,0,0,0,0,5,30,0,31,28,0,0,0,0,0,0,0,0,0,0,0,0
011250125051008,16,0,13,13,0,0,0,0,0,0,0,0,0,0,0,0,11,0,9,8,0,0,0,0,0,0,0,0,0,0,0,0
011250125051005,0,0,0,0,0,0,0,0,0,0,0,0,0,0,0,0,0,0,0,0,0,0,0,0,0,0,0,0,0,0,0,0
011250125051004,0,0,0,0,0,0,0,0,0,0,0,0,0,0,0,0,0,0,0,0,0,0,0,0,0,0,0,0,0,0,0,0
011250125051003,0,0,0,0,0,0,0,0,0,0,0,0,0,0,0,0,0,0,0,0,0,0,0,0,0,0,0,0,0,0,0,0
011250125051002,0,0,0,0,0,0,0,0,0,0,0,0,0,0,0,0,0,0,0,0,0,0,0,0,0,0,0,0,0,0,0,0
011250125051001,0,0,0,0,0,0,0,0,0,0,0,0,0,0,0,0,0,0,0,0,0,0,0,0,0,0,0,0,0,0,0,0
011250125051000,0,0,0,0,0,0,0,0,0,0,0,0,0,0,0,0,0,0,0,0,0,0,0,0,0,0,0,0,0,0,0,0
011250125042057,0,0,0,0,0,0,0,0,0,0,0,0,0,0,0,0,0,0,0,0,0,0,0,0,0,0,0,0,0,0,0,0
011250125042056,0,0,0,0,0,0,0,0,0,0,0,0,0,0,0,0,0,0,0,0,0,0,0,0,0,0,0,0,0,0,0,0
011250125042055,0,0,0,0,0,0,0,0,0,0,0,0,0,0,0,0,0,0,0,0,0,0,0,0,0,0,0,0,0,0,0,0
011250125042054,0,0,0,0,0,0,0,0,0,0,0,0,0,0,0,0,0,0,0,0,0,0,0,0,0,0,0,0,0,0,0,0
011250125042053,0,0,0,0,0,0,0,0,0,0,0,0,0,0,0,0,0,0,0,0,0,0,0,0,0,0,0,0,0,0,0,0
011250125042052,0,0,0,0,0,0,0,0,0,0,0,0,0,0,0,0,0,0,0,0,0,0,0,0,0,0,0,0,0,0,0,0
011250125042051,0,0,0,0,0,0,0,0,0,0,0,0,0,0,0,0,0,0,0,0,0,0,0,0,0,0,0,0,0,0,0,0
011250125042050,0,0,0,0,0,0,0,0,0,0,0,0,0,0,0,0,0,0,0,0,0,0,0,0,0,0,0,0,0,0,0,0
011250125042049,0,0,0,0,0,0,0,0,0,0,0,0,0,0,0,0,0,0,0,0,0,0,0,0,0,0,0,0,0,0,0,0
011250125042045,0,0,0,0,0,0,0,0,0,0,0,0,0,0,0,0,0,0,0,0,0,0,0,0,0,0,0,0,0,0,0,0
011250125042044,0,0,0,0,0,0,0,0,0,0,0,0,0,0,0,0,0,0,0,0,0,0,0,0,0,0,0,0,0,0,0,0
011250125042043,0,0,0,0,0,0,0,0,0,0,0,0,0,0,0,0,0,0,0,0,0,0,0,0,0,0,0,0,0,0,0,0
011250125042042,0,0,0,0,0,0,0,0,0,0,0,0,0,0,0,0,0,0,0,0,0,0,0,0,0,0,0,0,0,0,0,0
011250125042041,0,0,0,0,0,0,0,0,0,0,0,0,0,0,0,0,0,0,0,0,0,0,0,0,0,0,0,0,0,0,0,0
011250125042040,0,0,0,0,0,0,0,0,0,0,0,0,0,0,0,0,0,0,0,0,0,0,0,0,0,0,0,0,0,0,0,0
011250125042029,0,0,0,0,0,0,0,0,0,0,0,0,0,0,0,0,0,0,0,0,0,0,0,0,0,0,0,0,0,0,0,0
011250125042028,0,0,0,0,0,0,0,0,0,0,0,0,0,0,0,0,0,0,0,0,0,0,0,0,0,0,0,0,0,0,0,0
011250125042027,0,0,0,0,0,0,0,0,0,0,0,0,0,0,0,0,0,0,0,0,0,0,0,0,0,0,0,0,0,0,0,0
011250125042026,0,0,0,0,0,0,0,0,0,0,0,0,0,0,0,0,0,0,0,0,0,0,0,0,0,0,0,0,0,0,0,0
011250125042025,0,0,0,0,0,0,0,0,0,0,0,0,0,0,0,0,0,0,0,0,0,0,0,0,0,0,0,0,0,0,0,0
011250125042024,0,0,0,0,0,0,0,0,0,0,0,0,0,0,0,0,0,0,0,0,0,0,0,0,0,0,0,0,0,0,0,0
011250125042023,0,0,0,0,0,0,0,0,0,0,0,0,0,0,0,0,0,0,0,0,0,0,0,0,0,0,0,0,0,0,0,0
011250125042022,0,0,0,0,0,0,0,0,0,0,0,0,0,0,0,0,0,0,0,0,0,0,0,0,0,0,0,0,0,0,0,0
011250125042021,0,0,0,0,0,0,0,0,0,0,0,0,0,0,0,0,0,0,0,0,0,0,0,0,0,0,0,0,0,0,0,0
011250125042020,0,0,0,0,0,0,0,0,0,0,0,0,0,0,0,0,0,0,0,0,0,0,0,0,0,0,0,0,0,0,0,0
011250125042019,0,0,0,0,0,0,0,0,0,0,0,0,0,0,0,0,0,0,0,0,0,0,0,0,0,0,0,0,0,0,0,0
011250125042018,0,0,0,0,0,0,0,0,0,0,0,0,0,0,0,0,0,0,0,0,0,0,0,0,0,0,0,0,0,0,0,0
011250125042017,0,0,0,0,0,0,0,0,0,0,0,0,0,0,0,0,0,0,0,0,0,0,0,0,0,0,0,0,0,0,0,0
011250125042016,0,0,0,0,0,0,0,0,0,0,0,0,0,0,0,0,0,0,0,0,0,0,0,0,0,0,0,0,0,0,0,0
011250125042015,0,0,0,0,0,0,0,0,0,0,0,0,0,0,0,0,0,0,0,0,0,0,0,0,0,0,0,0,0,0,0,0
011250125042014,0,0,0,0,0,0,0,0,0,0,0,0,0,0,0,0,0,0,0,0,0,0,0,0,0,0,0,0,0,0,0,0
011250125042013,0,0,0,0,0,0,0,0,0,0,0,0,0,0,0,0,0,0,0,0,0,0,0,0,0,0,0,0,0,0,0,0
011250125042012,0,0,0,0,0,0,0,0,0,0,0,0,0,0,0,0,0,0,0,0,0,0,0,0,0,0,0,0,0,0,0,0
011250125042011,0,0,0,0,0,0,0,0,0,0,0,0,0,0,0,0,0,0,0,0,0,0,0,0,0,0,0,0,0,0,0,0
011250125042010,0,0,0,0,0,0,0,0,0,0,0,0,0,0,0,0,0,0,0,0,0,0,0,0,0,0,0,0,0,0,0,0
011250125042009,0,0,0,0,0,0,0,0,0,0,0,0,0,0,0,0,0,0,0,0,0,0,0,0,0,0,0,0,0,0,0,0
011250125042008,0,0,0,0,0,0,0,0,0,0,0,0,0,0,0,0,0,0,0,0,0,0,0,0,0,0,0,0,0,0,0,0
011250125042007,0,0,0,0,0,0,0,0,0,0,0,0,0,0,0,0,0,0,0,0,0,0,0,0,0,0,0,0,0,0,0,0
011250125042006,0,0,0,0,0,0,0,0,0,0,0,0,0,0,0,0,0,0,0,0,0,0,0,0,0,0,0,0,0,0,0,0
011250125042005,0,0,0,0,0,0,0,0,0,0,0,0,0,0,0,0,0,0,0,0,0,0,0,0,0,0,0,0,0,0,0,0
011250125042004,0,0,0,0,0,0,0,0,0,0,0,0,0,0,0,0,0,0,0,0,0,0,0,0,0,0,0,0,0,0,0,0
011250125042003,0,0,0,0,0,0,0,0,0,0,0,0,0,0,0,0,0,0,0,0,0,0,0,0,0,0,0,0,0,0,0,0
011250125042002,0,0,0,0,0,0,0,0,0,0,0,0,0,0,0,0,0,0,0,0,0,0,0,0,0,0,0,0,0,0,0,0
011250125042001,0,0,0,0,0,0,0,0,0,0,0,0,0,0,0,0,0,0,0,0,0,0,0,0,0,0,0,0,0,0,0,0
011250125042000,0,0,0,0,0,0,0,0,0,0,0,0,0,0,0,0,0,0,0,0,0,0,0,0,0,0,0,0,0,0,0,0
011250125041013,0,0,0,0,0,0,0,0,0,0,0,0,0,0,0,0,0,0,0,0,0,0,0,0,0,0,0,0,0,0,0,0
011250125041012,0,0,0,0,0,0,0,0,0,0,0,0,0,0,0,0,0,0,0,0,0,0,0,0,0,0,0,0,0,0,0,0
011250125041000,0,0,0,0,0,0,0,0,0,0,0,0,0,0,0,0,0,0,0,0,0,0,0,0,0,0,0,0,0,0,0,0
011250125033021,41,0,42,27,1,0,0,0,0,0,0,0,0,0,0,1,37,0,37,27,0,0,0,0,0,0,0,0,0,0,0,0
011250125033016,0,0,0,0,0,0,0,0,0,0,0,0,0,0,0,0,0,0,0,0,0,0,0,0,0,0,0,0,0,0,0,0
011250125033015,0,0,0,0,0,0,0,0,0,0,0,0,0,0,0,0,0,0,0,0,0,0,0,0,0,0,0,0,0,0,0,0
011250125033014,0,0,0,0,0,0,0,0,0,0,0,0,0,0,0,0,0,0,0,0,0,0,0,0,0,0,0,0,0,0,0,0
011250125033013,3,1,0,0,0,0,0,0,0,0,0,0,0,0,0,0,2,1,0,0,0,0,0,0,0,0,0,0,0,0,0,0
011250125033012,0,0,0,0,0,0,0,0,0,0,0,0,0,0,0,0,0,0,0,0,0,0,0,0,0,0,0,0,0,0,0,0
011250125033008,0,0,0,0,0,0,0,0,0,0,0,0,0,0,0,0,0,0,0,0,0,0,0,0,0,0,0,0,0,0,0,0
011250125033007,0,0,0,0,0,0,0,0,0,0,0,0,0,0,0,0,0,0,0,0,0,0,0,0,0,0,0,0,0,0,0,0
011250125033006,0,0,0,0,0,0,0,0,0,0,0,0,0,0,0,0,0,0,0,0,0,0,0,0,0,0,0,0,0,0,0,0
011250125032029,44,0,44,25,0,0,16,0,0,0,0,0,0,0,13,0,39,0,39,21,0,0,15,0,0,0,0,0,0,0,13,0
011250125032027,0,0,0,0,0,0,0,0,0,0,0,0,0,0,0,0,0,0,0,0,0,0,0,0,0,0,0,0,0,0,0,0
011250125032026,0,0,0,0,0,0,0,0,0,0,0,0,0,0,0,0,0,0,0,0,0,0,0,0,0,0,0,0,0,0,0,0
011250125032024,16,0,17,4,8,0,0,0,0,3,0,0,0,0,2,13,7,0,7,4,0,0,0,0,0,0,0,0,0,0,3,0
011250125032014,0,0,0,0,0,0,0,0,0,0,0,0,0,0,0,0,0,0,0,0,0,0,0,0,0,0,0,0,0,0,0,0
011250125032011,0,0,0,0,0,0,0,0,0,0,0,0,0,0,0,0,0,0,0,0,0,0,0,0,0,0,0,0,0,0,0,0
011250125032003,0,0,0,0,0,0,0,0,0,0,0,0,0,0,0,0,0,0,0,0,0,0,0,0,0,0,0,0,0,0,0,0
011250125031038,0,0,0,0,0,0,0,0,0,0,0,0,0,0,0,0,0,0,0,0,0,0,0,0,0,0,0,0,0,0,0,0
011250125031037,0,0,0,0,0,0,0,0,0,0,0,0,0,0,0,0,0,0,0,0,0,0,0,0,0,0,0,0,0,0,0,0
011250125031036,0,0,0,0,0,0,0,0,0,0,0,0,0,0,0,0,0,0,0,0,0,0,0,0,0,0,0,0,0,0,0,0
011250125031035,0,0,0,0,0,0,0,0,0,0,0,0,0,0,0,0,0,0,0,0,0,0,0,0,0,0,0,0,0,0,0,0
011250125031034,16,0,16,16,0,0,0,0,0,0,0,0,0,0,0,1,13,0,13,14,0,0,0,0,0,0,0,0,0,0,0,0
011250125031033,0,0,0,0,0,0,0,0,0,0,0,0,0,0,0,0,0,0,0,0,0,0,0,0,0,0,0,0,0,0,0,0
011250125031032,38,0,32,27,2,0,0,0,0,0,0,11,0,0,8,1,25,0,23,24,0,0,0,0,0,0,0,0,0,1,0,0
011250125031028,31,0,31,24,2,0,0,0,0,0,0,15,0,0,11,2,23,0,23,24,0,0,0,0,0,0,0,4,0,0,2,0
011250125031027,21,0,22,23,0,0,0,0,0,0,0,0,0,0,0,0,21,0,21,23,0,0,0,0,0,0,0,0,0,0,0,0
011250125031024,0,0,0,0,0,0,0,0,0,0,0,0,0,0,0,0,0,0,0,0,0,0,0,0,0,0,0,0,0,0,0,0
011250125031023,0,0,0,0,0,0,0,0,0,0,0,0,0,0,0,0,0,0,0,0,0,0,0,0,0,0,0,0,0,0,0,0
011250125031021,0,0,0,0,0,0,0,0,0,0,0,0,0,0,0,0,0,0,0,0,0,0,0,0,0,0,0,0,0,0,0,0
011250125031012,0,0,0,0,0,0,0,0,0,0,0,0,0,0,0,0,0,0,0,0,0,0,0,0,0,0,0,0,0,0,0,0
011250125031011,0,0,0,0,0,0,0,0,0,0,0,0,0,0,0,0,0,0,0,0,0,0,0,0,0,0,0,0,0,0,0,0
011250125031010,0,0,0,0,0,0,0,0,0,0,0,0,0,0,0,0,0,0,0,0,0,0,0,0,0,0,0,0,0,0,0,0
011250125031009,0,0,0,0,0,0,0,0,0,0,0,0,0,0,0,0,0,0,0,0,0,0,0,0,0,0,0,0,0,0,0,0
011250125031008,0,0,0,0,0,0,0,0,0,0,0,0,0,0,0,0,0,0,0,0,0,0,0,0,0,0,0,0,0,0,0,0
011250125031007,0,0,0,0,0,0,0,0,0,0,0,0,0,0,0,0,0,0,0,0,0,0,0,0,0,0,0,0,0,0,0,0
011250125031006,0,0,0,0,0,0,0,0,0,0,0,0,0,0,0,0,0,0,0,0,0,0,0,0,0,0,0,0,0,0,0,0
011250125031004,0,0,0,0,0,0,0,0,0,0,0,0,0,0,0,0,0,0,0,0,0,0,0,0,0,0,0,0,0,0,0,0
011250125031003,4,0,5,3,0,0,0,0,0,0,0,0,0,0,0,0,1,0,1,0,0,0,0,0,0,0,0,0,0,0,0,0
011250125031002,0,0,0,0,0,0,0,0,0,0,0,0,0,0,0,0,0,0,0,0,0,0,0,0,0,0,0,0,0,0,0,0
011250125031001,0,0,0,0,0,0,0,0,0,0,0,0,0,0,0,0,0,0,0,0,0,0,0,0,0,0,0,0,0,0,0,0
011250125031000,0,0,0,0,0,0,0,0,0,0,0,0,0,0,0,0,0,0,0,0,0,0,0,0,0,0,0,0,0,0,0,0
011250125011127,0,0,0,0,0,0,0,0,0,0,0,0,0,0,0,0,0,0,0,0,0,0,0,0,0,0,0,0,0,0,0,0
011250125011126,0,0,0,0,0,0,0,0,0,0,0,0,0,0,0,0,0,0,0,0,0,0,0,0,0,0,0,0,0,0,0,0
011250125011125,0,0,0,0,0,0,0,0,0,0,0,0,0,0,0,0,0,0,0,0,0,0,0,0,0,0,0,0,0,0,0,0
011250125011124,0,0,0,0,0,0,0,0,0,0,0,0,0,0,0,0,0,0,0,0,0,0,0,0,0,0,0,0,0,0,0,0
011250125011123,0,0,0,0,0,0,0,0,0,0,0,0,0,0,0,0,0,0,0,0,0,0,0,0,0,0,0,0,0,0,0,0
011250125011122,0,0,0,0,0,0,0,0,0,0,0,0,0,0,0,0,0,0,0,0,0,0,0,0,0,0,0,0,0,0,0,0
011250125011120,0,0,0,0,0,0,0,0,0,0,0,0,0,0,0,0,0,0,0,0,0,0,0,0,0,0,0,0,0,0,0,0
011250125011118,0,0,0,0,0,0,0,0,0,0,0,0,0,0,0,0,0,0,0,0,0,0,0,0,0,0,0,0,0,0,0,0
011250125011114,0,0,0,0,0,0,0,0,0,0,0,0,0,0,0,0,0,0,0,0,0,0,0,0,0,0,0,0,0,0,0,0
011250125011113,0,0,0,0,0,0,0,0,0,0,0,0,0,0,0,0,0,0,0,0,0,0,0,0,0,0,0,0,0,0,0,0
011250125011112,0,0,0,0,0,0,0,0,0,0,0,0,0,0,0,0,0,0,0,0,0,0,0,0,0,0,0,0,0,0,0,0
011250125011111,0,0,0,0,0,0,0,0,0,0,0,0,0,0,0,0,0,0,0,0,0,0,0,0,0,0,0,0,0,0,0,0
011250125011110,0,0,0,0,0,0,0,0,0,0,0,0,0,0,0,0,0,0,0,0,0,0,0,0,0,0,0,0,0,0,0,0
011250125011109,0,0,0,0,0,0,0,0,0,0,0,0,0,0,0,0,0,0,0,0,0,0,0,0,0,0,0,0,0,0,0,0
011250125011108,0,0,0,0,0,0,0,0,0,0,0,0,0,0,0,0,0,0,0,0,0,0,0,0,0,0,0,0,0,0,0,0
011250125011107,2,0,2,0,2,0,0,0,0,0,0,0,0,0,0,2,0,0,0,0,0,0,0,0,0,0,0,0,0,0,0,0
011250125011106,3,0,3,3,0,0,0,0,0,0,0,0,0,0,0,0,3,0,3,2,0,0,0,0,0,0,0,0,0,0,0,0
011250125011104,0,0,0,0,0,0,0,0,0,0,0,0,0,0,0,0,0,0,0,0,0,0,0,0,0,0,0,0,0,0,0,0
011250125011102,0,0,0,0,0,0,0,0,0,0,0,0,0,0,0,0,0,0,0,0,0,0,0,0,0,0,0,0,0,0,0,0
011250125011101,0,0,0,0,0,0,0,0,0,0,0,0,0,0,0,0,0,0,0,0,0,0,0,0,0,0,0,0,0,0,0,0
011250125011095,10,0,10,4,4,0,0,0,0,0,0,0,0,0,0,4,7,0,7,4,0,0,0,0,0,0,0,0,0,0,0,0
011250125011092,0,0,0,0,0,0,0,0,0,0,0,0,0,0,0,0,0,0,0,0,0,0,0,0,0,0,0,0,0,0,0,0
011250125011091,0,0,0,0,0,0,0,0,0,0,0,0,0,0,0,0,0,0,0,0,0,0,0,0,0,0,0,0,0,0,0,0
011250125011090,0,0,0,0,0,0,0,0,0,0,0,0,0,0,0,0,0,0,0,0,0,0,0,0,0,0,0,0,0,0,0,0
011250125011089,0,0,0,0,0,0,0,0,0,0,0,0,0,0,0,0,0,0,0,0,0,0,0,0,0,0,0,0,0,0,0,0
011250125011088,0,0,0,0,0,0,0,0,0,0,0,0,0,0,0,0,0,0,0,0,0,0,0,0,0,0,0,0,0,0,0,0
011250125011087,0,0,0,0,0,0,0,0,0,0,0,0,0,0,0,0,0,0,0,0,0,0,0,0,0,0,0,0,0,0,0,0
011250125011086,0,0,0,0,0,0,0,0,0,0,0,0,0,0,0,0,0,0,0,0,0,0,0,0,0,0,0,0,0,0,0,0
011250125011085,1,0,1,1,0,0,0,0,0,0,0,0,0,0,0,0,1,0,1,1,0,0,0,0,0,0,0,0,0,0,0,0
011250125011084,0,0,0,0,0,0,0,0,0,0,0,0,0,0,0,0,0,0,0,0,0,0,0,0,0,0,0,0,0,0,0,0
011250125011082,0,0,0,0,0,0,0,0,0,0,0,0,0,0,0,0,0,0,0,0,0,0,0,0,0,0,0,0,0,0,0,0
011250125011080,0,0,0,0,0,0,0,0,0,0,0,0,0,0,0,0,0,0,0,0,0,0,0,0,0,0,0,0,0,0,0,0
011250125011076,0,0,0,0,0,0,0,0,0,0,0,0,0,0,0,0,0,0,0,0,0,0,0,0,0,0,0,0,0,0,0,0
011250125011074,0,0,0,0,0,0,0,0,0,0,0,0,0,0,0,0,0,0,0,0,0,0,0,0,0,0,0,0,0,0,0,0
011250125011073,0,0,0,0,0,0,0,0,0,0,0,0,0,0,0,0,0,0,0,0,0,0,0,0,0,0,0,0,0,0,0,0
011250125011072,0,0,0,0,0,0,0,0,0,0,0,0,0,0,0,0,0,0,0,0,0,0,0,0,0,0,0,0,0,0,0,0
011250125011071,0,0,0,0,0,0,0,0,0,0,0,0,0,0,0,0,0,0,0,0,0,0,0,0,0,0,0,0,0,0,0,0
011250125011067,0,0,0,0,0,0,0,0,0,0,0,0,0,0,0,0,0,0,0,0,0,0,0,0,0,0,0,0,0,0,0,0
011250125011066,0,0,0,0,0,0,0,0,0,0,0,0,0,0,0,0,0,0,0,0,0,0,0,0,0,0,0,0,0,0,0,0
011250125011063,12,1,10,3,5,0,0,0,0,0,0,0,0,0,0,5,8,1,6,3,0,0,0,0,0,0,0,0,0,0,0,0
011250125011062,0,0,0,0,0,0,0,0,0,0,0,0,0,0,0,0,0,0,0,0,0,0,0,0,0,0,0,0,0,0,0,0
011250125011061,0,0,0,0,0,0,0,0,0,0,0,0,0,0,0,0,0,0,0,0,0,0,0,0,0,0,0,0,0,0,0,0
011250125011060,0,0,0,0,0,0,0,0,0,0,0,0,0,0,0,0,0,0,0,0,0,0,0,0,0,0,0,0,0,0,0,0
011250125011059,0,0,0,0,0,0,0,0,0,0,0,0,0,0,0,0,0,0,0,0,0,0,0,0,0,0,0,0,0,0,0,0
011250125011056,7,1,4,2,0,0,0,0,0,0,0,0,0,0,0,1,4,1,2,2,0,0,0,0,0,0,0,0,0,0,0,0
011250125011055,0,0,0,0,0,0,0,0,0,0,0,0,0,0,0,0,0,0,0,0,0,0,0,0,0,0,0,0,0,0,0,0
011250125011051,0,0,0,0,0,0,0,0,0,0,0,0,0,0,0,0,0,0,0,0,0,0,0,0,0,0,0,0,0,0,0,0
011250125011050,11,0,11,6,0,0,0,0,0,0,0,0,0,0,0,0,10,0,10,5,0,0,0,0,0,0,0,0,0,0,0,0
011250125011049,0,0,0,0,0,0,0,0,0,0,0,0,0,0,0,0,0,0,0,0,0,0,0,0,0,0,0,0,0,0,0,0
011250125011048,0,0,0,0,0,0,0,0,0,0,0,0,0,0,0,0,0,0,0,0,0,0,0,0,0,0,0,0,0,0,0,0
011250125011047,0,0,0,0,0,0,0,0,0,0,0,0,0,0,0,0,0,0,0,0,0,0,0,0,0,0,0,0,0,0,0,0
011250125011046,0,0,0,0,0,0,0,0,0,0,0,0,0,0,0,0,0,0,0,0,0,0,0,0,0,0,0,0,0,0,0,0
011250125011045,0,0,0,0,0,0,0,0,0,0,0,0,0,0,0,0,0,0,0,0,0,0,0,0,0,0,0,0,0,0,0,0
011250125011036,0,0,0,0,0,0,0,0,0,0,0,0,0,0,0,0,0,0,0,0,0,0,0,0,0,0,0,0,0,0,0,0
011250125011033,1,0,1,1,0,0,0,0,0,0,0,0,0,0,0,0,1,0,1,1,0,0,0,0,0,0,0,0,0,0,0,0
011250125011031,0,0,0,0,0,0,0,0,0,0,0,0,0,0,0,0,0,0,0,0,0,0,0,0,0,0,0,0,0,0,0,0
011250125011030,0,0,0,0,0,0,0,0,0,0,0,0,0,0,0,0,0,0,0,0,0,0,0,0,0,0,0,0,0,0,0,0
011250125011029,0,0,0,0,0,0,0,0,0,0,0,0,0,0,0,0,0,0,0,0,0,0,0,0,0,0,0,0,0,0,0,0
011250125011027,8,0,8,6,0,0,0,0,0,0,0,0,0,0,0,0,8,0,8,6,0,0,0,0,0,0,0,0,0,0,0,0
011250125011026,0,0,0,0,0,0,0,0,0,0,0,0,0,0,0,0,0,0,0,0,0,0,0,0,0,0,0,0,0,0,0,0
011250125011022,0,0,0,0,0,0,0,0,0,0,0,0,0,0,0,0,0,0,0,0,0,0,0,0,0,0,0,0,0,0,0,0
011250125011019,0,0,0,0,0,0,0,0,0,0,0,0,0,0,0,0,0,0,0,0,0,0,0,0,0,0,0,0,0,0,0,0
011250125011018,0,0,0,0,0,0,0,0,0,0,0,0,0,0,0,0,0,0,0,0,0,0,0,0,0,0,0,0,0,0,0,0
011250125011017,0,0,0,0,0,0,0,0,0,0,0,0,0,0,0,0,0,0,0,0,0,0,0,0,0,0,0,0,0,0,0,0
011250125011016,0,0,0,0,0,0,0,0,0,0,0,0,0,0,0,0,0,0,0,0,0,0,0,0,0,0,0,0,0,0,0,0
011250125011015,24,0,24,19,0,0,0,0,0,0,0,0,0,0,0,0,23,0,23,18,0,0,0,0,0,0,0,0,0,0,0,0
011250125011014,0,0,0,0,0,0,0,0,0,0,0,0,0,0,0,0,0,0,0,0,0,0,0,0,0,0,0,0,0,0,0,0
011250125011013,0,0,0,0,0,0,0,0,0,0,0,0,0,0,0,0,0,0,0,0,0,0,0,0,0,0,0,0,0,0,0,0
011250125011012,0,0,0,0,0,0,0,0,0,0,0,0,0,0,0,0,0,0,0,0,0,0,0,0,0,0,0,0,0,0,0,0
011250125011011,0,0,0,0,0,0,0,0,0,0,0,0,0,0,0,0,0,0,0,0,0,0,0,0,0,0,0,0,0,0,0,0
011250125011010,0,0,0,0,0,0,0,0,0,0,0,0,0,0,0,0,0,0,0,0,0,0,0,0,0,0,0,0,0,0,0,0
011250125011009,0,0,0,0,0,0,0,0,0,0,0,0,0,0,0,0,0,0,0,0,0,0,0,0,0,0,0,0,0,0,0,0
011250125011008,0,0,0,0,0,0,0,0,0,0,0,0,0,0,0,0,0,0,0,0,0,0,0,0,0,0,0,0,0,0,0,0
011250125011007,0,0,0,0,0,0,0,0,0,0,0,0,0,0,0,0,0,0,0,0,0,0,0,0,0,0,0,0,0,0,0,0
011250125011006,0,0,0,0,0,0,0,0,0,0,0,0,0,0,0,0,0,0,0,0,0,0,0,0,0,0,0,0,0,0,0,0
011250125011004,0,0,0,0,0,0,0,0,0,0,0,0,0,0,0,0,0,0,0,0,0,0,0,0,0,0,0,0,0,0,0,0
011250125011003,0,0,0,0,0,0,0,0,0,0,0,0,0,0,0,0,0,0,0,0,0,0,0,0,0,0,0,0,0,0,0,0
011250125011002,0,0,0,0,0,0,0,0,0,0,0,0,0,0,0,0,0,0,0,0,0,0,0,0,0,0,0,0,0,0,0,0
011250125011001,0,0,0,0,0,0,0,0,0,0,0,0,0,0,0,0,0,0,0,0,0,0,0,0,0,0,0,0,0,0,0,0
011250125011000,0,0,0,0,0,0,0,0,0,0,0,0,0,0,0,0,0,0,0,0,0,0,0,0,0,0,0,0,0,0,0,0
011250124082010,0,0,0,0,0,0,0,0,0,0,0,0,0,0,0,0,0,0,0,0,0,0,0,0,0,0,0,0,0,0,0,0
011250124082009,0,0,0,0,0,0,0,0,0,0,0,0,0,0,0,0,0,0,0,0,0,0,0,0,0,0,0,0,0,0,0,0
011250124082006,0,0,0,0,0,0,0,0,0,0,0,0,0,0,0,0,0,0,0,0,0,0,0,0,0,0,0,0,0,0,0,0
011250124082004,0,0,0,0,0,0,0,0,0,0,0,0,0,0,0,0,0,0,0,0,0,0,0,0,0,0,0,0,0,0,0,0
011250124082003,0,0,0,0,0,0,0,0,0,0,0,0,0,0,0,0,0,0,0,0,0,0,0,0,0,0,0,0,0,0,0,0
011250124082000,0,0,0,0,0,0,0,0,0,0,0,0,0,0,0,0,0,0,0,0,0,0,0,0,0,0,0,0,0,0,0,0
011250124071050,0,0,0,0,0,0,0,0,0,0,0,0,0,0,0,0,0,0,0,0,0,0,0,0,0,0,0,0,0,0,0,0
011250124071049,0,0,0,0,0,0,0,0,0,0,0,0,0,0,0,0,0,0,0,0,0,0,0,0,0,0,0,0,0,0,0,0
011250124071047,0,0,0,0,0,0,0,0,0,0,0,0,0,0,0,0,0,0,0,0,0,0,0,0,0,0,0,0,0,0,0,0
011250124071046,10,0,7,1,3,0,0,0,0,0,0,0,0,0,0,6,3,0,2,1,0,0,0,0,0,0,0,0,0,0,0,0
011250124071045,0,0,0,0,0,0,0,0,0,0,0,0,0,0,0,0,0,0,0,0,0,0,0,0,0,0,0,0,0,0,0,0
011250124071044,9,0,8,4,0,0,0,0,0,0,0,0,0,0,0,0,8,0,7,4,0,0,0,0,0,0,0,0,0,0,0,0
011250124071040,8,0,7,0,4,0,0,0,0,0,0,0,0,0,0,4,3,0,3,0,0,0,0,0,0,0,0,0,0,0,0,0
011250124071039,0,0,0,0,0,0,0,0,0,0,0,0,0,0,0,0,0,0,0,0,0,0,0,0,0,0,0,0,0,0,0,0
011250124071037,0,0,0,0,0,0,0,0,0,0,0,0,0,0,0,0,0,0,0,0,0,0,0,0,0,0,0,0,0,0,0,0
011250124071035,0,0,0,0,0,0,0,0,0,0,0,0,0,0,0,0,0,0,0,0,0,0,0,0,0,0,0,0,0,0,0,0
011250124071032,0,0,0,0,0,0,0,0,0,0,0,0,0,0,0,0,0,0,0,0,0,0,0,0,0,0,0,0,0,0,0,0
011250124071031,0,0,0,0,0,0,0,0,0,0,0,0,0,0,0,0,0,0,0,0,0,0,0,0,0,0,0,0,0,0,0,0
011250124071030,0,0,0,0,0,0,0,0,0,0,0,0,0,0,0,0,0,0,0,0,0,0,0,0,0,0,0,0,0,0,0,0
011250124071028,0,0,0,0,0,0,0,0,0,0,0,0,0,0,0,0,0,0,0,0,0,0,0,0,0,0,0,0,0,0,0,0
011250124071027,0,0,0,0,0,0,0,0,0,0,0,0,0,0,0,0,0,0,0,0,0,0,0,0,0,0,0,0,0,0,0,0
011250124071026,2,0,2,1,0,0,0,0,0,0,0,0,0,0,0,0,0,0,0,0,0,0,0,0,0,0,0,0,0,0,0,0
011250124071024,0,0,0,0,0,0,0,0,0,0,0,0,0,0,0,0,0,0,0,0,0,0,0,0,0,0,0,0,0,0,0,0
011250124071022,0,0,0,0,0,0,0,0,0,0,0,0,0,0,0,0,0,0,0,0,0,0,0,0,0,0,0,0,0,0,0,0
011250124071020,0,0,0,0,0,0,0,0,0,0,0,0,0,0,0,0,0,0,0,0,0,0,0,0,0,0,0,0,0,0,0,0
011250124071019,0,0,0,0,0,0,0,0,0,0,0,0,0,0,0,0,0,0,0,0,0,0,0,0,0,0,0,0,0,0,0,0
011250124071017,0,0,0,0,0,0,0,0,0,0,0,0,0,0,0,0,0,0,0,0,0,0,0,0,0,0,0,0,0,0,0,0
011250124071014,0,0,0,0,0,0,0,0,0,0,0,0,0,0,0,0,0,0,0,0,0,0,0,0,0,0,0,0,0,0,0,0
011250124071013,0,0,0,0,0,0,0,0,0,0,0,0,0,0,0,0,0,0,0,0,0,0,0,0,0,0,0,0,0,0,0,0
011250124071011,1,0,1,0,0,0,0,0,0,0,0,0,0,0,0,0,0,0,0,0,0,0,0,0,0,0,0,0,0,0,0,0
011250124071010,0,0,0,0,0,0,0,0,0,0,0,0,0,0,0,0,0,0,0,0,0,0,0,0,0,0,0,0,0,0,0,0
011250124071009,3,0,3,1,0,0,0,0,0,0,0,0,0,0,0,0,3,0,3,1,0,0,0,0,0,0,0,0,0,0,0,0
011250124071005,5,0,5,1,0,0,0,0,0,0,0,0,0,0,0,0,2,0,2,1,0,0,0,0,0,0,0,0,0,0,0,0
011250124062003,8,0,7,2,0,0,0,0,0,0,0,0,0,0,0,2,6,0,5,3,0,0,0,0,0,0,0,0,0,0,0,0
011250124061013,0,0,0,0,0,0,0,0,0,0,0,0,0,0,0,0,0,0,0,0,0,0,0,0,0,0,0,0,0,0,0,0
011250124061006,0,0,0,0,0,0,0,0,0,0,0,0,0,0,0,0,0,0,0,0,0,0,0,0,0,0,0,0,0,0,0,0
011250124061000,0,0,0,0,0,0,0,0,0,0,0,0,0,0,0,0,0,0,0,0,0,0,0,0,0,0,0,0,0,0,0,0
011250124042038,0,0,0,0,0,0,0,0,0,0,0,0,0,0,0,0,0,0,0,0,0,0,0,0,0,0,0,0,0,0,0,0
011250124042036,0,0,0,0,0,0,0,0,0,0,0,0,0,0,0,0,0,0,0,0,0,0,0,0,0,0,0,0,0,0,0,0
011250124042035,0,0,0,0,0,0,0,0,0,0,0,0,0,0,0,0,0,0,0,0,0,0,0,0,0,0,0,0,0,0,0,0
011250124042034,0,0,0,0,0,0,0,0,0,0,0,0,0,0,0,0,0,0,0,0,0,0,0,0,0,0,0,0,0,0,0,0
011250124042032,6,0,4,6,1,0,0,0,0,0,0,0,0,0,0,1,5,0,4,7,0,0,0,0,0,0,0,0,0,0,0,0
011250124042030,1,0,1,2,0,0,0,0,0,0,0,0,0,0,0,0,1,0,1,2,0,0,0,0,0,0,0,0,0,0,0,0
011250124042028,0,0,0,0,0,0,0,0,0,0,0,0,0,0,0,0,0,0,0,0,0,0,0,0,0,0,0,0,0,0,0,0
011250124042025,0,0,0,0,0,0,0,0,0,0,0,0,0,0,0,0,0,0,0,0,0,0,0,0,0,0,0,0,0,0,0,0
011250124042023,0,0,0,0,0,0,0,0,0,0,0,0,0,0,0,0,0,0,0,0,0,0,0,0,0,0,0,0,0,0,0,0
011250124042022,24,0,25,44,0,0,0,0,0,0,0,0,0,0,0,0,29,0,30,48,0,0,0,0,0,0,0,0,0,0,0,0
011250124042021,0,0,0,0,0,0,0,0,0,0,0,0,0,0,0,0,0,0,0,0,0,0,0,0,0,0,0,0,0,0,0,0
011250124042020,7,0,0,0,0,0,0,0,0,0,0,0,0,0,0,0,5,0,0,0,0,0,0,0,0,0,0,0,0,0,0,0
011250124042019,0,0,0,0,0,0,0,0,0,0,0,0,0,0,0,0,0,0,0,0,0,0,0,0,0,0,0,0,0,0,0,0
011250124042015,0,0,0,0,0,0,0,0,0,0,0,0,0,0,0,0,0,0,0,0,0,0,0,0,0,0,0,0,0,0,0,0
011250124042014,0,0,0,0,0,0,0,0,0,0,0,0,0,0,0,0,0,0,0,0,0,0,0,0,0,0,0,0,0,0,0,0
011250124042013,0,0,0,0,0,0,0,0,0,0,0,0,0,0,0,0,0,0,0,0,0,0,0,0,0,0,0,0,0,0,0,0
011250124042011,2,0,1,0,1,0,0,0,0,0,0,0,0,0,0,1,0,0,0,0,0,0,0,0,0,0,0,0,0,0,0,0
011250124042010,0,0,0,0,0,0,0,0,0,0,0,0,0,0,0,0,0,0,0,0,0,0,0,0,0,0,0,0,0,0,0,0
011250124042008,0,0,0,0,0,0,0,0,0,0,0,0,0,0,0,0,0,0,0,0,0,0,0,0,0,0,0,0,0,0,0,0
011250124042000,0,0,0,0,0,0,0,0,0,0,0,0,0,0,0,0,0,0,0,0,0,0,0,0,0,0,0,0,0,0,0,0
011250124041056,0,0,0,0,0,0,0,0,0,0,0,0,0,0,0,0,0,0,0,0,0,0,0,0,0,0,0,0,0,0,0,0
011250124041055,0,0,0,0,0,0,0,0,0,0,0,0,0,0,0,0,0,0,0,0,0,0,0,0,0,0,0,0,0,0,0,0
011250124041054,0,0,0,0,0,0,0,0,0,0,0,0,0,0,0,0,0,0,0,0,0,0,0,0,0,0,0,0,0,0,0,0
011250124041053,0,0,0,0,0,0,0,0,0,0,0,0,0,0,0,0,0,0,0,0,0,0,0,0,0,0,0,0,0,0,0,0
011250124041052,0,0,0,0,0,0,0,0,0,0,0,0,0,0,0,0,0,0,0,0,0,0,0,0,0,0,0,0,0,0,0,0
011250124041050,0,0,0,0,0,0,0,0,0,0,0,0,0,0,0,0,0,0,0,0,0,0,0,0,0,0,0,0,0,0,0,0
011250124041048,0,0,0,0,0,0,0,0,0,0,0,0,0,0,0,0,0,0,0,0,0,0,0,0,0,0,0,0,0,0,0,0
011250124041044,0,0,0,0,0,0,0,0,0,0,0,0,0,0,0,0,0,0,0,0,0,0,0,0,0,0,0,0,0,0,0,0
011250124041043,0,0,0,0,0,0,0,0,0,0,0,0,0,0,0,0,0,0,0,0,0,0,0,0,0,0,0,0,0,0,0,0
011250124041041,0,0,0,0,0,0,0,0,0,0,0,0,0,0,0,0,0,0,0,0,0,0,0,0,0,0,0,0,0,0,0,0
011250124041040,0,0,0,0,0,0,0,0,0,0,0,0,0,0,0,0,0,0,0,0,0,0,0,0,0,0,0,0,0,0,0,0
011250124041039,0,0,0,0,0,0,0,0,0,0,0,0,0,0,0,0,0,0,0,0,0,0,0,0,0,0,0,0,0,0,0,0
011250124041038,0,0,0,0,0,0,0,0,0,0,0,0,0,0,0,0,0,0,0,0,0,0,0,0,0,0,0,0,0,0,0,0
011250124041037,0,0,0,0,0,0,0,0,0,0,0,0,0,0,0,0,0,0,0,0,0,0,0,0,0,0,0,0,0,0,0,0
011250124041036,15,1,14,1,15,0,0,0,0,0,0,0,0,0,0,15,3,0,3,1,0,0,0,0,0,0,0,0,0,0,0,0
011250124041035,0,0,0,0,0,0,0,0,0,0,0,0,0,0,0,0,0,0,0,0,0,0,0,0,0,0,0,0,0,0,0,0
011250124041034,0,0,0,0,0,0,0,0,0,0,0,0,0,0,0,0,0,0,0,0,0,0,0,0,0,0,0,0,0,0,0,0
011250124041032,0,0,0,0,0,0,0,0,0,0,0,0,0,0,0,0,0,0,0,0,0,0,0,0,0,0,0,0,0,0,0,0
011250124041031,0,0,0,0,0,0,0,0,0,0,0,0,0,0,0,0,0,0,0,0,0,0,0,0,0,0,0,0,0,0,0,0
011250124041029,0,0,0,0,0,0,0,0,0,0,0,0,0,0,0,0,0,0,0,0,0,0,0,0,0,0,0,0,0,0,0,0
011250124041028,0,0,0,0,0,0,0,0,0,0,0,0,0,0,0,0,0,0,0,0,0,0,0,0,0,0,0,0,0,0,0,0
011250124041027,0,0,0,0,0,0,0,0,0,0,0,0,0,0,0,0,0,0,0,0,0,0,0,0,0,0,0,0,0,0,0,0
011250124041026,0,0,0,0,0,0,0,0,0,0,0,0,0,0,0,0,0,0,0,0,0,0,0,0,0,0,0,0,0,0,0,0
011250124041025,0,0,0,0,0,0,0,0,0,0,0,0,0,0,0,0,0,0,0,0,0,0,0,0,0,0,0,0,0,0,0,0
011250124041024,0,0,0,0,0,0,0,0,0,0,0,0,0,0,0,0,0,0,0,0,0,0,0,0,0,0,0,0,0,0,0,0
011250124041023,0,0,0,0,0,0,0,0,0,0,0,0,0,0,0,0,0,0,0,0,0,0,0,0,0,0,0,0,0,0,0,0
011250124041022,0,0,0,0,0,0,0,0,0,0,0,0,0,0,0,0,0,0,0,0,0,0,0,0,0,0,0,0,0,0,0,0
011250124041017,0,0,0,0,0,0,0,0,0,0,0,0,0,0,0,0,0,0,0,0,0,0,0,0,0,0,0,0,0,0,0,0
011250124041016,0,0,0,0,0,0,0,0,0,0,0,0,0,0,0,0,0,0,0,0,0,0,0,0,0,0,0,0,0,0,0,0
011250124041015,0,0,0,0,0,0,0,0,0,0,0,0,0,0,0,0,0,0,0,0,0,0,0,0,0,0,0,0,0,0,0,0
011250124041014,0,0,0,0,0,0,0,0,0,0,0,0,0,0,0,0,0,0,0,0,0,0,0,0,0,0,0,0,0,0,0,0
011250124041013,0,0,0,0,0,0,0,0,0,0,0,0,0,0,0,0,0,0,0,0,0,0,0,0,0,0,0,0,0,0,0,0
011250124041011,0,0,0,0,0,0,0,0,0,0,0,0,0,0,0,0,0,0,0,0,0,0,0,0,0,0,0,0,0,0,0,0
011250124041010,0,0,0,0,0,0,0,0,0,0,0,0,0,0,0,0,0,0,0,0,0,0,0,0,0,0,0,0,0,0,0,0
011250124041009,0,0,0,0,0,0,0,0,0,0,0,0,0,0,0,0,0,0,0,0,0,0,0,0,0,0,0,0,0,0,0,0
011250124041007,0,0,0,0,0,0,0,0,0,0,0,0,0,0,0,0,0,0,0,0,0,0,0,0,0,0,0,0,0,0,0,0
011250124041006,0,0,0,0,0,0,0,0,0,0,0,0,0,0,0,0,0,0,0,0,0,0,0,0,0,0,0,0,0,0,0,0
011250124041005,0,0,0,0,0,0,0,0,0,0,0,0,0,0,0,0,0,0,0,0,0,0,0,0,0,0,0,0,0,0,0,0
011250124041004,0,0,0,0,0,0,0,0,0,0,0,0,0,0,0,0,0,0,0,0,0,0,0,0,0,0,0,0,0,0,0,0
011250124041001,0,0,0,0,0,0,0,0,0,0,0,0,0,0,0,0,0,0,0,0,0,0,0,0,0,0,0,0,0,0,0,0
011250124041000,0,0,0,0,0,0,0,0,0,0,0,0,0,0,0,0,0,0,0,0,0,0,0,0,0,0,0,0,0,0,0,0
011250124033036,0,0,0,0,0,0,0,0,0,0,0,0,0,0,0,0,0,0,0,0,0,0,0,0,0,0,0,0,0,0,0,0
011250124033027,6,0,5,6,0,0,0,0,0,0,0,0,0,0,0,0,5,0,5,5,0,0,0,0,0,0,0,0,0,0,0,0
011250124033025,14,11,10,6,0,0,0,0,0,10,0,0,0,0,0,3,9,4,7,5,0,0,0,0,0,0,0,0,0,0,0,0
011250124033024,0,0,0,0,0,0,0,0,0,0,0,0,0,0,0,0,0,0,0,0,0,0,0,0,0,0,0,0,0,0,0,0
011250124033023,0,0,0,0,0,0,0,0,0,0,0,0,0,0,0,0,0,0,0,0,0,0,0,0,0,0,0,0,0,0,0,0
011250124033022,0,0,0,0,0,0,0,0,0,0,0,0,0,0,0,0,0,0,0,0,0,0,0,0,0,0,0,0,0,0,0,0
011250124033021,0,0,0,0,0,0,0,0,0,0,0,0,0,0,0,0,0,0,0,0,0,0,0,0,0,0,0,0,0,0,0,0
011250124033020,0,0,0,0,0,0,0,0,0,0,0,0,0,0,0,0,0,0,0,0,0,0,0,0,0,0,0,0,0,0,0,0
011250124033019,0,0,0,0,0,0,0,0,0,0,0,0,0,0,0,0,0,0,0,0,0,0,0,0,0,0,0,0,0,0,0,0
011250124033018,0,0,0,0,0,0,0,0,0,0,0,0,0,0,0,0,0,0,0,0,0,0,0,0,0,0,0,0,0,0,0,0
011250124033017,0,0,0,0,0,0,0,0,0,0,0,0,0,0,0,0,0,0,0,0,0,0,0,0,0,0,0,0,0,0,0,0
011250124033016,0,0,0,0,0,0,0,0,0,0,0,0,0,0,0,0,0,0,0,0,0,0,0,0,0,0,0,0,0,0,0,0
011250124033015,0,0,0,0,0,0,0,0,0,0,0,0,0,0,0,0,0,0,0,0,0,0,0,0,0,0,0,0,0,0,0,0
011250124033014,0,0,0,0,0,0,0,0,0,0,0,0,0,0,0,0,0,0,0,0,0,0,0,0,0,0,0,0,0,0,0,0
011250124033013,0,0,0,0,0,0,0,0,0,0,0,0,0,0,0,0,0,0,0,0,0,0,0,0,0,0,0,0,0,0,0,0
011250124033012,0,0,0,0,0,0,0,0,0,0,0,0,0,0,0,0,0,0,0,0,0,0,0,0,0,0,0,0,0,0,0,0
011250124033010,0,0,0,0,0,0,0,0,0,0,0,0,0,0,0,0,0,0,0,0,0,0,0,0,0,0,0,0,0,0,0,0
011250124033006,0,0,0,0,0,0,0,0,0,0,0,0,0,0,0,0,0,0,0,0,0,0,0,0,0,0,0,0,0,0,0,0
011250124033005,0,0,0,0,0,0,0,0,0,0,0,0,0,0,0,0,0,0,0,0,0,0,0,0,0,0,0,0,0,0,0,0
011250124033004,0,0,0,0,0,0,0,0,0,0,0,0,0,0,0,0,0,0,0,0,0,0,0,0,0,0,0,0,0,0,0,0
011250124033001,17,5,15,10,6,0,0,0,0,0,0,0,0,0,0,6,3,4,2,2,0,0,0,0,0,0,0,0,0,0,0,0
011250124032011,0,0,0,0,0,0,0,0,0,0,0,0,0,0,0,0,0,0,0,0,0,0,0,0,0,0,0,0,0,0,0,0
011250124032010,0,0,0,0,0,0,0,0,0,0,0,0,0,0,0,0,0,0,0,0,0,0,0,0,0,0,0,0,0,0,0,0
011250124032009,0,0,0,0,0,0,0,0,0,0,0,0,0,0,0,0,0,0,0,0,0,0,0,0,0,0,0,0,0,0,0,0
011250124032008,0,0,0,0,0,0,0,0,0,0,0,0,0,0,0,0,0,0,0,0,0,0,0,0,0,0,0,0,0,0,0,0
011250124032003,0,0,0,0,0,0,0,0,0,0,0,0,0,0,0,0,0,0,0,0,0,0,0,0,0,0,0,0,0,0,0,0
011250124032002,0,0,0,0,0,0,0,0,0,0,0,0,0,0,0,0,0,0,0,0,0,0,0,0,0,0,0,0,0,0,0,0
011250124032001,0,0,0,0,0,0,0,0,0,0,0,0,0,0,0,0,0,0,0,0,0,0,0,0,0,0,0,0,0,0,0,0
011250124032000,0,0,0,0,0,0,0,0,0,0,0,0,0,0,0,0,0,0,0,0,0,0,0,0,0,0,0,0,0,0,0,0
011250124031047,0,0,0,0,0,0,0,0,0,0,0,0,0,0,0,0,0,0,0,0,0,0,0,0,0,0,0,0,0,0,0,0
011250124031046,0,0,0,0,0,0,0,0,0,0,0,0,0,0,0,0,0,0,0,0,0,0,0,0,0,0,0,0,0,0,0,0
011250124031043,0,0,0,0,0,0,0,0,0,0,0,0,0,0,0,0,0,0,0,0,0,0,0,0,0,0,0,0,0,0,0,0
011250124031042,0,0,0,0,0,0,0,0,0,0,0,0,0,0,0,0,0,0,0,0,0,0,0,0,0,0,0,0,0,0,0,0
011250124031037,0,0,0,0,0,0,0,0,0,0,0,0,0,0,0,0,0,0,0,0,0,0,0,0,0,0,0,0,0,0,0,0
011250124031036,0,0,0,0,0,0,0,0,0,0,0,0,0,0,0,0,0,0,0,0,0,0,0,0,0,0,0,0,0,0,0,0
011250124031035,0,0,0,0,0,0,0,0,0,0,0,0,0,0,0,0,0,0,0,0,0,0,0,0,0,0,0,0,0,0,0,0
011250124031034,0,0,0,0,0,0,0,0,0,0,0,0,0,0,0,0,0,0,0,0,0,0,0,0,0,0,0,0,0,0,0,0
011250124031033,0,0,0,0,0,0,0,0,0,0,0,0,0,0,0,0,0,0,0,0,0,0,0,0,0,0,0,0,0,0,0,0
011250124031032,0,0,0,0,0,0,0,0,0,0,0,0,0,0,0,0,0,0,0,0,0,0,0,0,0,0,0,0,0,0,0,0
011250124031031,0,0,0,0,0,0,0,0,0,0,0,0,0,0,0,0,0,0,0,0,0,0,0,0,0,0,0,0,0,0,0,0
011250124031030,0,0,0,0,0,0,0,0,0,0,0,0,0,0,0,0,0,0,0,0,0,0,0,0,0,0,0,0,0,0,0,0
011250124031029,0,0,0,0,0,0,0,0,0,0,0,0,0,0,0,0,0,0,0,0,0,0,0,0,0,0,0,0,0,0,0,0
011250124031027,0,0,0,0,0,0,0,0,0,0,0,0,0,0,0,0,0,0,0,0,0,0,0,0,0,0,0,0,0,0,0,0
011250124031024,0,0,0,0,0,0,0,0,0,0,0,0,0,0,0,0,0,0,0,0,0,0,0,0,0,0,0,0,0,0,0,0
011250124031023,0,0,0,0,0,0,0,0,0,0,0,0,0,0,0,0,0,0,0,0,0,0,0,0,0,0,0,0,0,0,0,0
011250124031022,0,0,0,0,0,0,0,0,0,0,0,0,0,0,0,0,0,0,0,0,0,0,0,0,0,0,0,0,0,0,0,0
011250124031021,0,0,0,0,0,0,0,0,0,0,0,0,0,0,0,0,0,0,0,0,0,0,0,0,0,0,0,0,0,0,0,0
011250124031020,0,0,0,0,0,0,0,0,0,0,0,0,0,0,0,0,0,0,0,0,0,0,0,0,0,0,0,0,0,0,0,0
011250124031019,4,0,3,0,0,0,0,0,0,0,0,0,0,1,0,1,3,0,2,0,0,0,0,0,0,0,0,0,0,0,0,0
011250124031018,0,0,0,0,0,0,0,0,0,0,0,0,0,0,0,0,0,0,0,0,0,0,0,0,0,0,0,0,0,0,0,0
011250124031016,0,0,0,0,0,0,0,0,0,0,0,0,0,0,0,0,0,0,0,0,0,0,0,0,0,0,0,0,0,0,0,0
011250124031015,0,0,0,0,0,0,0,0,0,0,0,0,0,0,0,0,0,0,0,0,0,0,0,0,0,0,0,0,0,0,0,0
011250124031014,0,0,0,0,0,0,0,0,0,0,0,0,0,0,0,0,0,0,0,0,0,0,0,0,0,0,0,0,0,0,0,0
011250124031013,4,0,4,0,1,0,46,0,0,0,0,0,0,0,21,1,3,0,2,0,0,0,22,0,0,0,0,0,0,0,10,0
011250124031012,0,0,0,0,0,0,0,0,0,0,0,0,0,0,0,0,0,0,0,0,0,0,0,0,0,0,0,0,0,0,0,0
011250124031011,0,0,0,0,0,0,0,0,0,0,0,0,0,0,0,0,0,0,0,0,0,0,0,0,0,0,0,0,0,0,0,0
011250124031009,0,0,0,0,0,0,0,0,0,0,0,0,0,0,0,0,0,0,0,0,0,0,0,0,0,0,0,0,0,0,0,0
011250124031008,0,0,0,0,0,0,0,0,0,0,0,0,0,0,0,0,0,0,0,0,0,0,0,0,0,0,0,0,0,0,0,0
011250124031007,0,0,0,0,0,0,0,0,0,0,0,0,0,0,0,0,0,0,0,0,0,0,0,0,0,0,0,0,0,0,0,0
011250124031005,0,0,0,0,0,0,0,0,0,0,0,0,0,0,0,0,0,0,0,0,0,0,0,0,0,0,0,0,0,0,0,0
011250124031003,0,0,0,0,0,0,0,0,0,0,0,0,0,0,0,0,0,0,0,0,0,0,0,0,0,0,0,0,0,0,0,0
011250124031002,0,0,0,0,0,0,0,0,0,0,0,0,0,0,0,0,0,0,0,0,0,0,0,0,0,0,0,0,0,0,0,0
011250124031001,0,0,0,0,0,0,0,0,0,0,0,0,0,0,0,0,0,0,0,0,0,0,0,0,0,0,0,0,0,0,0,0
011250124031000,0,0,0,0,0,0,0,0,0,0,0,0,0,0,0,0,0,0,0,0,0,0,0,0,0,0,0,0,0,0,0,0
011250123071029,3,0,3,2,0,0,0,0,0,0,0,0,0,0,0,0,0,0,0,0,0,0,0,0,0,0,0,0,0,0,0,0
011250123071028,0,0,0,0,0,0,0,0,0,0,0,0,0,0,0,0,0,0,0,0,0,0,0,0,0,0,0,0,0,0,0,0
011250123071027,0,0,0,0,0,0,0,0,0,0,0,0,0,0,0,0,0,0,0,0,0,0,0,0,0,0,0,0,0,0,0,0
011250123071026,0,0,0,0,0,0,0,0,0,0,0,0,0,0,0,0,0,0,0,0,0,0,0,0,0,0,0,0,0,0,0,0
011250123071024,0,0,0,0,0,0,0,0,0,0,0,0,0,0,0,0,0,0,0,0,0,0,0,0,0,0,0,0,0,0,0,0
011250123071012,0,0,0,0,0,0,0,0,0,0,0,0,0,0,0,0,0,0,0,0,0,0,0,0,0,0,0,0,0,0,0,0
011250123071009,14,0,14,7,5,0,0,0,0,0,0,0,0,0,0,5,7,0,7,7,0,0,0,0,0,0,0,0,0,0,0,0
011250123071008,15,0,15,20,0,0,0,0,0,0,0,0,0,0,1,0,14,0,14,19,0,0,0,0,0,0,0,0,0,0,1,0
011250123071005,0,0,0,0,0,0,0,0,0,0,0,0,0,0,0,0,0,0,0,0,0,0,0,0,0,0,0,0,0,0,0,0
011250123071004,0,0,0,0,0,0,0,0,0,0,0,0,0,0,0,0,0,0,0,0,0,0,0,0,0,0,0,0,0,0,0,0
011250123071003,0,0,0,0,0,0,0,0,0,0,0,0,0,0,0,0,0,0,0,0,0,0,0,0,0,0,0,0,0,0,0,0
011250123071001,0,0,0,0,0,0,0,0,0,0,0,0,0,0,0,0,0,0,0,0,0,0,0,0,0,0,0,0,0,0,0,0
011250123063055,0,0,0,0,0,0,0,0,0,0,0,0,0,0,0,0,0,0,0,0,0,0,0,0,0,0,0,0,0,0,0,0
011250123063051,0,0,0,0,0,0,0,0,0,0,0,0,0,0,0,0,0,0,0,0,0,0,0,0,0,0,0,0,0,0,0,0
011250123063050,0,0,0,0,0,0,0,0,0,0,0,0,0,0,0,0,0,0,0,0,0,0,0,0,0,0,0,0,0,0,0,0
011250123063048,0,0,0,0,0,0,0,0,0,0,0,0,0,0,0,0,0,0,0,0,0,0,0,0,0,0,0,0,0,0,0,0
011250123063047,0,0,0,0,0,0,0,0,0,0,0,0,0,0,0,0,0,0,0,0,0,0,0,0,0,0,0,0,0,0,0,0
011250123063046,0,0,0,0,0,0,0,0,0,0,0,0,0,0,0,0,0,0,0,0,0,0,0,0,0,0,0,0,0,0,0,0
011250123063045,4,3,2,0,0,0,0,0,0,0,0,0,0,0,0,0,0,0,0,0,0,0,0,0,0,0,0,0,0,0,0,0
011250123063044,0,0,0,0,0,0,0,0,0,0,0,0,0,0,0,0,0,0,0,0,0,0,0,0,0,0,0,0,0,0,0,0
011250123063043,0,0,0,0,0,0,0,0,0,0,0,0,0,0,0,0,0,0,0,0,0,0,0,0,0,0,0,0,0,0,0,0
011250123063042,0,0,0,0,0,0,0,0,0,0,0,0,0,0,0,0,0,0,0,0,0,0,0,0,0,0,0,0,0,0,0,0
011250123063041,5,1,4,0,0,0,0,0,0,0,0,7,0,0,6,0,5,2,4,0,0,0,0,0,0,0,0,17,0,0,6,0
011250123063040,0,0,0,0,0,0,0,0,0,0,0,0,0,0,0,0,0,0,0,0,0,0,0,0,0,0,0,0,0,0,0,0
011250123063035,30,0,30,28,3,0,0,0,0,0,0,6,0,0,1,3,29,0,28,26,0,0,0,0,0,0,0,0,0,0,0,0
011250123063034,23,0,23,21,1,0,0,0,0,0,0,6,0,0,1,1,17,0,17,15,0,0,0,0,0,0,0,0,0,0,0,0
011250123063026,0,0,0,0,0,0,0,0,0,0,0,0,0,0,0,0,0,0,0,0,0,0,0,0,0,0,0,0,0,0,0,0
011250123063025,0,0,0,0,0,0,0,0,0,0,0,0,0,0,0,0,0,0,0,0,0,0,0,0,0,0,0,0,0,0,0,0
011250123063022,0,0,0,0,0,0,0,0,0,0,0,0,0,0,0,0,0,0,0,0,0,0,0,0,0,0,0,0,0,0,0,0
011250123063019,21,0,20,17,2,0,0,0,0,0,0,0,0,0,3,2,16,0,16,13,0,0,0,0,0,0,0,0,0,0,3,0
011250123063011,0,0,0,0,0,0,0,0,0,0,0,0,0,0,0,0,0,0,0,0,0,0,0,0,0,0,0,0,0,0,0,0
011250123063008,0,0,0,0,0,0,0,0,0,0,0,0,0,0,0,0,0,0,0,0,0,0,0,0,0,0,0,0,0,0,0,0
011250123063007,5,0,5,4,0,0,0,0,0,0,0,0,0,0,1,0,1,0,1,1,0,0,0,0,0,0,0,0,0,0,0,0
011250123063003,0,0,0,0,0,0,0,0,0,0,0,0,0,0,0,0,0,0,0,0,0,0,0,0,0,0,0,0,0,0,0,0
011250123063002,0,0,0,0,0,0,0,0,0,0,0,0,0,0,0,0,0,0,0,0,0,0,0,0,0,0,0,0,0,0,0,0
011250123063001,0,0,0,0,0,0,0,0,0,0,0,0,0,0,0,0,0,0,0,0,0,0,0,0,0,0,0,0,0,0,0,0
011250123062013,0,0,0,0,0,0,0,0,0,0,0,0,0,0,0,0,0,0,0,0,0,0,0,0,0,0,0,0,0,0,0,0
011250123062012,0,0,0,0,0,0,0,0,0,0,0,0,0,0,0,0,0,0,0,0,0,0,0,0,0,0,0,0,0,0,0,0
011250123062011,0,0,0,0,0,0,0,0,0,0,0,0,0,0,0,0,0,0,0,0,0,0,0,0,0,0,0,0,0,0,0,0
011250123062010,0,0,0,0,0,0,0,0,0,0,0,0,0,0,0,0,0,0,0,0,0,0,0,0,0,0,0,0,0,0,0,0
011250123062008,0,0,0,0,0,0,0,0,0,0,0,0,0,0,0,0,0,0,0,0,0,0,0,0,0,0,0,0,0,0,0,0
011250123062007,0,0,0,0,0,0,0,0,0,0,0,0,0,0,0,0,0,0,0,0,0,0,0,0,0,0,0,0,0,0,0,0
011250123062006,0,0,0,0,0,0,0,0,0,0,0,0,0,0,0,0,0,0,0,0,0,0,0,0,0,0,0,0,0,0,0,0
011250123062005,0,0,0,0,0,0,0,0,0,0,0,0,0,0,0,0,0,0,0,0,0,0,0,0,0,0,0,0,0,0,0,0
011250123062003,51,0,53,39,4,0,0,0,0,0,0,0,0,0,0,4,52,0,54,39,0,0,0,0,0,0,0,0,0,0,0,0
011250123061013,0,0,0,0,0,0,0,0,0,0,0,0,0,0,0,0,0,0,0,0,0,0,0,0,0,0,0,0,0,0,0,0
011250123061007,0,0,0,0,0,0,0,0,0,0,0,0,0,0,0,0,0,0,0,0,0,0,0,0,0,0,0,0,0,0,0,0
011250123061002,76,0,78,88,0,0,0,0,0,0,0,0,0,0,0,0,71,0,73,77,0,0,0,0,0,0,0,0,0,0,0,0
011250123053010,0,0,0,0,0,0,0,0,0,0,0,0,0,0,0,0,0,0,0,0,0,0,0,0,0,0,0,0,0,0,0,0
011250123053008,0,0,0,0,0,0,0,0,0,0,0,0,0,0,0,0,0,0,0,0,0,0,0,0,0,0,0,0,0,0,0,0
011250123053002,0,0,0,0,0,0,0,0,0,0,0,0,0,0,0,0,0,0,0,0,0,0,0,0,0,0,0,0,0,0,0,0
011250123053000,0,0,0,0,0,0,0,0,0,0,0,0,0,0,0,0,0,0,0,0,0,0,0,0,0,0,0,0,0,0,0,0
011250123052067,0,0,0,0,0,0,0,0,0,0,0,0,0,0,0,0,0,0,0,0,0,0,0,0,0,0,0,0,0,0,0,0
011250123052066,7,0,8,4,2,0,0,0,0,0,0,0,0,0,0,2,6,0,6,5,0,0,0,0,0,0,0,0,0,0,0,0
011250123052065,12,2,9,0,9,0,0,0,0,0,3,0,0,2,0,9,6,2,3,0,0,0,0,0,0,0,2,0,0,1,0,0
011250123052064,3,1,2,0,0,0,0,0,0,0,0,0,0,0,0,0,0,0,0,0,0,0,0,0,0,0,0,0,0,0,0,0
011250123052063,0,0,0,0,0,0,0,0,0,0,0,0,0,0,0,0,0,0,0,0,0,0,0,0,0,0,0,0,0,0,0,0
011250123052062,10,3,5,3,0,0,0,0,0,0,0,0,0,0,0,0,3,0,3,2,0,0,0,0,0,0,0,0,0,0,0,0
011250123052061,0,0,0,0,0,0,0,0,0,0,0,0,0,0,0,0,0,0,0,0,0,0,0,0,0,0,0,0,0,0,0,0
011250123052057,0,0,0,0,0,0,0,0,0,0,0,0,0,0,0,0,0,0,0,0,0,0,0,0,0,0,0,0,0,0,0,0
011250123052056,0,0,0,0,0,0,0,0,0,0,0,0,0,0,0,0,0,0,0,0,0,0,0,0,0,0,0,0,0,0,0,0
011250123052054,0,0,0,0,0,0,0,0,0,0,0,0,0,0,0,0,0,0,0,0,0,0,0,0,0,0,0,0,0,0,0,0
011250123052050,0,0,0,0,0,0,0,0,0,0,0,0,0,0,0,0,0,0,0,0,0,0,0,0,0,0,0,0,0,0,0,0
011250123052047,0,0,0,0,0,0,0,0,0,0,0,0,0,0,0,0,0,0,0,0,0,0,0,0,0,0,0,0,0,0,0,0
011250123052042,0,0,0,0,0,0,0,0,0,0,0,0,0,0,0,0,0,0,0,0,0,0,0,0,0,0,0,0,0,0,0,0
011250123052041,0,0,0,0,0,0,0,0,0,0,0,0,0,0,0,0,0,0,0,0,0,0,0,0,0,0,0,0,0,0,0,0
011250123052040,0,0,0,0,0,0,0,0,0,0,0,0,0,0,0,0,0,0,0,0,0,0,0,0,0,0,0,0,0,0,0,0
011250123052039,0,0,0,0,0,0,0,0,0,0,0,0,0,0,0,0,0,0,0,0,0,0,0,0,0,0,0,0,0,0,0,0
011250123052038,0,0,0,0,0,0,0,0,0,0,0,0,0,0,0,0,0,0,0,0,0,0,0,0,0,0,0,0,0,0,0,0
011250123052037,0,0,0,0,0,0,0,0,0,0,0,0,0,0,0,0,0,0,0,0,0,0,0,0,0,0,0,0,0,0,0,0
011250123052036,0,0,0,0,0,0,0,0,0,0,0,0,0,0,0,0,0,0,0,0,0,0,0,0,0,0,0,0,0,0,0,0
011250123052035,0,0,0,0,0,0,0,0,0,0,0,0,0,0,0,0,0,0,0,0,0,0,0,0,0,0,0,0,0,0,0,0
011250123052034,0,0,0,0,0,0,0,0,0,0,0,0,0,0,0,0,0,0,0,0,0,0,0,0,0,0,0,0,0,0,0,0
011250123052033,0,0,0,0,0,0,0,0,0,0,0,0,0,0,0,0,0,0,0,0,0,0,0,0,0,0,0,0,0,0,0,0
011250123052032,33,2,31,12,9,0,5,0,0,0,8,0,0,6,5,9,14,0,14,7,0,0,0,0,0,0,4,0,0,4,0,0
011250123052031,0,0,0,0,0,0,0,0,0,0,0,0,0,0,0,0,0,0,0,0,0,0,0,0,0,0,0,0,0,0,0,0
011250123052030,0,0,0,0,0,0,0,0,0,0,0,0,0,0,0,0,0,0,0,0,0,0,0,0,0,0,0,0,0,0,0,0
011250123052029,0,0,0,0,0,0,0,0,0,0,0,0,0,0,0,0,0,0,0,0,0,0,0,0,0,0,0,0,0,0,0,0
011250123052028,0,0,0,0,0,0,0,0,0,0,0,0,0,0,0,0,0,0,0,0,0,0,0,0,0,0,0,0,0,0,0,0
011250123052026,0,0,0,0,0,0,0,0,0,0,0,0,0,0,0,0,0,0,0,0,0,0,0,0,0,0,0,0,0,0,0,0
011250123052022,0,0,0,0,0,0,0,0,0,0,0,0,0,0,0,0,0,0,0,0,0,0,0,0,0,0,0,0,0,0,0,0
011250123052020,0,0,0,0,0,0,0,0,0,0,0,0,0,0,0,0,0,0,0,0,0,0,0,0,0,0,0,0,0,0,0,0
011250123052018,0,0,0,0,0,0,0,0,0,0,0,0,0,0,0,0,0,0,0,0,0,0,0,0,0,0,0,0,0,0,0,0
011250123052017,36,1,35,24,0,0,0,0,0,0,3,0,0,2,0,0,30,1,29,19,0,0,0,0,0,0,2,0,0,1,0,0
011250123052014,0,0,0,0,0,0,0,0,0,0,0,0,0,0,0,0,0,0,0,0,0,0,0,0,0,0,0,0,0,0,0,0
011250123052012,0,0,0,0,0,0,0,0,0,0,0,0,0,0,0,0,0,0,0,0,0,0,0,0,0,0,0,0,0,0,0,0
011250123052008,0,0,0,0,0,0,0,0,0,0,0,0,0,0,0,0,0,0,0,0,0,0,0,0,0,0,0,0,0,0,0,0
011250123052007,0,0,0,0,0,0,0,0,0,0,0,0,0,0,0,0,0,0,0,0,0,0,0,0,0,0,0,0,0,0,0,0
011250123052005,0,0,0,0,0,0,0,0,0,0,0,0,0,0,0,0,0,0,0,0,0,0,0,0,0,0,0,0,0,0,0,0
011250123052004,0,0,0,0,0,0,0,0,0,0,0,0,0,0,0,0,0,0,0,0,0,0,0,0,0,0,0,0,0,0,0,0
011250123052001,22,1,20,5,14,0,0,0,0,0,0,0,0,0,4,13,14,2,11,6,0,0,0,0,0,0,0,0,0,0,5,0
011250123051011,7,0,7,15,0,0,0,0,0,0,0,0,0,0,0,0,7,0,8,15,0,0,0,0,0,0,0,0,0,0,0,0
011250123051007,0,0,0,0,0,0,0,0,0,0,0,0,0,0,0,0,0,0,0,0,0,0,0,0,0,0,0,0,0,0,0,0
011250123051000,0,0,0,0,0,0,0,0,0,0,0,0,0,0,0,0,0,0,0,0,0,0,0,0,0,0,0,0,0,0,0,0
011250123043021,12,0,12,13,4,0,0,0,0,0,0,0,0,0,0,4,7,0,7,12,0,0,0,0,0,0,0,0,0,0,0,0
011250123043015,0,0,0,0,0,0,0,0,0,0,0,0,0,0,0,0,0,0,0,0,0,0,0,0,0,0,0,0,0,0,0,0
011250123043008,0,0,0,0,0,0,0,0,0,0,0,0,0,0,0,0,0,0,0,0,0,0,0,0,0,0,0,0,0,0,0,0
011250123043007,0,0,0,0,0,0,0,0,0,0,0,0,0,0,0,0,0,0,0,0,0,0,0,0,0,0,0,0,0,0,0,0
011250123043006,0,0,0,0,0,0,0,0,0,0,0,0,0,0,0,0,0,0,0,0,0,0,0,0,0,0,0,0,0,0,0,0
011250123043004,0,0,0,0,0,0,0,0,0,0,0,0,0,0,0,0,0,0,0,0,0,0,0,0,0,0,0,0,0,0,0,0
011250123043003,0,0,0,0,0,0,0,0,0,0,0,0,0,0,0,0,0,0,0,0,0,0,0,0,0,0,0,0,0,0,0,0
011250123043002,0,0,0,0,0,0,0,0,0,0,0,0,0,0,0,0,0,0,0,0,0,0,0,0,0,0,0,0,0,0,0,0
011250123043000,0,0,0,0,0,0,0,0,0,0,0,0,0,0,0,0,0,0,0,0,0,0,0,0,0,0,0,0,0,0,0,0
011250123042027,0,0,0,0,0,0,0,0,0,0,0,0,0,0,0,0,0,0,0,0,0,0,0,0,0,0,0,0,0,0,0,0
011250123042025,0,0,0,0,0,0,0,0,0,0,0,0,0,0,0,0,0,0,0,0,0,0,0,0,0,0,0,0,0,0,0,0
011250123042016,0,0,0,0,0,0,0,0,0,0,0,0,0,0,0,0,0,0,0,0,0,0,0,0,0,0,0,0,0,0,0,0
011250123042014,0,0,0,0,0,0,0,0,0,0,0,0,0,0,0,0,0,0,0,0,0,0,0,0,0,0,0,0,0,0,0,0
011250123042010,0,0,0,0,0,0,0,0,0,0,0,0,0,0,0,0,0,0,0,0,0,0,0,0,0,0,0,0,0,0,0,0
011250123042009,1,0,1,1,0,0,0,0,0,0,0,0,0,0,0,0,1,0,1,0,0,0,0,0,0,0,0,0,0,0,0,0
011250123042008,0,0,0,0,0,0,0,0,0,0,0,0,0,0,0,0,0,0,0,0,0,0,0,0,0,0,0,0,0,0,0,0
011250123042007,5,0,4,3,0,0,0,0,0,0,0,0,0,0,0,1,4,0,3,2,0,0,0,0,0,0,0,0,0,0,0,0
011250123042005,0,0,0,0,0,0,0,0,0,0,0,0,0,0,0,0,0,0,0,0,0,0,0,0,0,0,0,0,0,0,0,0
011250123042004,0,0,0,0,0,0,0,0,0,0,0,0,0,0,0,0,0,0,0,0,0,0,0,0,0,0,0,0,0,0,0,0
011250123042003,0,0,0,0,0,0,0,0,0,0,0,0,0,0,0,0,0,0,0,0,0,0,0,0,0,0,0,0,0,0,0,0
011250123041023,0,0,0,0,0,0,0,0,0,0,0,0,0,0,0,0,0,0,0,0,0,0,0,0,0,0,0,0,0,0,0,0
011250123041022,0,0,0,0,0,0,0,0,0,0,0,0,0,0,0,0,0,0,0,0,0,0,0,0,0,0,0,0,0,0,0,0
011250123041021,0,0,0,0,0,0,0,0,0,0,0,0,0,0,0,0,0,0,0,0,0,0,0,0,0,0,0,0,0,0,0,0
011250123041018,0,0,0,0,0,0,0,0,0,0,0,0,0,0,0,0,0,0,0,0,0,0,0,0,0,0,0,0,0,0,0,0
011250123041012,0,0,0,0,0,0,0,0,0,0,0,0,0,0,0,0,0,0,0,0,0,0,0,0,0,0,0,0,0,0,0,0
011250123041011,0,0,0,0,0,0,0,0,0,0,0,0,0,0,0,0,0,0,0,0,0,0,0,0,0,0,0,0,0,0,0,0
011250123041010,0,0,0,0,0,0,0,0,0,0,0,0,0,0,0,0,0,0,0,0,0,0,0,0,0,0,0,0,0,0,0,0
011250123041009,0,0,0,0,0,0,0,0,0,0,0,0,0,0,0,0,0,0,0,0,0,0,0,0,0,0,0,0,0,0,0,0
011250123041007,0,0,0,0,0,0,0,0,0,0,0,0,0,0,0,0,0,0,0,0,0,0,0,0,0,0,0,0,0,0,0,0
011250123041004,0,0,0,0,0,0,0,0,0,0,0,0,0,0,0,0,0,0,0,0,0,0,0,0,0,0,0,0,0,0,0,0
011250123041002,0,0,0,0,0,0,0,0,0,0,0,0,0,0,0,0,0,0,0,0,0,0,0,0,0,0,0,0,0,0,0,0
011250123041001,0,0,0,0,0,0,0,0,0,0,0,0,0,0,0,0,0,0,0,0,0,0,0,0,0,0,0,0,0,0,0,0
011250123041000,0,0,0,0,0,0,0,0,0,0,0,0,0,0,0,0,0,0,0,0,0,0,0,0,0,0,0,0,0,0,0,0
011250121022012,0,0,0,0,0,0,0,0,0,0,0,0,0,0,0,0,0,0,0,0,0,0,0,0,0,0,0,0,0,0,0,0
011250121022011,17,0,15,9,1,0,0,0,0,0,0,0,0,0,1,1,13,0,11,9,0,0,0,0,0,0,0,0,0,0,0,0
011250121022002,17,0,17,14,0,0,0,0,0,0,0,0,0,0,0,0,15,0,15,14,0,0,0,0,0,0,0,0,0,0,0,0
011250121013003,0,0,0,0,0,0,0,0,0,0,0,0,0,0,0,0,0,0,0,0,0,0,0,0,0,0,0,0,0,0,0,0
011250121012022,0,0,0,0,0,0,0,0,0,0,0,0,0,0,0,0,0,0,0,0,0,0,0,0,0,0,0,0,0,0,0,0
011250121012019,17,31,7,2,1,0,0,0,0,0,0,11,0,0,3,1,12,18,5,1,0,0,0,0,0,0,0,11,0,0,3,0
011250121012014,10,0,9,8,1,0,0,0,0,0,0,0,0,0,0,1,7,0,6,9,0,0,0,0,0,0,0,0,0,0,0,0
011250121012013,0,0,0,0,0,0,0,0,0,0,0,0,0,0,0,0,0,0,0,0,0,0,0,0,0,0,0,0,0,0,0,0
011250121012012,0,0,0,0,0,0,0,0,0,0,0,0,0,0,0,0,0,0,0,0,0,0,0,0,0,0,0,0,0,0,0,0
011250121012011,0,0,0,0,0,0,0,0,0,0,0,0,0,0,0,0,0,0,0,0,0,0,0,0,0,0,0,0,0,0,0,0
011250121012010,0,0,0,0,0,0,0,0,0,0,0,0,0,0,0,0,0,0,0,0,0,0,0,0,0,0,0,0,0,0,0,0
011250121012009,0,0,0,0,0,0,0,0,0,0,0,0,0,0,0,0,0,0,0,0,0,0,0,0,0,0,0,0,0,0,0,0
011250121012008,0,0,0,0,0,0,0,0,0,0,0,0,0,0,0,0,0,0,0,0,0,0,0,0,0,0,0,0,0,0,0,0
011250121012007,0,0,0,0,0,0,0,0,0,0,0,0,0,0,0,0,0,0,0,0,0,0,0,0,0,0,0,0,0,0,0,0
011250121012006,0,0,0,0,0,0,0,0,0,0,0,0,0,0,0,0,0,0,0,0,0,0,0,0,0,0,0,0,0,0,0,0
011250121012005,0,0,0,0,0,0,0,0,0,0,0,0,0,0,0,0,0,0,0,0,0,0,0,0,0,0,0,0,0,0,0,0
011250121012001,0,0,0,0,0,0,0,0,0,0,0,0,0,0,0,0,0,0,0,0,0,0,0,0,0,0,0,0,0,0,0,0
011250121012000,0,0,0,0,0,0,0,0,0,0,0,0,0,0,0,0,0,0,0,0,0,0,0,0,0,0,0,0,0,0,0,0
011250121011014,39,10,28,28,0,0,0,0,0,0,0,0,0,0,0,0,24,0,16,17,0,0,0,0,0,0,0,0,0,0,0,0
011250121011012,50,2,49,34,6,0,0,0,0,0,2,0,0,2,0,6,40,0,42,36,0,0,0,0,0,0,3,0,0,3,0,0
011250121011005,0,0,0,0,0,0,0,0,0,0,0,0,0,0,0,0,0,0,0,0,0,0,0,0,0,0,0,0,0,0,0,0
011250121011004,0,0,0,0,0,0,0,0,0,0,0,0,0,0,0,0,0,0,0,0,0,0,0,0,0,0,0,0,0,0,0,0
011250121011001,0,0,0,0,0,0,0,0,0,0,0,0,0,0,0,0,0,0,0,0,0,0,0,0,0,0,0,0,0,0,0,0
011250121011000,0,0,0,0,0,0,0,0,0,0,0,0,0,0,0,0,0,0,0,0,0,0,0,0,0,0,0,0,0,0,0,0
011250120022039,1,1,0,0,0,0,0,0,0,0,0,0,0,0,0,0,1,1,0,0,0,0,0,0,0,0,0,0,0,0,0,0
011250120022038,11,0,10,10,0,0,0,0,0,0,0,0,0,0,0,0,11,0,11,9,0,0,0,0,0,0,0,0,0,0,0,0
011250120022037,9,1,8,6,0,12,0,0,0,0,0,0,0,5,0,0,8,1,7,6,0,12,0,0,0,0,0,0,0,3,0,0
011250120022036,6,1,6,4,0,0,0,0,0,0,0,0,0,0,0,0,5,0,5,4,0,0,0,0,0,0,0,0,0,0,0,0
011250120022035,12,2,11,10,0,0,0,0,0,0,0,0,0,9,0,0,11,1,10,8,0,0,0,0,0,0,0,0,0,13,0,0
011250120022034,16,0,15,11,0,0,0,0,0,0,0,0,0,0,0,0,15,0,14,9,0,0,0,0,0,0,0,0,0,0,0,0
011250120022033,11,0,10,7,0,0,0,0,0,0,0,0,0,0,0,0,10,1,10,6,0,0,0,0,0,0,0,0,0,0,0,0
011250120022032,4,0,4,4,0,0,0,0,0,0,0,0,0,0,0,0,4,0,4,4,0,0,0,0,0,0,0,0,0,0,0,0
011250120022031,3,0,3,3,0,0,0,0,0,0,0,0,0,0,0,0,3,0,3,3,0,0,0,0,0,0,0,0,0,0,0,0
011250120022030,10,0,10,9,0,0,0,0,0,0,0,0,0,0,0,0,9,0,8,7,0,0,0,0,0,0,0,0,0,0,0,0
011250120022029,7,0,7,4,0,0,0,0,0,0,0,0,0,0,0,0,6,0,5,4,0,0,0,0,0,0,0,0,0,0,0,0
011250120022028,6,1,6,5,0,0,0,0,0,0,0,0,0,0,0,0,6,1,5,5,0,0,0,0,0,0,0,0,0,0,0,0
011250120022027,6,0,5,5,0,0,0,0,0,0,0,0,0,0,0,0,6,1,5,5,0,0,0,0,0,0,0,0,0,0,0,0
011250120022026,6,0,5,5,0,0,0,0,0,0,0,0,0,0,0,0,6,1,5,5,0,0,0,0,0,0,0,0,0,0,0,0
011250120022025,7,1,6,6,0,0,0,0,0,0,0,0,0,0,0,0,7,0,6,6,0,0,0,0,0,0,0,0,0,0,0,0
011250120022024,6,1,5,3,0,0,0,0,0,0,0,0,0,7,0,0,4,1,4,3,0,0,0,0,0,0,0,0,0,0,0,0
011250120022023,7,0,6,7,0,0,0,0,0,0,0,0,0,0,0,0,7,0,7,6,0,0,0,0,0,0,0,0,0,0,0,0
011250120022022,4,1,4,4,0,0,0,0,0,0,0,0,0,0,0,0,4,1,3,3,0,0,0,0,0,0,0,0,0,0,0,0
011250120022021,3,0,3,2,0,38,0,0,0,0,0,0,0,7,0,0,3,0,3,2,0,38,0,0,0,0,0,0,0,9,0,0
011250120022020,5,1,4,3,0,0,0,0,0,0,0,0,0,0,0,0,4,0,4,3,0,0,0,0,0,0,0,0,0,0,0,0
011250120022019,10,3,8,4,0,0,0,0,0,0,0,0,0,0,0,0,9,4,7,4,0,0,0,0,0,0,0,0,0,0,0,0
011250120022018,4,0,4,2,0,0,0,0,0,0,0,0,0,5,0,0,3,0,3,2,0,0,0,0,0,0,0,0,0,6,0,0
011250120022017,4,0,4,2,0,0,0,0,0,0,0,0,0,0,0,0,3,0,3,2,0,0,0,0,0,0,0,0,0,0,0,0
011250120022016,12,5,9,7,0,0,0,0,0,0,0,0,0,0,0,0,12,6,9,6,0,0,0,0,0,0,0,0,0,0,0,0
011250120022015,0,0,0,0,0,0,0,0,0,0,0,0,0,0,0,0,0,0,0,0,0,0,0,0,0,0,0,0,0,0,0,0
011250120022014,0,0,0,0,0,0,0,0,0,0,0,0,0,0,0,0,0,0,0,0,0,0,0,0,0,0,0,0,0,0,0,0
011250120022013,0,0,0,0,0,0,0,0,0,0,0,0,0,0,0,0,0,0,0,0,0,0,0,0,0,0,0,0,0,0,0,0
011250120022012,0,0,0,0,0,0,0,0,0,0,0,0,0,0,0,0,0,0,0,0,0,0,0,0,0,0,0,0,0,0,0,0
011250120022011,0,0,0,0,0,0,0,0,0,0,0,0,0,0,0,0,0,0,0,0,0,0,0,0,0,0,0,0,0,0,0,0
011250120022010,0,0,0,0,0,0,0,0,0,0,0,0,0,0,0,0,0,0,0,0,0,0,0,0,0,0,0,0,0,0,0,0
011250120022009,0,0,0,0,0,0,0,0,0,0,0,0,0,0,0,0,0,0,0,0,0,0,0,0,0,0,0,0,0,0,0,0
011250120022008,0,0,0,0,0,0,0,0,0,0,0,0,0,0,0,0,0,0,0,0,0,0,0,0,0,0,0,0,0,0,0,0
011250120022007,0,0,0,0,0,0,0,0,0,0,0,0,0,0,0,0,0,0,0,0,0,0,0,0,0,0,0,0,0,0,0,0
011250120022006,3,1,2,1,0,0,0,0,0,0,0,0,0,12,0,0,3,1,2,1,0,0,0,0,0,0,0,0,0,13,0,0
011250120022005,40,2,38,37,0,0,0,0,0,0,0,0,0,0,0,0,37,0,35,33,0,0,0,0,0,0,0,0,0,0,0,0
011250120022004,41,2,39,27,0,0,0,0,0,0,0,0,0,5,0,0,38,2,35,23,0,0,0,0,0,0,0,0,0,6,0,0
011250120022003,0,0,0,0,0,0,0,0,0,0,0,0,0,0,0,0,0,0,0,0,0,0,0,0,0,0,0,0,0,0,0,0
011250120022002,49,4,45,46,0,0,0,0,0,0,0,0,0,0,0,0,49,5,44,42,0,0,0,0,0,0,0,0,0,0,0,0
011250120022001,24,1,22,22,0,0,0,0,0,0,0,0,0,0,0,0,22,1,21,20,0,0,0,0,0,0,0,0,0,0,0,0
011250120022000,28,2,26,24,0,0,0,0,0,0,0,0,0,0,0,0,24,2,22,19,0,0,0,0,0,0,0,0,0,0,0,0
011250120021005,29,0,25,26,1,0,0,0,0,0,0,0,0,0,0,0,27,0,22,26,0,0,0,0,0,0,0,0,0,0,0,0
011250120012009,22,0,20,19,0,0,0,0,0,0,0,0,0,0,0,0,19,0,17,17,0,0,0,0,0,0,0,0,0,0,0,0
011250120012008,11,0,11,12,0,0,0,0,0,0,0,0,0,0,0,0,10,0,9,10,0,0,0,0,0,0,0,0,0,0,0,0
011250120012007,5,0,6,0,0,0,0,0,0,0,0,0,0,0,0,0,4,0,4,0,0,0,0,0,0,0,0,0,0,0,0,0
011250120012006,0,0,0,0,0,0,0,0,0,0,0,0,0,0,0,0,0,0,0,0,0,0,0,0,0,0,0,0,0,0,0,0
011250120012005,228,0,226,220,0,0,0,0,0,0,0,0,0,0,0,0,230,0,228,220,0,0,0,0,0,0,0,0,0,0,0,0
011250120012004,0,0,0,0,0,0,0,0,0,0,0,0,0,0,0,0,0,0,0,0,0,0,0,0,0,0,0,0,0,0,0,0
011250120012003,0,0,0,0,0,0,0,0,0,0,0,0,0,0,0,0,0,0,0,0,0,0,0,0,0,0,0,0,0,0,0,0
011250120012002,3,0,3,1,0,0,0,0,0,0,0,0,0,0,0,0,2,0,3,1,0,0,0,0,0,0,0,0,0,0,0,0
011250120012001,111,0,114,128,0,0,0,0,0,0,0,0,0,0,0,0,115,0,119,132,0,0,0,0,0,0,0,0,0,0,0,0
011250120012000,0,0,0,0,0,0,0,0,0,0,0,0,0,0,0,0,0,0,0,0,0,0,0,0,0,0,0,0,0,0,0,0
011250120011019,7,1,6,7,0,0,0,0,0,0,0,0,0,0,0,0,7,1,6,8,0,0,0,0,0,0,0,0,0,0,0,0
011250120011013,11,0,11,12,0,0,0,0,0,0,0,0,0,0,0,0,12,0,11,13,0,0,0,0,0,0,0,0,0,0,0,0
011250120011006,0,0,0,0,0,0,0,0,0,0,0,0,0,0,0,0,0,0,0,0,0,0,0,0,0,0,0,0,0,0,0,0
011250120011003,0,0,0,0,0,0,0,0,0,0,0,0,0,0,0,0,0,0,0,0,0,0,0,0,0,0,0,0,0,0,0,0
011250120011002,0,0,0,0,0,0,0,0,0,0,0,0,0,0,0,0,0,0,0,0,0,0,0,0,0,0,0,0,0,0,0,0
011250120011001,0,0,0,0,0,0,0,0,0,0,0,0,0,0,0,0,0,0,0,0,0,0,0,0,0,0,0,0,0,0,0,0
011250120011000,0,0,0,0,0,0,0,0,0,0,0,0,0,0,0,0,0,0,0,0,0,0,0,0,0,0,0,0,0,0,0,0
011250119022012,0,0,0,0,0,0,0,0,0,0,0,0,0,0,0,0,0,0,0,0,0,0,0,0,0,0,0,0,0,0,0,0
011250119022009,0,0,0,0,0,0,0,0,0,0,0,0,0,0,0,0,0,0,0,0,0,0,0,0,0,0,0,0,0,0,0,0
011250119022007,0,0,0,0,0,0,0,0,0,0,0,0,0,0,0,0,0,0,0,0,0,0,0,0,0,0,0,0,0,0,0,0
011250119022006,0,0,0,0,0,0,0,0,0,0,0,0,0,0,0,0,0,0,0,0,0,0,0,0,0,0,0,0,0,0,0,0
011250119021041,0,0,0,0,0,0,0,0,0,0,0,0,0,0,0,0,0,0,0,0,0,0,0,0,0,0,0,0,0,0,0,0
011250119021038,0,0,0,0,0,0,0,0,0,0,0,0,0,0,0,0,0,0,0,0,0,0,0,0,0,0,0,0,0,0,0,0
011250119021030,0,0,0,0,0,0,0,0,0,0,0,0,0,0,0,0,0,0,0,0,0,0,0,0,0,0,0,0,0,0,0,0
011250119021027,4,1,2,0,0,0,0,0,0,0,0,0,0,0,0,0,3,1,1,0,0,0,0,0,0,0,0,0,0,0,0,0
011250119021026,4,0,4,4,0,0,0,0,0,0,0,0,0,0,0,0,3,0,3,3,0,0,0,0,0,0,0,0,0,0,0,0
011250119021021,0,0,0,0,0,0,0,0,0,0,0,0,0,0,0,0,0,0,0,0,0,0,0,0,0,0,0,0,0,0,0,0
011250119021019,0,0,0,0,0,0,0,0,0,0,0,0,0,0,0,0,0,0,0,0,0,0,0,0,0,0,0,0,0,0,0,0
011250119021018,0,0,0,0,0,0,0,0,0,0,0,0,0,0,0,0,0,0,0,0,0,0,0,0,0,0,0,0,0,0,0,0
011250119021013,3,0,3,1,1,0,0,0,0,0,0,0,0,0,0,1,1,0,1,0,0,0,0,0,0,0,0,0,0,0,0,0
011250119021009,0,0,0,0,0,0,0,0,0,0,0,0,0,0,0,0,0,0,0,0,0,0,0,0,0,0,0,0,0,0,0,0
011250119021008,0,0,0,0,0,0,0,0,0,0,0,0,0,0,0,0,0,0,0,0,0,0,0,0,0,0,0,0,0,0,0,0
011250119021003,0,0,0,0,0,0,0,0,0,0,0,0,0,0,0,0,0,0,0,0,0,0,0,0,0,0,0,0,0,0,0,0
011250119021002,0,0,0,0,0,0,0,0,0,0,0,0,0,0,0,0,0,0,0,0,0,0,0,0,0,0,0,0,0,0,0,0
011250119021001,0,0,0,0,0,0,0,0,0,0,0,0,0,0,0,0,0,0,0,0,0,0,0,0,0,0,0,0,0,0,0,0
011250119014001,28,0,26,31,0,0,1,0,0,0,0,0,0,0,0,0,23,0,22,25,0,0,1,0,0,0,0,0,0,0,0,0
011250119013016,8,4,5,7,0,0,0,0,0,0,0,0,0,0,0,0,6,1,4,5,0,0,0,0,0,0,0,0,0,0,0,0
011250119013008,0,0,0,0,0,0,0,0,0,0,0,0,0,0,0,0,0,0,0,0,0,0,0,0,0,0,0,0,0,0,0,0
011250119013001,0,0,0,0,0,0,0,0,0,0,0,0,0,0,0,0,0,0,0,0,0,0,0,0,0,0,0,0,0,0,0,0
011250119012006,11,0,10,11,0,0,0,0,0,0,0,0,0,0,0,0,3,0,1,0,0,0,0,0,0,0,0,0,0,0,0,0
011250119012005,0,0,0,0,0,0,0,0,0,0,0,0,0,0,0,0,0,0,0,0,0,0,0,0,0,0,0,0,0,0,0,0
011250119011007,22,0,20,13,0,0,0,0,0,0,0,0,0,0,0,0,23,0,21,14,0,0,0,0,0,0,0,0,0,0,0,0
011250119011005,29,0,29,18,6,0,0,0,0,0,0,0,0,0,0,8,24,0,24,19,0,0,0,0,0,0,0,0,0,0,0,0
011250119011000,0,0,0,0,0,0,0,0,0,0,0,0,0,0,0,0,0,0,0,0,0,0,0,0,0,0,0,0,0,0,0,0
011250118004029,0,0,0,0,0,0,0,0,0,0,0,0,0,0,0,0,0,0,0,0,0,0,0,0,0,0,0,0,0,0,0,0
011250118004028,0,0,0,0,0,0,0,0,0,0,0,0,0,0,0,0,0,0,0,0,0,0,0,0,0,0,0,0,0,0,0,0
011250118004027,0,0,0,0,0,0,0,0,0,0,0,0,0,0,0,0,0,0,0,0,0,0,0,0,0,0,0,0,0,0,0,0
011250118004026,0,0,0,0,0,0,0,0,0,0,0,0,0,0,0,0,0,0,0,0,0,0,0,0,0,0,0,0,0,0,0,0
011250118004024,2,0,1,0,0,0,0,0,0,0,0,0,0,0,0,0,1,0,1,0,0,0,0,0,0,0,0,0,0,0,0,0
011250118004012,0,0,0,0,0,0,0,0,0,0,0,0,0,0,0,0,0,0,0,0,0,0,0,0,0,0,0,0,0,0,0,0
011250118004011,0,0,0,0,0,0,0,0,0,0,0,0,0,0,0,0,0,0,0,0,0,0,0,0,0,0,0,0,0,0,0,0
011250118004006,0,0,0,0,0,0,0,0,0,0,0,0,0,0,0,0,0,0,0,0,0,0,0,0,0,0,0,0,0,0,0,0
011250118004005,0,0,0,0,0,0,0,0,0,0,0,0,0,0,0,0,0,0,0,0,0,0,0,0,0,0,0,0,0,0,0,0
011250118004004,0,0,0,0,0,0,0,0,0,0,0,0,0,0,0,0,0,0,0,0,0,0,0,0,0,0,0,0,0,0,0,0
011250118004003,0,0,0,0,0,0,0,0,0,0,0,0,0,0,0,0,0,0,0,0,0,0,0,0,0,0,0,0,0,0,0,0
011250118004002,0,0,0,0,0,0,0,0,0,0,0,0,0,0,0,0,0,0,0,0,0,0,0,0,0,0,0,0,0,0,0,0
011250118004001,0,0,0,0,0,0,0,0,0,0,0,0,0,0,0,0,0,0,0,0,0,0,0,0,0,0,0,0,0,0,0,0
011250118004000,0,0,0,0,0,0,0,0,0,0,0,0,0,0,0,0,0,0,0,0,0,0,0,0,0,0,0,0,0,0,0,0
011250118003032,0,0,0,0,0,0,0,0,0,0,0,0,0,0,0,0,0,0,0,0,0,0,0,0,0,0,0,0,0,0,0,0
011250118003031,0,0,0,0,0,0,0,0,0,0,0,0,0,0,0,0,0,0,0,0,0,0,0,0,0,0,0,0,0,0,0,0
011250118003030,0,0,0,0,0,0,0,0,0,0,0,0,0,0,0,0,0,0,0,0,0,0,0,0,0,0,0,0,0,0,0,0
011250118003029,0,0,0,0,0,0,0,0,0,0,0,0,0,0,0,0,0,0,0,0,0,0,0,0,0,0,0,0,0,0,0,0
011250118003022,0,0,0,0,0,0,0,0,0,0,0,0,0,0,0,0,0,0,0,0,0,0,0,0,0,0,0,0,0,0,0,0
011250118003021,0,0,0,0,0,0,0,0,0,0,0,0,0,0,0,0,0,0,0,0,0,0,0,0,0,0,0,0,0,0,0,0
011250118003019,0,0,0,0,0,0,0,0,0,0,0,0,0,0,0,0,0,0,0,0,0,0,0,0,0,0,0,0,0,0,0,0
011250118003008,0,0,0,0,0,0,0,0,0,0,0,0,0,0,0,0,0,0,0,0,0,0,0,0,0,0,0,0,0,0,0,0
011250118003004,0,0,0,0,0,0,0,0,0,0,0,0,0,0,0,0,0,0,0,0,0,0,0,0,0,0,0,0,0,0,0,0
011250118003003,17,0,17,0,14,0,0,0,0,0,0,0,0,0,0,14,3,0,3,0,0,0,0,0,0,0,0,0,0,0,0,0
011250118003002,0,0,0,0,0,0,0,0,0,0,0,0,0,0,0,0,0,0,0,0,0,0,0,0,0,0,0,0,0,0,0,0
011250118002038,1,0,1,0,1,0,0,0,0,0,0,0,0,0,0,1,0,0,0,0,0,0,0,0,0,0,0,0,0,0,0,0
011250118002037,0,0,0,0,0,0,0,0,0,0,0,0,0,0,0,0,0,0,0,0,0,0,0,0,0,0,0,0,0,0,0,0
011250118002034,0,0,0,0,0,0,0,0,0,0,0,0,0,0,0,0,0,0,0,0,0,0,0,0,0,0,0,0,0,0,0,0
011250118002017,0,0,0,0,0,0,0,0,0,0,0,0,0,0,0,0,0,0,0,0,0,0,0,0,0,0,0,0,0,0,0,0
011250118002016,0,0,0,0,0,0,0,0,0,0,0,0,0,0,0,0,0,0,0,0,0,0,0,0,0,0,0,0,0,0,0,0
011250118002013,0,0,0,0,0,0,0,0,0,0,0,0,0,0,0,0,0,0,0,0,0,0,0,0,0,0,0,0,0,0,0,0
011250118002011,0,0,0,0,0,0,0,0,0,0,0,0,0,0,0,0,0,0,0,0,0,0,0,0,0,0,0,0,0,0,0,0
011250118002010,0,0,0,0,0,0,0,0,0,0,0,0,0,0,0,0,0,0,0,0,0,0,0,0,0,0,0,0,0,0,0,0
011250118002009,0,0,0,0,0,0,0,0,0,0,0,0,0,0,0,0,0,0,0,0,0,0,0,0,0,0,0,0,0,0,0,0
011250118002008,0,0,0,0,0,0,0,0,0,0,0,0,0,0,0,0,0,0,0,0,0,0,0,0,0,0,0,0,0,0,0,0
011250118002007,0,0,0,0,0,0,0,0,0,0,0,0,0,0,0,0,0,0,0,0,0,0,0,0,0,0,0,0,0,0,0,0
011250118002006,0,0,0,0,0,0,0,0,0,0,0,0,0,0,0,0,0,0,0,0,0,0,0,0,0,0,0,0,0,0,0,0
011250118002005,2,0,1,0,2,0,0,0,0,0,0,0,0,0,0,1,1,0,0,0,0,0,0,0,0,0,0,0,0,0,0,0
011250118002004,0,0,0,0,0,0,0,0,0,0,0,0,0,0,0,0,0,0,0,0,0,0,0,0,0,0,0,0,0,0,0,0
011250118002003,0,0,0,0,0,0,0,0,0,0,0,0,0,0,0,0,0,0,0,0,0,0,0,0,0,0,0,0,0,0,0,0
011250118002002,0,0,0,0,0,0,0,0,0,0,0,0,0,0,0,0,0,0,0,0,0,0,0,0,0,0,0,0,0,0,0,0
011250118002001,5,0,5,0,5,0,0,0,0,0,0,0,0,0,0,5,0,0,0,0,0,0,0,0,0,0,0,0,0,0,0,0
011250118002000,0,0,0,0,0,0,0,0,0,0,0,0,0,0,0,0,0,0,0,0,0,0,0,0,0,0,0,0,0,0,0,0
011250118001023,0,0,0,0,0,0,0,0,0,0,0,0,0,0,0,0,0,0,0,0,0,0,0,0,0,0,0,0,0,0,0,0
011250118001008,0,0,0,0,0,0,0,0,0,0,0,0,0,0,0,0,0,0,0,0,0,0,0,0,0,0,0,0,0,0,0,0
011250118001005,0,0,0,0,0,0,0,0,0,0,0,0,0,0,0,0,0,0,0,0,0,0,0,0,0,0,0,0,0,0,0,0
011250118001004,0,0,0,0,0,0,0,0,0,0,0,0,0,0,0,0,0,0,0,0,0,0,0,0,0,0,0,0,0,0,0,0
011250118001002,1,0,1,0,1,0,0,0,0,0,0,0,0,0,0,1,0,0,0,0,0,0,0,0,0,0,0,0,0,0,0,0
011250118001001,0,0,0,0,0,0,0,0,0,0,0,0,0,0,0,0,0,0,0,0,0,0,0,0,0,0,0,0,0,0,0,0
011250118001000,0,0,0,0,0,0,0,0,0,0,0,0,0,0,0,0,0,0,0,0,0,0,0,0,0,0,0,0,0,0,0,0
011250117033030,0,0,0,0,0,0,0,0,0,0,0,0,0,0,0,0,0,0,0,0,0,0,0,0,0,0,0,0,0,0,0,0
011250117033028,0,0,0,0,0,0,0,0,0,0,0,0,0,0,0,0,0,0,0,0,0,0,0,0,0,0,0,0,0,0,0,0
011250117033027,7,0,7,3,2,0,0,0,0,0,0,0,0,0,0,2,5,0,6,3,0,0,0,0,0,0,0,0,0,0,0,0
011250117033026,0,0,0,0,0,0,0,0,0,0,0,0,0,0,0,0,0,0,0,0,0,0,0,0,0,0,0,0,0,0,0,0
011250117033021,0,0,0,0,0,0,0,0,0,0,0,0,0,0,0,0,0,0,0,0,0,0,0,0,0,0,0,0,0,0,0,0
011250117033018,0,0,0,0,0,0,0,0,0,0,0,0,0,0,0,0,0,0,0,0,0,0,0,0,0,0,0,0,0,0,0,0
011250117033014,1,0,1,0,0,0,0,0,0,0,0,0,0,0,0,0,0,0,0,0,0,0,0,0,0,0,0,0,0,0,0,0
011250117033008,0,0,0,0,0,0,0,0,0,0,0,0,0,0,0,0,0,0,0,0,0,0,0,0,0,0,0,0,0,0,0,0
011250117033007,0,0,0,0,0,0,0,0,0,0,0,0,0,0,0,0,0,0,0,0,0,0,0,0,0,0,0,0,0,0,0,0
011250117033003,4,0,4,0,3,0,0,0,0,0,0,0,0,0,0,3,1,0,1,0,0,0,0,0,0,0,0,0,0,0,0,0
011250117032068,0,0,0,0,0,0,0,0,0,0,0,0,0,0,0,0,0,0,0,0,0,0,0,0,0,0,0,0,0,0,0,0
011250117032064,0,0,0,0,0,0,0,0,0,0,0,0,0,0,0,0,0,0,0,0,0,0,0,0,0,0,0,0,0,0,0,0
011250117032063,0,0,0,0,0,0,0,0,0,0,0,0,0,0,0,0,0,0,0,0,0,0,0,0,0,0,0,0,0,0,0,0
011250117032061,0,0,0,0,0,0,0,0,0,0,0,0,0,0,0,0,0,0,0,0,0,0,0,0,0,0,0,0,0,0,0,0
011250117032060,0,0,0,0,0,0,0,0,0,0,0,0,0,0,0,0,0,0,0,0,0,0,0,0,0,0,0,0,0,0,0,0
011250117032056,0,0,0,0,0,0,0,0,0,0,0,0,0,0,0,0,0,0,0,0,0,0,0,0,0,0,0,0,0,0,0,0
011250117032055,0,0,0,0,0,0,0,0,0,0,0,0,0,0,0,0,0,0,0,0,0,0,0,0,0,0,0,0,0,0,0,0
011250117032054,0,0,0,0,0,0,0,0,0,0,0,0,0,0,0,0,0,0,0,0,0,0,0,0,0,0,0,0,0,0,0,0
011250117032053,0,0,0,0,0,0,0,0,0,0,0,0,0,0,0,0,0,0,0,0,0,0,0,0,0,0,0,0,0,0,0,0
011250117032052,0,0,0,0,0,0,0,0,0,0,0,0,0,0,0,0,0,0,0,0,0,0,0,0,0,0,0,0,0,0,0,0
011250117032051,0,0,0,0,0,0,0,0,0,0,0,0,0,0,0,0,0,0,0,0,0,0,0,0,0,0,0,0,0,0,0,0
011250117032050,0,0,0,0,0,0,0,0,0,0,0,0,0,0,0,0,0,0,0,0,0,0,0,0,0,0,0,0,0,0,0,0
011250117032047,0,0,0,0,0,0,0,0,0,0,0,0,0,0,0,0,0,0,0,0,0,0,0,0,0,0,0,0,0,0,0,0
011250117032045,0,0,0,0,0,0,0,0,0,0,0,0,0,0,0,0,0,0,0,0,0,0,0,0,0,0,0,0,0,0,0,0
011250117032044,0,0,0,0,0,0,0,0,0,0,0,0,0,0,0,0,0,0,0,0,0,0,0,0,0,0,0,0,0,0,0,0
011250117032041,0,0,0,0,0,0,0,0,0,0,0,0,0,0,0,0,0,0,0,0,0,0,0,0,0,0,0,0,0,0,0,0
011250117032039,0,0,0,0,0,0,0,0,0,0,0,0,0,0,0,0,0,0,0,0,0,0,0,0,0,0,0,0,0,0,0,0
011250117032036,0,0,0,0,0,0,0,0,0,0,0,0,0,0,0,0,0,0,0,0,0,0,0,0,0,0,0,0,0,0,0,0
011250117032035,0,0,0,0,0,0,0,0,0,0,0,0,0,0,0,0,0,0,0,0,0,0,0,0,0,0,0,0,0,0,0,0
011250117032033,0,0,0,0,0,0,0,0,0,0,0,0,0,0,0,0,0,0,0,0,0,0,0,0,0,0,0,0,0,0,0,0
011250117032031,0,0,0,0,0,0,0,0,0,0,0,0,0,0,0,0,0,0,0,0,0,0,0,0,0,0,0,0,0,0,0,0
011250117032030,2,0,2,0,2,0,0,0,0,0,0,0,0,0,0,2,0,0,0,0,0,0,0,0,0,0,0,0,0,0,0,0
011250117032028,0,0,0,0,0,0,0,0,0,0,0,0,0,0,0,0,0,0,0,0,0,0,0,0,0,0,0,0,0,0,0,0
011250117032025,0,0,0,0,0,0,0,0,0,0,0,0,0,0,0,0,0,0,0,0,0,0,0,0,0,0,0,0,0,0,0,0
011250117032022,0,0,0,0,0,0,0,0,0,0,0,0,0,0,0,0,0,0,0,0,0,0,0,0,0,0,0,0,0,0,0,0
011250117032018,0,0,0,0,0,0,0,0,0,0,0,0,0,0,0,0,0,0,0,0,0,0,0,0,0,0,0,0,0,0,0,0
011250117032017,0,0,0,0,0,0,0,0,0,0,0,0,0,0,0,0,0,0,0,0,0,0,0,0,0,0,0,0,0,0,0,0
011250117032016,0,0,0,0,0,0,0,0,0,0,0,0,0,0,0,0,0,0,0,0,0,0,0,0,0,0,0,0,0,0,0,0
011250117032012,0,0,0,0,0,0,0,0,0,0,0,0,0,0,0,0,0,0,0,0,0,0,0,0,0,0,0,0,0,0,0,0
011250117031011,0,0,0,0,0,0,0,0,0,0,0,0,0,0,0,0,0,0,0,0,0,0,0,0,0,0,0,0,0,0,0,0
011250117012003,0,0,0,0,0,0,0,0,0,0,0,0,0,0,0,0,0,0,0,0,0,0,0,0,0,0,0,0,0,0,0,0
011250117012001,0,0,0,0,0,0,0,0,0,0,0,0,0,0,0,0,0,0,0,0,0,0,0,0,0,0,0,0,0,0,0,0
011250117012000,0,0,0,0,0,0,0,0,0,0,0,0,0,0,0,0,0,0,0,0,0,0,0,0,0,0,0,0,0,0,0,0
011250117011006,0,0,0,0,0,0,0,0,0,0,0,0,0,0,0,0,0,0,0,0,0,0,0,0,0,0,0,0,0,0,0,0
011250116003128,0,0,0,0,0,0,0,0,0,0,0,0,0,0,0,0,0,0,0,0,0,0,0,0,0,0,0,0,0,0,0,0
011250116003127,0,0,0,0,0,0,0,0,0,0,0,0,0,0,0,0,0,0,0,0,0,0,0,0,0,0,0,0,0,0,0,0
011250116003126,0,0,0,0,0,0,0,0,0,0,0,0,0,0,0,0,0,0,0,0,0,0,0,0,0,0,0,0,0,0,0,0
011250116003124,0,0,0,0,0,0,0,0,0,0,0,0,0,0,0,0,0,0,0,0,0,0,0,0,0,0,0,0,0,0,0,0
011250116003123,3,0,3,1,0,0,0,0,0,2,0,0,0,0,0,2,1,0,1,1,0,0,0,0,0,0,0,0,0,0,0,0
011250116003122,0,0,0,0,0,0,0,0,0,0,0,0,0,0,0,0,0,0,0,0,0,0,0,0,0,0,0,0,0,0,0,0
011250116003121,0,0,0,0,0,0,0,0,0,0,0,0,0,0,0,0,0,0,0,0,0,0,0,0,0,0,0,0,0,0,0,0
011250116003119,0,0,0,0,0,0,0,0,0,0,0,0,0,0,0,0,0,0,0,0,0,0,0,0,0,0,0,0,0,0,0,0
011250116003118,0,0,0,0,0,0,0,0,0,0,0,0,0,0,0,0,0,0,0,0,0,0,0,0,0,0,0,0,0,0,0,0
011250116003117,0,0,0,0,0,0,0,0,0,0,0,0,0,0,0,0,0,0,0,0,0,0,0,0,0,0,0,0,0,0,0,0
011250116003116,0,0,0,0,0,0,0,0,0,0,0,0,0,0,0,0,0,0,0,0,0,0,0,0,0,0,0,0,0,0,0,0
011250116003115,0,0,0,0,0,0,0,0,0,0,0,0,0,0,0,0,0,0,0,0,0,0,0,0,0,0,0,0,0,0,0,0
011250116003114,0,0,0,0,0,0,0,0,0,0,0,0,0,0,0,0,0,0,0,0,0,0,0,0,0,0,0,0,0,0,0,0
011250116003113,0,0,0,0,0,0,0,0,0,0,0,0,0,0,0,0,0,0,0,0,0,0,0,0,0,0,0,0,0,0,0,0
011250116003112,0,0,0,0,0,0,0,0,0,0,0,0,0,0,0,0,0,0,0,0,0,0,0,0,0,0,0,0,0,0,0,0
011250116003111,0,0,0,0,0,0,0,0,0,0,0,0,0,0,0,0,0,0,0,0,0,0,0,0,0,0,0,0,0,0,0,0
011250116003109,0,0,0,0,0,0,0,0,0,0,0,0,0,0,0,0,0,0,0,0,0,0,0,0,0,0,0,0,0,0,0,0
011250116003107,0,0,0,0,0,0,0,0,0,0,0,0,0,0,0,0,0,0,0,0,0,0,0,0,0,0,0,0,0,0,0,0
011250116003106,0,0,0,0,0,0,0,0,0,0,0,0,0,0,0,0,0,0,0,0,0,0,0,0,0,0,0,0,0,0,0,0
011250116003105,0,0,0,0,0,0,0,0,0,0,0,0,0,0,0,0,0,0,0,0,0,0,0,0,0,0,0,0,0,0,0,0
011250116003103,0,0,0,0,0,0,0,0,0,0,0,0,0,0,0,0,0,0,0,0,0,0,0,0,0,0,0,0,0,0,0,0
011250116003100,19,1,17,17,0,0,0,0,0,0,0,0,0,0,0,0,20,1,18,17,0,0,0,0,0,0,0,0,0,0,0,0
011250116003099,0,0,0,0,0,0,0,0,0,0,0,0,0,0,0,0,0,0,0,0,0,0,0,0,0,0,0,0,0,0,0,0
011250116003097,0,0,0,0,0,0,0,0,0,0,0,0,0,0,0,0,0,0,0,0,0,0,0,0,0,0,0,0,0,0,0,0
011250116003094,0,0,0,0,0,0,0,0,0,0,0,0,0,0,0,0,0,0,0,0,0,0,0,0,0,0,0,0,0,0,0,0
011250116003093,0,0,0,0,0,0,0,0,0,0,0,0,0,0,0,0,0,0,0,0,0,0,0,0,0,0,0,0,0,0,0,0
011250116003092,0,0,0,0,0,0,0,0,0,0,0,0,0,0,0,0,0,0,0,0,0,0,0,0,0,0,0,0,0,0,0,0
011250116003088,12,0,12,10,2,0,0,0,0,0,0,0,0,0,0,2,11,0,11,10,0,0,0,0,0,0,0,0,0,0,0,0
011250116003086,14,0,14,14,0,0,0,0,0,0,0,0,0,0,0,0,11,0,11,10,0,0,0,0,0,0,0,0,0,0,0,0
011250116003085,0,0,0,0,0,0,0,0,0,0,0,0,0,0,0,0,0,0,0,0,0,0,0,0,0,0,0,0,0,0,0,0
011250116003084,0,0,0,0,0,0,0,0,0,0,0,0,0,0,0,0,0,0,0,0,0,0,0,0,0,0,0,0,0,0,0,0
011250116003083,0,0,0,0,0,0,0,0,0,0,0,0,0,0,0,0,0,0,0,0,0,0,0,0,0,0,0,0,0,0,0,0
011250116003079,0,0,0,0,0,0,0,0,0,0,0,0,0,0,0,0,0,0,0,0,0,0,0,0,0,0,0,0,0,0,0,0
011250116003078,0,0,0,0,0,0,0,0,0,0,0,0,0,0,0,0,0,0,0,0,0,0,0,0,0,0,0,0,0,0,0,0
011250116003076,3,0,3,0,2,0,0,0,0,0,0,3,0,0,1,2,1,0,1,0,0,0,0,0,0,0,0,3,0,0,1,0
011250116003075,1,0,1,0,0,0,0,0,0,0,0,0,0,0,0,0,1,0,1,0,0,0,0,0,0,0,0,0,0,0,0,0
011250116003074,0,0,0,0,0,0,0,0,0,0,0,0,0,0,0,0,0,0,0,0,0,0,0,0,0,0,0,0,0,0,0,0
011250116003073,0,0,0,0,0,0,0,0,0,0,0,0,0,0,0,0,0,0,0,0,0,0,0,0,0,0,0,0,0,0,0,0
011250116003072,0,0,0,0,0,0,0,0,0,0,0,0,0,0,0,0,0,0,0,0,0,0,0,0,0,0,0,0,0,0,0,0
011250116003071,0,0,0,0,0,0,0,0,0,0,0,0,0,0,0,0,0,0,0,0,0,0,0,0,0,0,0,0,0,0,0,0
011250116003070,0,0,0,0,0,0,0,0,0,0,0,0,0,0,0,0,0,0,0,0,0,0,0,0,0,0,0,0,0,0,0,0
011250116003069,3,0,1,0,0,0,0,0,0,0,0,0,0,0,0,0,3,0,1,0,0,0,0,0,0,0,0,0,0,0,0,0
011250116003067,18,0,17,17,0,0,0,0,0,0,0,0,0,0,0,0,18,0,18,17,0,0,0,0,0,0,0,0,0,0,0,0
011250116003066,26,1,24,19,0,0,0,0,0,0,0,5,0,1,2,0,26,1,24,20,0,0,0,0,0,0,0,5,0,1,2,0
011250116003065,0,0,0,0,0,0,0,0,0,0,0,0,0,0,0,0,0,0,0,0,0,0,0,0,0,0,0,0,0,0,0,0
011250116003064,13,0,13,10,3,0,0,0,0,0,0,0,0,0,0,3,11,0,11,10,0,0,0,0,0,0,0,0,0,0,0,0
011250116003063,0,0,0,0,0,0,0,0,0,0,0,0,0,0,0,0,0,0,0,0,0,0,0,0,0,0,0,0,0,0,0,0
011250116003062,15,0,14,14,0,0,0,0,0,0,0,0,0,0,0,0,14,0,15,14,0,0,0,0,0,0,0,0,0,0,0,0
011250116003061,3,0,3,0,0,0,0,0,0,0,0,0,0,0,1,0,0,0,0,0,0,0,0,0,0,0,0,0,0,0,0,0
011250116003060,22,0,22,22,0,0,0,0,0,0,0,0,0,0,0,0,21,0,22,21,0,0,0,0,0,0,0,0,0,0,0,0
011250116003058,0,0,0,0,0,0,0,0,0,0,0,0,0,0,0,0,0,0,0,0,0,0,0,0,0,0,0,0,0,0,0,0
011250116003057,0,0,0,0,0,0,0,0,0,0,0,0,0,0,0,0,0,0,0,0,0,0,0,0,0,0,0,0,0,0,0,0
011250116003055,0,0,0,0,0,0,0,0,0,0,0,0,0,0,0,0,0,0,0,0,0,0,0,0,0,0,0,0,0,0,0,0
011250116003054,0,0,0,0,0,0,0,0,0,0,0,0,0,0,0,0,0,0,0,0,0,0,0,0,0,0,0,0,0,0,0,0
011250116003053,0,0,0,0,0,0,0,0,0,0,0,0,0,0,0,0,0,0,0,0,0,0,0,0,0,0,0,0,0,0,0,0
011250116003052,0,0,0,0,0,0,0,0,0,0,0,0,0,0,0,0,0,0,0,0,0,0,0,0,0,0,0,0,0,0,0,0
011250116003051,0,0,0,0,0,0,0,0,0,0,0,0,0,0,0,0,0,0,0,0,0,0,0,0,0,0,0,0,0,0,0,0
011250116003050,0,0,0,0,0,0,0,0,0,0,0,0,0,0,0,0,0,0,0,0,0,0,0,0,0,0,0,0,0,0,0,0
011250116003049,0,0,0,0,0,0,0,0,0,0,0,0,0,0,0,0,0,0,0,0,0,0,0,0,0,0,0,0,0,0,0,0
011250116003047,22,0,22,22,0,0,0,0,0,0,0,0,0,0,0,0,22,0,23,22,0,0,0,0,0,0,0,0,0,0,0,0
011250116003046,17,0,17,15,0,0,0,0,0,0,0,0,0,0,0,0,16,0,16,14,0,0,0,0,0,0,0,0,0,0,0,0
011250116003045,27,0,28,27,0,0,0,0,0,0,0,0,0,0,0,0,28,0,28,27,0,0,0,0,0,0,0,0,0,0,0,0
011250116003044,6,0,7,5,0,0,0,0,0,0,0,0,0,0,0,0,7,0,7,5,0,0,0,0,0,0,0,0,0,0,0,0
011250116003043,15,0,16,15,0,0,0,0,0,0,0,0,0,0,0,0,16,0,16,16,0,0,0,0,0,0,0,0,0,0,0,0
011250116003042,8,0,8,3,2,0,0,0,0,0,0,0,0,0,2,1,7,0,7,3,0,0,0,0,0,0,0,0,0,0,2,0
011250116003041,0,0,0,0,0,0,0,0,0,0,0,0,0,0,0,0,0,0,0,0,0,0,0,0,0,0,0,0,0,0,0,0
011250116003040,0,0,0,0,0,0,0,0,0,0,0,0,0,0,0,0,0,0,0,0,0,0,0,0,0,0,0,0,0,0,0,0
011250116003039,0,0,0,0,0,0,0,0,0,0,0,0,0,0,0,0,0,0,0,0,0,0,0,0,0,0,0,0,0,0,0,0
011250116003038,0,0,0,0,0,0,0,0,0,0,0,0,0,0,0,0,0,0,0,0,0,0,0,0,0,0,0,0,0,0,0,0
011250116003036,1,0,1,1,0,0,0,0,0,0,0,0,0,0,0,0,1,0,1,1,0,0,0,0,0,0,0,0,0,0,0,0
011250116003035,0,0,0,0,0,0,0,0,0,0,0,0,0,0,0,0,0,0,0,0,0,0,0,0,0,0,0,0,0,0,0,0
011250116003034,0,0,0,0,0,0,0,0,0,0,0,0,0,0,0,0,0,0,0,0,0,0,0,0,0,0,0,0,0,0,0,0
011250116003033,0,0,0,0,0,0,0,0,0,0,0,0,0,0,0,0,0,0,0,0,0,0,0,0,0,0,0,0,0,0,0,0
011250116003032,0,0,0,0,0,0,0,0,0,0,0,0,0,0,0,0,0,0,0,0,0,0,0,0,0,0,0,0,0,0,0,0
011250116003031,0,0,0,0,0,0,0,0,0,0,0,0,0,0,0,0,0,0,0,0,0,0,0,0,0,0,0,0,0,0,0,0
011250116003030,6,0,7,5,0,0,0,0,0,0,0,0,0,0,0,0,7,0,7,5,0,0,0,0,0,0,0,0,0,0,0,0
011250116003029,0,0,0,0,0,0,0,0,0,0,0,0,0,0,0,0,0,0,0,0,0,0,0,0,0,0,0,0,0,0,0,0
011250116003028,0,0,0,0,0,0,0,0,0,0,0,0,0,0,0,0,0,0,0,0,0,0,0,0,0,0,0,0,0,0,0,0
011250116003027,1,0,1,0,0,0,0,0,0,0,0,2,0,0,1,0,1,0,1,0,0,0,0,0,0,0,0,2,0,0,1,0
011250116003026,10,0,11,10,0,0,0,0,0,0,0,0,0,0,0,0,11,0,11,10,0,0,0,0,0,0,0,0,0,0,0,0
011250116003025,25,1,22,14,7,0,0,0,0,0,0,0,0,0,1,7,16,0,16,14,0,0,0,0,0,0,0,0,0,0,1,0
011250116003024,0,0,0,0,0,0,0,0,0,0,0,0,0,0,0,0,0,0,0,0,0,0,0,0,0,0,0,0,0,0,0,0
011250116003021,0,0,0,0,0,0,0,0,0,0,0,0,0,0,0,0,0,0,0,0,0,0,0,0,0,0,0,0,0,0,0,0
011250116003020,0,0,0,0,0,0,0,0,0,0,0,0,0,0,0,0,0,0,0,0,0,0,0,0,0,0,0,0,0,0,0,0
011250116003017,75,0,76,73,2,0,0,0,0,0,0,0,0,0,0,1,75,0,77,74,0,0,0,0,0,0,0,0,0,0,0,0
011250116003016,0,0,0,0,0,0,0,0,0,0,0,0,0,0,0,0,0,0,0,0,0,0,0,0,0,0,0,0,0,0,0,0
011250116003015,0,0,0,0,0,0,0,0,0,0,0,0,0,0,0,0,0,0,0,0,0,0,0,0,0,0,0,0,0,0,0,0
011250116003014,0,0,0,0,0,0,0,0,0,0,0,0,0,0,0,0,0,0,0,0,0,0,0,0,0,0,0,0,0,0,0,0
011250116003012,0,0,0,0,0,0,0,0,0,0,0,0,0,0,0,0,0,0,0,0,0,0,0,0,0,0,0,0,0,0,0,0
011250116003011,0,0,0,0,0,0,0,0,0,0,0,0,0,0,0,0,0,0,0,0,0,0,0,0,0,0,0,0,0,0,0,0
011250116003010,0,0,0,0,0,0,0,0,0,0,0,0,0,0,0,0,0,0,0,0,0,0,0,0,0,0,0,0,0,0,0,0
011250116003009,0,0,0,0,0,0,0,0,0,0,0,0,0,0,0,0,0,0,0,0,0,0,0,0,0,0,0,0,0,0,0,0
011250116003008,0,0,0,0,0,0,0,0,0,0,0,0,0,0,0,0,0,0,0,0,0,0,0,0,0,0,0,0,0,0,0,0
011250116003007,0,0,0,0,0,0,0,0,0,0,0,0,0,0,0,0,0,0,0,0,0,0,0,0,0,0,0,0,0,0,0,0
011250116003004,0,0,0,0,0,0,0,0,0,0,0,0,0,0,0,0,0,0,0,0,0,0,0,0,0,0,0,0,0,0,0,0
011250116003002,108,0,111,105,1,0,0,0,0,0,0,0,0,0,0,1,110,0,112,107,0,0,0,0,0,0,0,0,0,0,0,0
011250116003000,0,0,0,0,0,0,0,0,0,0,0,0,0,0,0,0,0,0,0,0,0,0,0,0,0,0,0,0,0,0,0,0
011250116002047,0,0,0,0,0,0,0,0,0,0,0,0,0,0,0,0,0,0,0,0,0,0,0,0,0,0,0,0,0,0,0,0
011250116002036,5,0,5,5,1,0,0,0,0,0,0,0,0,0,0,1,3,0,3,3,0,0,0,0,0,0,0,0,0,0,0,0
011250116002035,0,0,0,0,0,0,0,0,0,0,0,0,0,0,0,0,0,0,0,0,0,0,0,0,0,0,0,0,0,0,0,0
011250116002034,0,0,0,0,0,0,0,0,0,0,0,0,0,0,0,0,0,0,0,0,0,0,0,0,0,0,0,0,0,0,0,0
011250116002031,0,0,0,0,0,0,0,0,0,0,0,0,0,0,0,0,0,0,0,0,0,0,0,0,0,0,0,0,0,0,0,0
011250116002030,0,0,0,0,0,0,0,0,0,0,0,0,0,0,0,0,0,0,0,0,0,0,0,0,0,0,0,0,0,0,0,0
011250116002028,0,0,0,0,0,0,0,0,0,0,0,0,0,0,0,0,0,0,0,0,0,0,0,0,0,0,0,0,0,0,0,0
011250116002027,0,0,0,0,0,0,0,0,0,0,0,0,0,0,0,0,0,0,0,0,0,0,0,0,0,0,0,0,0,0,0,0
011250116002023,0,0,0,0,0,0,0,0,0,0,0,0,0,0,0,0,0,0,0,0,0,0,0,0,0,0,0,0,0,0,0,0
011250116002022,0,0,0,0,0,0,0,0,0,0,0,0,0,0,0,0,0,0,0,0,0,0,0,0,0,0,0,0,0,0,0,0
011250116002021,0,0,0,0,0,0,0,0,0,0,0,0,0,0,0,0,0,0,0,0,0,0,0,0,0,0,0,0,0,0,0,0
011250116002018,0,0,0,0,0,0,0,0,0,0,0,0,0,0,0,0,0,0,0,0,0,0,0,0,0,0,0,0,0,0,0,0
011250116002017,0,0,0,0,0,0,0,0,0,0,0,0,0,0,0,0,0,0,0,0,0,0,0,0,0,0,0,0,0,0,0,0
011250116002016,0,0,0,0,0,0,0,0,0,0,0,0,0,0,0,0,0,0,0,0,0,0,0,0,0,0,0,0,0,0,0,0
011250116002015,0,0,0,0,0,0,0,0,0,0,0,0,0,0,0,0,0,0,0,0,0,0,0,0,0,0,0,0,0,0,0,0
011250116002014,0,0,0,0,0,0,0,0,0,0,0,0,0,0,0,0,0,0,0,0,0,0,0,0,0,0,0,0,0,0,0,0
011250116002013,0,0,0,0,0,0,0,0,0,0,0,0,0,0,0,0,0,0,0,0,0,0,0,0,0,0,0,0,0,0,0,0
011250116002012,0,0,0,0,0,0,0,0,0,0,0,0,0,0,0,0,0,0,0,0,0,0,0,0,0,0,0,0,0,0,0,0
011250116002011,0,0,0,0,0,0,0,0,0,0,0,0,0,0,0,0,0,0,0,0,0,0,0,0,0,0,0,0,0,0,0,0
011250116002010,0,0,0,0,0,0,0,0,0,0,0,0,0,0,0,0,0,0,0,0,0,0,0,0,0,0,0,0,0,0,0,0
011250116002009,0,0,0,0,0,0,0,0,0,0,0,0,0,0,0,0,0,0,0,0,0,0,0,0,0,0,0,0,0,0,0,0
011250116002006,6,0,6,7,0,0,0,0,0,0,0,0,0,0,0,0,7,0,7,6,0,0,0,0,0,0,0,0,0,0,0,0
011250116002002,0,0,0,0,0,0,0,0,0,0,0,0,0,0,0,0,0,0,0,0,0,0,0,0,0,0,0,0,0,0,0,0
011250116002001,0,0,0,0,0,0,0,0,0,0,0,0,0,0,0,0,0,0,0,0,0,0,0,0,0,0,0,0,0,0,0,0
011250116002000,0,0,0,0,0,0,0,0,0,0,0,0,0,0,0,0,0,0,0,0,0,0,0,0,0,0,0,0,0,0,0,0
011250116001034,0,0,0,0,0,0,0,0,0,0,0,0,0,0,0,0,0,0,0,0,0,0,0,0,0,0,0,0,0,0,0,0
011250116001028,3,0,2,2,0,0,0,0,0,0,0,0,0,0,0,0,2,0,2,2,0,0,0,0,0,0,0,0,0,0,0,0
011250116001027,0,0,0,0,0,0,0,0,0,0,0,0,0,0,0,0,0,0,0,0,0,0,0,0,0,0,0,0,0,0,0,0
011250116001024,0,0,0,0,0,0,0,0,0,0,0,0,0,0,0,0,0,0,0,0,0,0,0,0,0,0,0,0,0,0,0,0
011250116001015,2,0,1,0,0,0,0,0,0,0,0,0,0,0,0,0,1,0,1,0,0,0,0,0,0,0,0,0,0,0,0,0
011250116001014,13,21,5,2,3,0,0,0,0,0,0,0,0,0,0,3,3,0,2,2,0,0,0,0,0,0,0,0,0,0,0,0
011250116001013,13,21,5,4,0,0,0,0,0,0,0,0,0,0,0,0,5,0,5,6,0,0,0,0,0,0,0,0,0,0,0,0
011250116001002,11,36,2,2,0,0,0,0,0,0,0,0,0,0,0,0,6,0,2,2,0,0,0,0,0,0,0,0,0,0,0,0
011250116001000,0,0,0,0,0,0,0,0,0,0,0,0,0,0,0,0,0,0,0,0,0,0,0,0,0,0,0,0,0,0,0,0
011250114024014,6,0,5,3,1,0,0,0,0,0,0,0,0,0,0,0,5,0,4,4,0,0,0,0,0,0,0,0,0,0,0,0
011250114024011,16,0,16,13,0,0,1,0,0,0,0,0,0,0,1,0,14,0,14,13,0,0,0,0,0,0,0,0,0,0,0,0
011250114024005,5,0,4,4,0,0,0,0,0,0,0,0,0,0,0,0,5,0,4,3,0,0,0,0,0,0,0,0,0,0,0,0
011250114024004,0,0,0,0,0,0,0,0,0,0,0,0,0,0,0,0,0,0,0,0,0,0,0,0,0,0,0,0,0,0,0,0
011250114024003,0,0,0,0,0,0,0,0,0,0,0,0,0,0,0,0,0,0,0,0,0,0,0,0,0,0,0,0,0,0,0,0
011250114024002,0,0,0,0,0,0,0,0,0,0,0,0,0,0,0,0,0,0,0,0,0,0,0,0,0,0,0,0,0,0,0,0
011250114024000,0,0,0,0,0,0,0,0,0,0,0,0,0,0,0,0,0,0,0,0,0,0,0,0,0,0,0,0,0,0,0,0
011250114023017,10,0,9,10,0,0,0,0,0,0,1,0,0,1,0,0,11,0,10,10,0,0,0,0,0,0,1,0,0,1,0,0
011250114023016,0,0,0,0,0,0,0,0,0,0,0,0,0,0,0,0,0,0,0,0,0,0,0,0,0,0,0,0,0,0,0,0
011250114023015,23,0,23,21,0,0,1,0,0,0,0,0,0,0,1,0,21,0,21,19,0,0,1,0,0,0,0,0,0,0,1,0
011250114023014,17,0,18,15,0,0,1,0,0,0,0,0,0,0,1,0,18,0,18,15,0,0,1,0,0,0,0,0,0,0,0,0
011250114023013,23,0,24,16,0,0,9,0,0,0,0,0,0,0,8,0,23,0,24,16,0,0,9,0,0,0,0,0,0,0,8,0
011250114023012,7,0,6,5,0,0,0,0,0,0,0,0,0,0,0,0,7,0,6,5,0,0,0,0,0,0,0,0,0,0,0,0
011250114023011,12,0,12,12,0,0,0,0,0,0,0,0,0,0,0,0,11,0,11,11,0,0,0,0,0,0,0,0,0,0,0,0
011250114023010,23,0,23,23,0,0,0,0,0,0,0,0,0,0,1,0,23,0,24,23,0,0,0,0,0,0,0,0,0,0,1,0
011250114023009,18,0,18,15,0,0,2,0,0,0,1,0,0,1,2,0,18,0,18,15,0,0,2,0,0,0,1,0,0,1,2,0
011250114023008,21,0,21,20,0,0,0,0,0,0,0,0,0,0,0,0,21,0,21,20,0,0,0,0,0,0,0,0,0,0,0,0
011250114023007,43,0,44,42,0,0,0,0,0,0,2,0,0,2,0,0,42,0,43,42,0,0,0,0,0,0,2,0,0,2,0,0
011250114023006,13,0,13,12,0,0,0,0,0,0,0,0,0,0,0,0,12,0,12,11,0,0,0,0,0,0,0,0,0,0,0,0
011250114023005,0,0,0,0,0,0,0,0,0,0,0,0,0,0,0,0,0,0,0,0,0,0,0,0,0,0,0,0,0,0,0,0
011250114023004,2,0,1,0,0,0,2,0,0,0,0,0,0,0,1,0,2,0,1,0,0,0,2,0,0,0,0,0,0,0,2,0
011250114023003,0,0,0,0,0,0,0,0,0,0,0,0,0,0,0,0,0,0,0,0,0,0,0,0,0,0,0,0,0,0,0,0
011250114023002,31,0,31,32,0,0,0,0,0,0,0,0,0,0,0,0,30,0,29,31,0,0,0,0,0,0,0,0,0,0,0,0
011250114023001,16,0,16,15,0,0,0,0,0,0,0,0,0,0,1,0,15,0,15,15,0,0,0,0,0,0,0,0,0,0,1,0
011250114023000,16,0,16,17,0,0,0,0,0,0,0,0,0,0,0,0,16,0,17,17,0,0,0,0,0,0,0,0,0,0,0,0
011250114022015,5,0,6,6,0,0,0,0,0,0,0,0,0,0,0,0,5,0,5,6,0,0,0,0,0,0,0,0,0,0,0,0
011250114022014,16,0,15,16,0,0,0,0,0,0,0,0,0,0,0,0,17,0,16,16,0,0,0,0,0,0,0,0,0,0,0,0
011250114022013,7,0,8,6,0,0,0,0,0,0,0,0,0,0,0,0,5,0,6,5,0,0,0,0,0,0,0,0,0,0,0,0
011250114022008,17,0,15,18,0,0,0,0,0,0,0,0,0,0,0,0,18,0,16,18,0,0,0,0,0,0,0,0,0,0,0,0
011250114022003,28,0,27,31,0,0,0,0,0,0,0,0,0,0,0,0,26,0,25,28,0,0,0,0,0,0,0,0,0,0,0,0
011250114022001,0,0,0,0,0,0,0,0,0,0,0,0,0,0,0,0,0,0,0,0,0,0,0,0,0,0,0,0,0,0,0,0
011250114022000,2,0,0,0,0,0,0,0,0,0,0,0,0,0,0,0,2,0,0,0,0,0,0,0,0,0,0,0,0,0,0,0
011250114013015,22,0,22,16,0,0,1,0,0,0,0,0,0,0,1,0,22,0,22,16,0,0,0,0,0,0,0,0,0,0,2,0
011250114013014,34,0,34,28,0,0,0,0,0,0,0,0,0,0,0,0,34,0,35,29,0,0,0,0,0,0,0,0,0,0,0,0
011250114013013,61,6,53,39,0,0,1,0,0,0,11,0,0,6,1,0,58,7,51,37,0,0,1,0,0,0,11,0,0,6,1,0
011250114013010,40,2,37,25,0,0,1,0,0,0,7,0,0,3,2,0,38,0,38,25,0,0,0,0,0,0,7,0,0,3,2,0
011250114013006,8,2,5,4,0,0,0,0,0,0,0,0,0,0,0,0,8,2,5,4,0,0,0,0,0,0,0,0,0,0,0,0
011250114013005,11,0,11,5,0,0,1,0,0,0,0,0,0,0,1,0,3,0,3,0,0,0,2,0,0,0,0,0,0,0,1,0
011250114013002,6,0,6,5,0,0,0,0,0,0,0,0,0,0,0,0,6,0,6,5,0,0,0,0,0,0,0,0,0,0,0,0
011250114012036,3,1,1,0,0,0,0,0,0,0,0,0,0,0,0,0,2,1,1,0,0,0,0,0,0,0,0,0,0,0,0,0
011250114012035,0,0,0,0,0,0,0,0,0,0,0,0,0,0,0,0,0,0,0,0,0,0,0,0,0,0,0,0,0,0,0,0
011250114012034,0,0,0,0,0,0,0,0,0,0,0,0,0,0,0,0,0,0,0,0,0,0,0,0,0,0,0,0,0,0,0,0
011250114012033,10,0,10,8,0,0,0,0,0,0,0,0,0,0,0,1,8,0,8,8,0,0,0,0,0,0,0,0,0,0,0,0
011250114012032,29,2,27,33,0,0,0,0,0,0,0,0,0,0,0,0,30,1,28,34,0,0,0,0,0,0,0,0,0,0,0,0
011250114012030,18,0,19,6,0,0,0,0,0,0,0,1,0,0,1,0,20,0,20,6,0,0,0,0,0,0,0,1,0,0,1,0
011250114012029,0,0,0,0,0,0,0,0,0,0,0,0,0,0,0,0,0,0,0,0,0,0,0,0,0,0,0,0,0,0,0,0
011250114012028,0,0,0,0,0,0,0,0,0,0,0,0,0,0,0,0,0,0,0,0,0,0,0,0,0,0,0,0,0,0,0,0
011250114012027,0,0,0,0,0,0,0,0,0,0,0,0,0,0,0,0,0,0,0,0,0,0,0,0,0,0,0,0,0,0,0,0
011250114012026,0,0,0,0,0,0,0,0,0,0,0,0,0,0,0,0,0,0,0,0,0,0,0,0,0,0,0,0,0,0,0,0
011250114012025,28,1,27,31,0,0,0,0,0,0,0,0,0,0,0,0,30,1,29,33,0,0,0,0,0,0,0,0,0,0,0,0
011250114012024,4,0,4,3,0,0,0,0,0,0,0,0,0,0,0,0,2,0,2,1,0,0,0,0,0,0,0,0,0,0,0,0
011250114012019,13,0,13,16,0,0,0,0,0,0,0,0,0,0,0,0,12,0,12,14,0,0,0,0,0,0,0,0,0,0,0,0
011250114012015,23,0,23,20,0,0,0,0,0,0,0,1,0,0,0,0,22,0,22,19,0,0,0,0,0,0,0,1,0,0,0,0
011250114012013,16,1,16,17,0,0,0,0,0,0,0,0,0,0,0,0,14,1,14,16,0,0,0,0,0,0,0,0,0,0,0,0
011250114012012,18,1,16,20,0,0,0,0,0,0,0,0,0,0,0,0,19,1,17,21,0,0,0,0,0,0,0,0,0,0,0,0
011250114012008,18,0,18,20,0,0,0,0,0,0,0,0,0,0,0,0,17,0,17,19,0,0,0,0,0,0,0,0,0,0,0,0
011250114012007,25,0,25,26,0,0,0,0,0,0,0,1,0,0,0,0,26,0,26,27,0,0,0,0,0,0,0,1,0,0,0,0
011250114012004,35,2,33,41,0,0,0,0,0,0,0,0,0,0,0,0,38,2,35,42,0,0,0,0,0,0,0,0,0,0,0,0
011250114012000,35,3,31,33,0,0,0,0,0,0,0,0,0,0,0,0,32,4,28,29,0,0,0,0,0,0,0,0,0,0,0,0
011250114011008,20,0,21,19,0,0,0,0,0,0,0,0,0,0,1,0,20,0,20,19,0,0,0,0,0,0,0,0,1,0,1,0
011250114011007,26,0,24,21,1,0,1,0,0,0,0,0,0,0,1,1,21,0,18,17,0,0,1,0,0,0,0,0,1,0,1,0
011250114011006,17,0,18,15,0,0,1,0,0,0,0,0,0,8,1,0,15,0,16,15,0,0,0,0,0,0,0,0,0,15,0,0
011250114011005,3,0,3,2,0,0,0,0,0,0,0,0,0,0,0,0,3,0,3,3,0,0,0,0,0,0,0,0,0,0,0,0
011250114011004,65,0,60,52,0,0,0,0,0,0,0,0,15,7,3,1,56,0,54,50,0,0,0,0,0,0,0,0,2,0,3,0
011250114011003,18,0,17,15,0,0,1,0,0,0,0,0,0,0,1,0,16,0,16,14,0,0,2,0,0,0,0,0,1,0,1,0
011250112002059,0,0,0,0,0,0,0,0,0,0,0,0,0,0,0,0,0,0,0,0,0,0,0,0,0,0,0,0,0,0,0,0
011250112002058,0,0,0,0,0,0,0,0,0,0,0,0,0,0,0,0,0,0,0,0,0,0,0,0,0,0,0,0,0,0,0,0
011250112002057,0,0,0,0,0,0,0,0,0,0,0,0,0,0,0,0,0,0,0,0,0,0,0,0,0,0,0,0,0,0,0,0
011250112002055,0,0,0,0,0,0,0,0,0,0,0,0,0,0,0,0,0,0,0,0,0,0,0,0,0,0,0,0,0,0,0,0
011250112002054,0,0,0,0,0,0,0,0,0,0,0,0,0,0,0,0,0,0,0,0,0,0,0,0,0,0,0,0,0,0,0,0
011250112002053,4,0,4,4,0,0,0,0,0,0,0,0,0,0,0,0,4,0,5,4,0,0,0,0,0,0,0,0,0,0,0,0
011250112002052,0,0,0,0,0,0,0,0,0,0,0,0,0,0,0,0,0,0,0,0,0,0,0,0,0,0,0,0,0,0,0,0
011250112002051,0,0,0,0,0,0,0,0,0,0,0,0,0,0,0,0,0,0,0,0,0,0,0,0,0,0,0,0,0,0,0,0
011250112002050,0,0,0,0,0,0,0,0,0,0,0,0,0,0,0,0,0,0,0,0,0,0,0,0,0,0,0,0,0,0,0,0
011250112002048,8,0,11,7,0,0,1,0,0,2,0,0,0,0,1,3,7,0,9,7,0,0,1,0,0,0,0,0,0,0,1,0
011250112002047,0,0,0,0,0,0,0,0,0,0,0,0,0,0,0,0,0,0,0,0,0,0,0,0,0,0,0,0,0,0,0,0
011250112002046,35,3,8,7,0,0,0,0,0,0,0,0,0,0,0,0,36,3,8,7,0,0,0,0,0,0,0,0,0,0,0,0
011250112002045,77,8,6,5,0,0,0,0,0,0,0,0,0,0,0,0,78,8,5,4,0,0,0,0,0,0,0,0,0,0,0,0
011250112002044,0,0,0,0,0,0,0,0,0,0,0,0,0,0,0,0,0,0,0,0,0,0,0,0,0,0,0,0,0,0,0,0
011250112002042,0,0,0,0,0,0,0,0,0,0,0,0,0,0,0,0,0,0,0,0,0,0,0,0,0,0,0,0,0,0,0,0
011250112002040,0,0,0,0,0,0,0,0,0,0,0,0,0,0,0,0,0,0,0,0,0,0,0,0,0,0,0,0,0,0,0,0
011250112002039,9,0,14,10,0,0,0,0,0,0,0,0,0,0,0,0,9,0,13,11,0,0,0,0,0,0,0,0,0,0,0,0
011250112002035,0,0,0,0,0,0,0,0,0,0,0,0,0,0,0,0,0,0,0,0,0,0,0,0,0,0,0,0,0,0,0,0
011250112002034,505,49,61,49,0,0,1,0,0,0,0,0,0,0,1,0,510,50,50,40,0,0,1,0,0,0,0,0,1,0,1,0
011250112002031,4,1,0,0,0,0,0,0,0,0,0,0,0,0,0,0,0,0,0,0,0,0,0,0,0,0,0,0,0,0,0,0
011250112002030,0,0,0,0,0,0,0,0,0,0,0,0,0,0,0,0,0,0,0,0,0,0,0,0,0,0,0,0,0,0,0,0
011250112002029,116,11,17,9,0,0,4,0,0,0,0,0,0,0,3,0,118,11,16,9,0,0,4,0,0,0,0,0,0,0,3,0
011250112002028,0,0,0,0,0,0,0,0,0,0,0,0,0,0,0,0,0,0,0,0,0,0,0,0,0,0,0,0,0,0,0,0
011250112002027,0,0,0,0,0,0,0,0,0,0,0,0,0,0,0,0,0,0,0,0,0,0,0,0,0,0,0,0,0,0,0,0
011250112002025,0,0,0,0,0,0,0,0,0,0,0,0,0,0,0,0,0,0,0,0,0,0,0,0,0,0,0,0,0,0,0,0
011250112002024,0,0,0,0,0,0,0,0,0,0,0,0,0,0,0,0,0,0,0,0,0,0,0,0,0,0,0,0,0,0,0,0
011250112002022,0,0,0,0,0,0,0,0,0,0,0,0,0,0,0,0,0,0,0,0,0,0,0,0,0,0,0,0,0,0,0,0
011250112002021,0,0,0,0,0,0,0,0,0,0,0,0,0,0,0,0,0,0,0,0,0,0,0,0,0,0,0,0,0,0,0,0
011250112002020,0,0,0,0,0,0,0,0,0,0,0,0,0,0,0,0,0,0,0,0,0,0,0,0,0,0,0,0,0,0,0,0
011250112002019,0,0,0,0,0,0,0,0,0,0,0,0,0,0,0,0,0,0,0,0,0,0,0,0,0,0,0,0,0,0,0,0
011250112002018,0,0,0,0,0,0,0,0,0,0,0,0,0,0,0,0,0,0,0,0,0,0,0,0,0,0,0,0,0,0,0,0
011250112002017,0,0,0,0,0,0,0,0,0,0,0,0,0,0,0,0,0,0,0,0,0,0,0,0,0,0,0,0,0,0,0,0
011250112002013,106,11,11,5,0,0,4,0,0,0,0,0,0,0,2,0,109,11,11,5,0,0,4,0,0,0,0,0,0,0,3,0
011250112002012,0,0,0,0,0,0,0,0,0,0,0,0,0,0,0,0,0,0,0,0,0,0,0,0,0,0,0,0,0,0,0,0
011250112002011,0,0,0,0,0,0,0,0,0,0,0,0,0,0,0,0,0,0,0,0,0,0,0,0,0,0,0,0,0,0,0,0
011250112002010,0,0,0,0,0,0,0,0,0,0,0,0,0,0,0,0,0,0,0,0,0,0,0,0,0,0,0,0,0,0,0,0
011250112002009,0,0,0,0,0,0,0,0,0,0,0,0,0,0,0,0,0,0,0,0,0,0,0,0,0,0,0,0,0,0,0,0
011250112002008,0,0,0,0,0,0,0,0,0,0,0,0,0,0,0,0,0,0,0,0,0,0,0,0,0,0,0,0,0,0,0,0
011250112002006,0,0,0,0,0,0,0,0,0,0,0,0,0,0,0,0,0,0,0,0,0,0,0,0,0,0,0,0,0,0,0,0
011250112002005,0,0,0,0,0,0,0,0,0,0,0,0,0,0,0,0,0,0,0,0,0,0,0,0,0,0,0,0,0,0,0,0
011250112002003,0,0,0,0,0,0,0,0,0,0,0,0,0,0,0,0,0,0,0,0,0,0,0,0,0,0,0,0,0,0,0,0
011250112002002,0,0,0,0,0,0,0,0,0,0,0,0,0,0,0,0,0,0,0,0,0,0,0,0,0,0,0,0,0,0,0,0
011250112002001,0,0,0,0,0,0,0,0,0,0,0,0,0,0,0,0,0,0,0,0,0,0,0,0,0,0,0,0,0,0,0,0
011250112002000,0,0,0,0,0,0,0,0,0,0,0,0,0,0,0,0,0,0,0,0,0,0,0,0,0,0,0,0,0,0,0,0
011250112001028,0,0,0,0,0,0,0,0,0,0,0,0,0,0,0,0,0,0,0,0,0,0,0,0,0,0,0,0,0,0,0,0
011250112001026,0,0,0,0,0,0,0,0,0,0,0,0,0,0,0,0,0,0,0,0,0,0,0,0,0,0,0,0,0,0,0,0
011250112001022,0,0,0,0,0,0,0,0,0,0,0,0,0,0,0,0,0,0,0,0,0,0,0,0,0,0,0,0,0,0,0,0
011250112001021,0,0,0,0,0,0,0,0,0,0,0,0,0,0,0,0,0,0,0,0,0,0,0,0,0,0,0,0,0,0,0,0
011250112001020,23,24,12,5,0,0,1,0,13,0,0,0,0,0,2,0,21,25,11,5,0,0,2,0,13,0,0,0,0,0,2,0
011250112001019,0,0,0,0,0,0,0,0,0,0,0,0,0,0,0,0,0,0,0,0,0,0,0,0,0,0,0,0,0,0,0,0
011250112001018,0,0,0,0,0,0,0,0,0,0,0,0,0,0,0,0,0,0,0,0,0,0,0,0,0,0,0,0,0,0,0,0
011250112001017,0,0,0,0,0,0,0,0,0,0,0,0,0,0,0,0,0,0,0,0,0,0,0,0,0,0,0,0,0,0,0,0
011250112001016,0,0,0,0,0,0,0,0,0,0,0,0,0,0,0,0,0,0,0,0,0,0,0,0,0,0,0,0,0,0,0,0
011250112001015,0,0,0,0,0,0,0,0,0,0,0,0,0,0,0,0,0,0,0,0,0,0,0,0,0,0,0,0,0,0,0,0
011250112001013,6,3,5,4,0,0,0,0,0,0,0,0,0,0,0,0,6,3,4,4,0,0,0,0,0,0,0,0,0,0,0,0
011250112001011,0,0,0,0,0,0,0,0,0,0,0,0,0,0,0,0,0,0,0,0,0,0,0,0,0,0,0,0,0,0,0,0
011250112001010,30,0,28,24,0,0,0,0,0,0,0,0,25,4,0,2,25,0,23,20,0,0,0,0,0,0,0,0,0,0,0,0
011250112001005,0,0,0,0,0,0,0,0,0,0,0,0,0,0,0,0,0,0,0,0,0,0,0,0,0,0,0,0,0,0,0,0
011250112001004,0,0,0,0,0,0,0,0,0,0,0,0,0,0,0,0,0,0,0,0,0,0,0,0,0,0,0,0,0,0,0,0
011250112001003,0,0,0,0,0,0,0,0,0,0,0,0,0,0,0,0,0,0,0,0,0,0,0,0,0,0,0,0,0,0,0,0
011250112001002,0,0,0,0,0,0,0,0,0,0,0,0,0,0,0,0,0,0,0,0,0,0,0,0,0,0,0,0,0,0,0,0
011250112001001,0,0,0,0,0,0,0,0,0,0,0,0,0,0,0,0,0,0,0,0,0,0,0,0,0,0,0,0,0,0,0,0
011250112001000,0,0,0,0,0,0,0,0,0,0,0,0,0,0,0,0,0,0,0,0,0,0,0,0,0,0,0,0,0,0,0,0
011250108042040,0,0,0,0,0,0,0,0,0,0,0,0,0,0,0,0,0,0,0,0,0,0,0,0,0,0,0,0,0,0,0,0
011250108042039,40,1,44,23,0,0,0,0,0,0,0,0,0,0,0,0,40,0,45,25,0,0,0,0,0,0,0,0,0,0,0,0
011250108042038,49,1,53,26,0,4,0,0,0,0,0,0,0,1,0,0,38,1,39,21,0,0,0,0,0,0,0,0,0,0,0,0
011250108042036,65,4,58,29,3,0,0,0,0,0,0,0,0,0,0,3,41,2,38,21,0,0,0,0,0,0,0,0,0,0,0,0
011250108042033,0,0,0,0,0,0,0,0,0,0,0,0,0,0,0,0,0,0,0,0,0,0,0,0,0,0,0,0,0,0,0,0
011250108042020,0,0,0,0,0,0,0,0,0,0,0,0,0,0,0,0,0,0,0,0,0,0,0,0,0,0,0,0,0,0,0,0
011250108042019,0,0,0,0,0,0,0,0,0,0,0,0,0,0,0,0,0,0,0,0,0,0,0,0,0,0,0,0,0,0,0,0
011250108042018,0,0,0,0,0,0,0,0,0,0,0,0,0,0,0,0,0,0,0,0,0,0,0,0,0,0,0,0,0,0,0,0
011250108042017,0,0,0,0,0,0,0,0,0,0,0,0,0,0,0,0,0,0,0,0,0,0,0,0,0,0,0,0,0,0,0,0
011250108042015,0,0,0,0,0,0,0,0,0,0,0,0,0,0,0,0,0,0,0,0,0,0,0,0,0,0,0,0,0,0,0,0
011250108042014,0,0,0,0,0,0,0,0,0,0,0,0,0,0,0,0,0,0,0,0,0,0,0,0,0,0,0,0,0,0,0,0
011250108042008,0,0,0,0,0,0,0,0,0,0,0,0,0,0,0,0,0,0,0,0,0,0,0,0,0,0,0,0,0,0,0,0
011250108042007,0,0,0,0,0,0,0,0,0,0,0,0,0,0,0,0,0,0,0,0,0,0,0,0,0,0,0,0,0,0,0,0
011250108042006,0,0,0,0,0,0,0,0,0,0,0,0,0,0,0,0,0,0,0,0,0,0,0,0,0,0,0,0,0,0,0,0
011250108042004,9,0,11,5,0,0,0,0,0,0,0,0,0,0,0,0,3,0,4,2,0,0,0,0,0,0,0,0,0,0,0,0
011250108042003,0,0,0,0,0,0,0,0,0,0,0,0,0,0,0,0,0,0,0,0,0,0,0,0,0,0,0,0,0,0,0,0
011250108041049,0,0,0,0,0,0,0,0,0,0,0,0,0,0,0,0,0,0,0,0,0,0,0,0,0,0,0,0,0,0,0,0
011250108041048,0,0,0,0,0,0,0,0,0,0,0,0,0,0,0,0,0,0,0,0,0,0,0,0,0,0,0,0,0,0,0,0
011250108041047,0,0,0,0,0,0,0,0,0,0,0,0,0,0,0,0,0,0,0,0,0,0,0,0,0,0,0,0,0,0,0,0
011250108041046,0,0,0,0,0,0,0,0,0,0,0,0,0,0,0,0,0,0,0,0,0,0,0,0,0,0,0,0,0,0,0,0
011250108041042,20,0,20,22,0,0,0,0,0,0,0,0,0,0,0,0,21,0,21,21,0,0,0,0,0,0,0,0,0,0,0,0
011250108041037,0,0,0,0,0,0,0,0,0,0,0,0,0,0,0,0,0,0,0,0,0,0,0,0,0,0,0,0,0,0,0,0
011250108041036,0,0,0,0,0,0,0,0,0,0,0,0,0,0,0,0,0,0,0,0,0,0,0,0,0,0,0,0,0,0,0,0
011250108041034,0,0,0,0,0,0,0,0,0,0,0,0,0,0,0,0,0,0,0,0,0,0,0,0,0,0,0,0,0,0,0,0
011250108041032,17,0,18,20,0,0,0,0,0,4,0,0,0,1,0,0,11,0,12,14,0,0,0,0,0,0,0,0,0,0,0,0
011250108041031,0,0,0,0,0,0,0,0,0,0,0,0,0,0,0,0,0,0,0,0,0,0,0,0,0,0,0,0,0,0,0,0
011250108041030,0,0,0,0,0,0,0,0,0,0,0,0,0,0,0,0,0,0,0,0,0,0,0,0,0,0,0,0,0,0,0,0
011250108041029,0,0,0,0,0,0,0,0,0,0,0,0,0,0,0,0,0,0,0,0,0,0,0,0,0,0,0,0,0,0,0,0
011250108041028,1,0,1,0,0,0,0,0,0,0,1,0,0,1,0,0,1,0,1,0,0,0,0,0,0,0,1,0,0,1,0,0
011250108041027,0,0,0,0,0,0,0,0,0,0,0,0,0,0,0,0,0,0,0,0,0,0,0,0,0,0,0,0,0,0,0,0
011250108041023,2,0,2,2,0,0,0,0,0,0,0,0,0,0,0,0,1,0,2,2,0,0,0,0,0,0,0,0,0,0,0,0
011250108041018,15,0,15,19,0,0,0,0,0,0,0,0,0,0,0,0,11,0,11,13,0,0,0,0,0,0,0,0,0,0,0,0
011250108041012,17,0,17,16,1,0,0,0,0,0,1,0,0,1,0,2,16,0,15,16,0,0,0,0,0,0,1,0,0,1,0,0
011250108041007,0,0,0,0,0,0,0,0,0,0,0,0,0,0,0,0,0,0,0,0,0,0,0,0,0,0,0,0,0,0,0,0
011250108041006,0,0,0,0,0,0,0,0,0,0,0,0,0,0,0,0,0,0,0,0,0,0,0,0,0,0,0,0,0,0,0,0
011250108041004,4,0,5,3,1,0,0,0,0,0,1,0,0,0,0,1,3,0,3,3,0,0,0,0,0,0,1,0,0,0,0,0
011250108041002,0,0,0,0,0,0,0,0,0,0,0,0,0,0,0,0,0,0,0,0,0,0,0,0,0,0,0,0,0,0,0,0
011250108041001,11,0,12,13,0,0,0,0,0,0,0,0,0,0,0,0,7,0,7,8,0,0,0,0,0,0,0,0,0,0,0,0
011250108041000,0,0,0,0,0,0,0,0,0,0,0,0,0,0,0,0,0,0,0,0,0,0,0,0,0,0,0,0,0,0,0,0
011250108032034,0,0,0,0,0,0,0,0,0,0,0,0,0,0,0,0,0,0,0,0,0,0,0,0,0,0,0,0,0,0,0,0
011250108032033,2,0,2,2,0,0,0,0,0,0,0,0,0,0,0,0,2,0,2,2,0,0,0,0,0,0,0,0,0,0,0,0
011250108032032,0,0,0,0,0,0,0,0,0,0,0,0,0,0,0,0,0,0,0,0,0,0,0,0,0,0,0,0,0,0,0,0
011250108032031,3,0,4,4,0,0,0,0,0,0,0,0,0,0,0,0,3,0,3,4,0,0,0,0,0,0,0,0,0,0,0,0
011250108032030,1,0,1,0,0,0,0,0,0,0,0,0,0,0,0,1,0,0,0,0,0,0,0,0,0,0,0,0,0,0,0,0
011250108032029,0,0,0,0,0,0,0,0,0,0,0,0,0,0,0,0,0,0,0,0,0,0,0,0,0,0,0,0,0,0,0,0
011250108032026,0,0,0,0,0,0,0,0,0,0,0,0,0,0,0,0,0,0,0,0,0,0,0,0,0,0,0,0,0,0,0,0
011250108032023,6,2,2,2,0,0,0,0,0,0,0,0,0,0,0,0,3,2,0,0,0,0,0,0,0,0,0,0,0,0,0,0
011250108032021,6,0,7,7,0,0,0,0,0,0,0,0,0,0,0,0,6,0,6,7,0,0,0,0,0,0,0,0,0,0,0,0
011250108032019,3,0,3,3,0,0,0,0,0,0,0,0,0,0,0,0,3,0,3,3,0,0,0,0,0,0,0,0,0,0,0,0
011250108032016,0,0,0,0,0,0,0,0,0,0,0,0,0,0,0,0,0,0,0,0,0,0,0,0,0,0,0,0,0,0,0,0
011250108032015,0,0,0,0,0,0,0,0,0,0,0,0,0,0,0,0,0,0,0,0,0,0,0,0,0,0,0,0,0,0,0,0
011250108032013,0,0,0,0,0,0,0,0,0,0,0,0,0,0,0,0,0,0,0,0,0,0,0,0,0,0,0,0,0,0,0,0
011250108032012,0,0,0,0,0,0,0,0,0,0,0,0,0,0,0,0,0,0,0,0,0,0,0,0,0,0,0,0,0,0,0,0
011250108032010,7,0,6,2,4,0,0,0,0,0,0,0,0,0,0,4,3,0,2,2,0,0,0,0,0,0,0,0,0,0,0,0
011250108032009,0,0,0,0,0,0,0,0,0,0,0,0,0,0,0,0,0,0,0,0,0,0,0,0,0,0,0,0,0,0,0,0
011250108032006,0,0,0,0,0,0,0,0,0,0,0,0,0,0,0,0,0,0,0,0,0,0,0,0,0,0,0,0,0,0,0,0
011250108032002,0,0,0,0,0,0,0,0,0,0,0,0,0,0,0,0,0,0,0,0,0,0,0,0,0,0,0,0,0,0,0,0
011250108032000,0,0,0,0,0,0,0,0,0,0,0,0,0,0,0,0,0,0,0,0,0,0,0,0,0,0,0,0,0,0,0,0
011250108031037,0,0,0,0,0,0,0,0,0,0,0,0,0,0,0,0,0,0,0,0,0,0,0,0,0,0,0,0,0,0,0,0
011250108031032,13,0,13,12,0,0,0,0,0,0,0,0,0,0,0,0,13,0,13,12,0,0,0,0,0,0,0,0,0,0,0,0
011250108031028,15,1,13,12,1,0,0,0,0,0,0,0,0,0,0,1,16,1,13,14,0,0,0,0,0,0,0,0,0,0,0,0
011250108031027,2,0,2,1,1,0,0,0,0,0,0,0,0,0,0,1,1,0,1,2,0,0,0,0,0,0,0,0,0,0,0,0
011250108031022,0,0,0,0,0,0,0,0,0,0,0,0,0,0,0,0,0,0,0,0,0,0,0,0,0,0,0,0,0,0,0,0
011250108031021,0,0,0,0,0,0,0,0,0,0,0,0,0,0,0,0,0,0,0,0,0,0,0,0,0,0,0,0,0,0,0,0
011250108031020,0,0,0,0,0,0,0,0,0,0,0,0,0,0,0,0,0,0,0,0,0,0,0,0,0,0,0,0,0,0,0,0
011250108031018,0,0,0,0,0,0,0,0,0,0,0,0,0,0,0,0,0,0,0,0,0,0,0,0,0,0,0,0,0,0,0,0
011250108031013,0,0,0,0,0,0,0,0,0,0,0,0,0,0,0,0,0,0,0,0,0,0,0,0,0,0,0,0,0,0,0,0
011250108031011,0,0,0,0,0,0,0,0,0,0,0,0,0,0,0,0,0,0,0,0,0,0,0,0,0,0,0,0,0,0,0,0
011250108031009,0,0,0,0,0,0,0,0,0,0,0,0,0,0,0,0,0,0,0,0,0,0,0,0,0,0,0,0,0,0,0,0
011250108031000,0,0,0,0,0,0,0,0,0,0,0,0,0,0,0,0,0,0,0,0,0,0,0,0,0,0,0,0,0,0,0,0
011250108023052,0,0,0,0,0,0,0,0,0,0,0,0,0,0,0,0,0,0,0,0,0,0,0,0,0,0,0,0,0,0,0,0
011250108023051,0,0,0,0,0,0,0,0,0,0,0,0,0,0,0,0,0,0,0,0,0,0,0,0,0,0,0,0,0,0,0,0
011250108023050,0,0,0,0,0,0,0,0,0,0,0,0,0,0,0,0,0,0,0,0,0,0,0,0,0,0,0,0,0,0,0,0
011250108023049,0,0,0,0,0,0,0,0,0,0,0,0,0,0,0,0,0,0,0,0,0,0,0,0,0,0,0,0,0,0,0,0
011250108023048,26,6,19,16,2,0,0,0,0,0,0,1,0,0,1,2,16,0,18,17,0,0,0,0,0,0,0,0,0,0,1,0
011250108023047,14,1,13,12,0,0,0,0,0,0,0,0,0,0,0,0,14,0,15,14,0,0,0,0,0,0,0,0,0,0,0,0
011250108023045,28,4,24,22,0,0,0,0,0,0,0,0,0,0,0,0,18,0,18,18,0,0,0,0,0,0,0,0,0,0,0,0
011250108023044,16,5,12,11,0,0,0,0,0,0,0,0,0,0,0,0,9,0,8,8,0,0,0,0,0,0,0,0,0,0,0,0
011250108023042,19,10,11,10,1,0,0,0,0,0,0,0,0,0,0,1,10,0,5,5,0,0,0,0,0,0,0,0,0,0,0,0
011250108023039,0,0,0,0,0,0,0,0,0,0,0,0,0,0,0,0,0,0,0,0,0,0,0,0,0,0,0,0,0,0,0,0
011250108023038,7,2,6,3,0,0,0,0,0,0,0,0,0,0,0,3,5,0,4,4,0,0,0,0,0,0,0,0,0,0,0,0
011250108023036,4,3,2,1,0,0,0,0,0,0,0,0,0,0,0,0,1,0,1,1,0,0,0,0,0,0,0,0,0,0,0,0
011250108023035,0,0,0,0,0,0,0,0,0,0,0,0,0,0,0,0,0,0,0,0,0,0,0,0,0,0,0,0,0,0,0,0
011250108023034,0,0,0,0,0,0,0,0,0,0,0,0,0,0,0,0,0,0,0,0,0,0,0,0,0,0,0,0,0,0,0,0
011250108023033,0,0,0,0,0,0,0,0,0,0,0,0,0,0,0,0,0,0,0,0,0,0,0,0,0,0,0,0,0,0,0,0
011250108023032,0,0,0,0,0,0,0,0,0,0,0,0,0,0,0,0,0,0,0,0,0,0,0,0,0,0,0,0,0,0,0,0
011250108023031,5,2,3,2,0,0,0,0,0,0,0,0,0,0,0,0,4,0,3,2,0,0,0,0,0,0,0,0,0,0,0,0
011250108023030,0,0,0,0,0,0,0,0,0,0,0,0,0,0,0,0,0,0,0,0,0,0,0,0,0,0,0,0,0,0,0,0
011250108023029,0,0,0,0,0,0,0,0,0,0,0,0,0,0,0,0,0,0,0,0,0,0,0,0,0,0,0,0,0,0,0,0
011250108023028,0,0,0,0,0,0,0,0,0,0,0,0,0,0,0,0,0,0,0,0,0,0,0,0,0,0,0,0,0,0,0,0
011250108023027,0,0,0,0,0,0,0,0,0,0,0,0,0,0,0,0,0,0,0,0,0,0,0,0,0,0,0,0,0,0,0,0
011250108023025,0,0,0,0,0,0,0,0,0,0,0,0,0,0,0,0,0,0,0,0,0,0,0,0,0,0,0,0,0,0,0,0
011250108023024,0,0,0,0,0,0,0,0,0,0,0,0,0,0,0,0,0,0,0,0,0,0,0,0,0,0,0,0,0,0,0,0
011250108023023,0,0,0,0,0,0,0,0,0,0,0,0,0,0,0,0,0,0,0,0,0,0,0,0,0,0,0,0,0,0,0,0
011250108023022,0,0,0,0,0,0,0,0,0,0,0,0,0,0,0,0,0,0,0,0,0,0,0,0,0,0,0,0,0,0,0,0
011250108023021,0,0,0,0,0,0,0,0,0,0,0,0,0,0,0,0,0,0,0,0,0,0,0,0,0,0,0,0,0,0,0,0
011250108023020,0,0,0,0,0,0,0,0,0,0,0,0,0,0,0,0,0,0,0,0,0,0,0,0,0,0,0,0,0,0,0,0
011250108023017,0,0,0,0,0,0,0,0,0,0,0,0,0,0,0,0,0,0,0,0,0,0,0,0,0,0,0,0,0,0,0,0
011250108023016,0,0,0,0,0,0,0,0,0,0,0,0,0,0,0,0,0,0,0,0,0,0,0,0,0,0,0,0,0,0,0,0
011250108023015,0,0,0,0,0,0,0,0,0,0,0,0,0,0,0,0,0,0,0,0,0,0,0,0,0,0,0,0,0,0,0,0
011250108023014,0,0,0,0,0,0,0,0,0,0,0,0,0,0,0,0,0,0,0,0,0,0,0,0,0,0,0,0,0,0,0,0
011250108023013,0,0,0,0,0,0,0,0,0,0,0,0,0,0,0,0,0,0,0,0,0,0,0,0,0,0,0,0,0,0,0,0
011250108023012,0,0,0,0,0,0,0,0,0,0,0,0,0,0,0,0,0,0,0,0,0,0,0,0,0,0,0,0,0,0,0,0
011250108023010,0,0,0,0,0,0,0,0,0,0,0,0,0,0,0,0,0,0,0,0,0,0,0,0,0,0,0,0,0,0,0,0
011250108023009,0,0,0,0,0,0,0,0,0,0,0,0,0,0,0,0,0,0,0,0,0,0,0,0,0,0,0,0,0,0,0,0
011250108023007,0,0,0,0,0,0,0,0,0,0,0,0,0,0,0,0,0,0,0,0,0,0,0,0,0,0,0,0,0,0,0,0
011250108023006,0,0,0,0,0,0,0,0,0,0,0,0,0,0,0,0,0,0,0,0,0,0,0,0,0,0,0,0,0,0,0,0
011250108023005,0,0,0,0,0,0,0,0,0,0,0,0,0,0,0,0,0,0,0,0,0,0,0,0,0,0,0,0,0,0,0,0
011250108023003,0,0,0,0,0,0,0,0,0,0,0,0,0,0,0,0,0,0,0,0,0,0,0,0,0,0,0,0,0,0,0,0
011250108023000,18,4,14,11,0,0,0,0,0,0,0,0,0,0,0,0,11,0,12,10,0,0,0,0,0,0,0,0,0,0,0,0
011250108022031,0,0,0,0,0,0,0,0,0,0,0,0,0,0,0,0,0,0,0,0,0,0,0,0,0,0,0,0,0,0,0,0
011250108022030,0,0,0,0,0,0,0,0,0,0,0,0,0,0,0,0,0,0,0,0,0,0,0,0,0,0,0,0,0,0,0,0
011250108022029,0,0,0,0,0,0,0,0,0,0,0,0,0,0,0,0,0,0,0,0,0,0,0,0,0,0,0,0,0,0,0,0
011250108022027,0,0,0,0,0,0,0,0,0,0,0,0,0,0,0,0,0,0,0,0,0,0,0,0,0,0,0,0,0,0,0,0
011250108022024,31,2,25,19,0,0,0,0,0,0,0,0,0,0,0,0,24,3,19,13,0,0,0,0,0,0,0,0,0,0,0,0
011250108022017,0,0,0,0,0,0,0,0,0,0,0,0,0,0,0,0,0,0,0,0,0,0,0,0,0,0,0,0,0,0,0,0
011250108022014,0,0,0,0,0,0,0,0,0,0,0,0,0,0,0,0,0,0,0,0,0,0,0,0,0,0,0,0,0,0,0,0
011250108022013,0,0,0,0,0,0,0,0,0,0,0,0,0,0,0,0,0,0,0,0,0,0,0,0,0,0,0,0,0,0,0,0
011250108022012,153,9,126,95,0,0,0,0,0,0,0,0,0,0,0,0,120,10,102,67,0,0,0,0,0,0,0,0,0,0,0,0
011250108022011,153,17,98,66,9,0,0,0,0,0,0,0,0,1,0,11,93,14,64,40,0,0,0,0,0,0,0,0,0,1,0,0
011250108022009,0,0,0,0,0,0,0,0,0,0,0,0,0,0,0,0,0,0,0,0,0,0,0,0,0,0,0,0,0,0,0,0
011250108022007,0,0,0,0,0,0,0,0,0,0,0,0,0,0,0,0,0,0,0,0,0,0,0,0,0,0,0,0,0,0,0,0
011250108022004,0,0,0,0,0,0,0,0,0,0,0,0,0,0,0,0,0,0,0,0,0,0,0,0,0,0,0,0,0,0,0,0
011250108022000,0,0,0,0,0,0,0,0,0,0,0,0,0,0,0,0,0,0,0,0,0,0,0,0,0,0,0,0,0,0,0,0
011250108021063,0,0,0,0,0,0,0,0,0,0,0,0,0,0,0,0,0,0,0,0,0,0,0,0,0,0,0,0,0,0,0,0
011250108021062,0,0,0,0,0,0,0,0,0,0,0,0,0,0,0,0,0,0,0,0,0,0,0,0,0,0,0,0,0,0,0,0
011250108021060,33,2,31,36,0,0,0,0,0,0,0,0,0,0,0,0,26,0,26,30,0,0,0,0,0,0,0,0,0,0,0,0
011250108021058,0,0,0,0,0,0,0,0,0,0,0,0,0,0,0,0,0,0,0,0,0,0,0,0,0,0,0,0,0,0,0,0
011250108021057,4,2,3,3,0,0,0,0,0,0,0,0,0,0,0,0,4,1,3,3,0,0,0,0,0,0,0,0,0,0,0,0
011250108021055,0,0,0,0,0,0,0,0,0,0,0,0,0,0,0,0,0,0,0,0,0,0,0,0,0,0,0,0,0,0,0,0
011250108021054,0,0,0,0,0,0,0,0,0,0,0,0,0,0,0,0,0,0,0,0,0,0,0,0,0,0,0,0,0,0,0,0
011250108021052,1,2,0,0,0,0,0,0,0,0,0,0,0,0,0,0,0,0,0,0,0,0,0,0,0,0,0,0,0,0,0,0
011250108021050,0,0,0,0,0,0,0,0,0,0,0,0,0,0,0,0,0,0,0,0,0,0,0,0,0,0,0,0,0,0,0,0
011250108021049,0,0,0,0,0,0,0,0,0,0,0,0,0,0,0,0,0,0,0,0,0,0,0,0,0,0,0,0,0,0,0,0
011250108021048,0,0,0,0,0,0,0,0,0,0,0,0,0,0,0,0,0,0,0,0,0,0,0,0,0,0,0,0,0,0,0,0
011250108021046,0,0,0,0,0,0,0,0,0,0,0,0,0,0,0,0,0,0,0,0,0,0,0,0,0,0,0,0,0,0,0,0
011250108021039,0,0,0,0,0,0,0,0,0,0,0,0,0,0,0,0,0,0,0,0,0,0,0,0,0,0,0,0,0,0,0,0
011250108021038,16,3,13,15,0,0,0,0,0,0,0,0,0,0,0,0,11,3,8,9,0,0,0,0,0,0,0,0,0,0,0,0
011250108021037,0,0,0,0,0,0,0,0,0,0,0,0,0,0,0,0,0,0,0,0,0,0,0,0,0,0,0,0,0,0,0,0
011250108021035,0,0,0,0,0,0,0,0,0,0,0,0,0,0,0,0,0,0,0,0,0,0,0,0,0,0,0,0,0,0,0,0
011250108021034,0,0,0,0,0,0,0,0,0,0,0,0,0,0,0,0,0,0,0,0,0,0,0,0,0,0,0,0,0,0,0,0
011250108021033,0,0,0,0,0,0,0,0,0,0,0,0,0,0,0,0,0,0,0,0,0,0,0,0,0,0,0,0,0,0,0,0
011250108021032,0,0,0,0,0,0,0,0,0,0,0,0,0,0,0,0,0,0,0,0,0,0,0,0,0,0,0,0,0,0,0,0
011250108021031,12,0,12,5,0,0,0,0,0,1,3,0,0,3,0,1,4,0,4,0,0,0,0,0,0,0,1,0,0,1,0,0
011250108021030,0,0,0,0,0,0,0,0,0,0,0,0,0,0,0,0,0,0,0,0,0,0,0,0,0,0,0,0,0,0,0,0
011250108021029,0,0,0,0,0,0,0,0,0,0,0,0,0,0,0,0,0,0,0,0,0,0,0,0,0,0,0,0,0,0,0,0
011250108021028,0,0,0,0,0,0,0,0,0,0,0,0,0,0,0,0,0,0,0,0,0,0,0,0,0,0,0,0,0,0,0,0
011250108021027,0,0,0,0,0,0,0,0,0,0,0,0,0,0,0,0,0,0,0,0,0,0,0,0,0,0,0,0,0,0,0,0
011250108021025,0,0,0,0,0,0,0,0,0,0,0,0,0,0,0,0,0,0,0,0,0,0,0,0,0,0,0,0,0,0,0,0
011250108021024,0,0,0,0,0,0,0,0,0,0,0,0,0,0,0,0,0,0,0,0,0,0,0,0,0,0,0,0,0,0,0,0
011250108021023,0,0,0,0,0,0,0,0,0,0,0,0,0,0,0,0,0,0,0,0,0,0,0,0,0,0,0,0,0,0,0,0
011250108021022,0,0,0,0,0,0,0,0,0,0,0,0,0,0,0,0,0,0,0,0,0,0,0,0,0,0,0,0,0,0,0,0
011250108021021,0,0,0,0,0,0,0,0,0,0,0,0,0,0,0,0,0,0,0,0,0,0,0,0,0,0,0,0,0,0,0,0
011250108021020,0,0,0,0,0,0,0,0,0,0,0,0,0,0,0,0,0,0,0,0,0,0,0,0,0,0,0,0,0,0,0,0
011250108021019,0,0,0,0,0,0,0,0,0,0,0,0,0,0,0,0,0,0,0,0,0,0,0,0,0,0,0,0,0,0,0,0
011250108021018,0,0,0,0,0,0,0,0,0,0,0,0,0,0,0,0,0,0,0,0,0,0,0,0,0,0,0,0,0,0,0,0
011250108021016,0,0,0,0,0,0,0,0,0,0,0,0,0,0,0,0,0,0,0,0,0,0,0,0,0,0,0,0,0,0,0,0
011250108021015,0,0,0,0,0,0,0,0,0,0,0,0,0,0,0,0,0,0,0,0,0,0,0,0,0,0,0,0,0,0,0,0
011250108021014,8,3,5,6,0,0,0,0,0,0,0,0,0,0,0,0,8,3,5,6,0,0,0,0,0,0,0,0,0,0,0,0
011250108021013,0,0,0,0,0,0,0,0,0,0,0,0,0,0,0,0,0,0,0,0,0,0,0,0,0,0,0,0,0,0,0,0
011250108021012,0,0,0,0,0,0,0,0,0,0,0,0,0,0,0,0,0,0,0,0,0,0,0,0,0,0,0,0,0,0,0,0
011250108021011,44,0,43,42,5,0,0,0,0,0,0,0,0,0,0,5,37,0,37,42,0,0,0,0,0,0,0,0,0,0,0,0
011250108021007,0,0,0,0,0,0,0,0,0,0,0,0,0,0,0,0,0,0,0,0,0,0,0,0,0,0,0,0,0,0,0,0
011250108021002,0,0,0,0,0,0,0,0,0,0,0,0,0,0,0,0,0,0,0,0,0,0,0,0,0,0,0,0,0,0,0,0
011250108021001,0,0,0,0,0,0,0,0,0,0,0,0,0,0,0,0,0,0,0,0,0,0,0,0,0,0,0,0,0,0,0,0
011250108021000,0,0,0,0,0,0,0,0,0,0,0,0,0,0,0,0,0,0,0,0,0,0,0,0,0,0,0,0,0,0,0,0
011250107074016,14,1,13,12,0,0,0,0,0,0,0,0,0,0,0,0,10,0,9,9,0,0,0,0,0,0,0,0,0,0,0,0
011250107074015,13,0,13,11,0,0,0,0,0,0,0,0,0,0,0,0,12,0,13,11,0,0,0,0,0,0,0,0,0,0,0,0
011250107074011,38,1,37,34,0,0,0,0,0,0,6,0,0,6,0,0,24,0,25,25,0,0,0,0,0,0,2,0,0,2,0,0
011250107074010,0,0,0,0,0,0,0,0,0,0,0,0,0,0,0,0,0,0,0,0,0,0,0,0,0,0,0,0,0,0,0,0
011250107074008,6,0,6,6,0,0,0,0,0,0,0,0,0,0,0,0,3,0,3,3,0,0,0,0,0,0,0,0,0,0,0,0
011250107074007,10,1,8,9,0,0,0,0,0,0,0,0,0,0,0,0,7,0,8,8,0,0,0,0,0,0,0,0,0,0,0,0
011250107074006,8,1,6,4,0,0,0,0,0,0,0,0,0,0,0,0,4,0,5,3,0,0,0,0,0,0,0,0,0,0,0,0
011250107074004,0,0,0,0,0,0,0,0,0,0,0,0,0,0,0,0,0,0,0,0,0,0,0,0,0,0,0,0,0,0,0,0
011250107074003,0,0,0,0,0,0,0,0,0,0,0,0,0,0,0,0,0,0,0,0,0,0,0,0,0,0,0,0,0,0,0,0
011250107074001,4,0,4,2,0,0,0,0,0,0,0,0,0,0,0,0,4,0,4,2,0,0,0,0,0,0,0,0,0,0,0,0
011250107073008,12,2,11,2,0,0,0,0,0,0,0,0,0,0,0,8,2,0,1,1,0,0,0,0,0,0,0,0,0,0,0,0
011250107073007,61,15,47,43,0,0,0,0,0,0,0,0,0,0,0,0,48,0,48,42,0,0,0,0,0,0,0,0,0,0,0,0
011250107073006,82,1,80,72,0,0,0,0,0,0,0,0,0,0,0,0,67,2,66,62,0,0,0,0,0,0,0,0,0,0,0,0
011250107073004,18,3,15,9,0,0,0,0,0,0,0,0,0,0,0,0,13,1,12,4,0,0,0,0,0,0,0,0,0,0,0,0
011250107072030,49,0,50,38,0,0,0,0,0,0,0,0,0,0,0,0,34,0,35,28,0,0,0,0,0,0,0,0,0,0,0,0
011250107072028,0,0,0,0,0,0,0,0,0,0,0,0,0,0,0,0,0,0,0,0,0,0,0,0,0,0,0,0,0,0,0,0
011250107072023,88,0,85,62,0,0,0,0,0,0,0,0,0,0,0,0,81,0,77,59,0,0,0,0,0,0,0,0,0,0,0,0
011250107072022,23,0,21,13,0,0,0,0,0,0,0,0,0,0,0,0,22,0,20,12,0,0,0,0,0,0,0,0,0,0,0,0
011250107072021,0,0,0,0,0,0,0,0,0,0,0,0,0,0,0,0,0,0,0,0,0,0,0,0,0,0,0,0,0,0,0,0
011250107072020,12,0,11,9,0,0,0,0,0,0,0,0,0,0,0,0,9,0,8,7,0,0,0,0,0,0,0,0,0,0,0,0
011250107072019,0,0,0,0,0,0,0,0,0,0,0,0,0,0,0,0,0,0,0,0,0,0,0,0,0,0,0,0,0,0,0,0
011250107072018,0,0,0,0,0,0,0,0,0,0,0,0,0,0,0,0,0,0,0,0,0,0,0,0,0,0,0,0,0,0,0,0
011250107072016,19,0,12,7,0,0,0,0,0,0,0,0,0,0,0,0,11,0,5,4,0,0,0,0,0,0,0,0,0,0,0,0
011250107072015,78,0,81,59,0,0,0,0,0,0,0,0,0,0,0,0,71,0,74,56,0,0,0,0,0,0,0,0,0,0,0,0
011250107072012,25,0,26,16,9,0,0,0,0,0,0,0,0,0,0,8,17,0,18,13,0,0,0,0,0,0,0,0,0,0,0,0
011250107072010,0,0,0,0,0,0,0,0,0,0,0,0,0,0,0,0,0,0,0,0,0,0,0,0,0,0,0,0,0,0,0,0
011250107072009,12,0,12,9,0,0,0,0,0,0,0,0,0,0,0,0,10,0,10,7,0,0,0,0,0,0,0,0,0,0,0,0
011250107072008,16,0,16,12,0,0,0,0,0,0,0,0,0,0,0,0,8,0,8,7,0,0,0,0,0,0,0,0,0,0,0,0
011250107072007,59,0,61,47,0,0,0,0,0,0,0,0,0,0,0,0,38,0,40,32,0,0,0,0,0,0,0,0,0,0,0,0
011250107072006,146,0,150,110,9,0,0,0,0,0,0,0,0,0,0,8,116,0,119,94,0,0,0,0,0,0,0,0,0,0,0,0
011250107072004,7,0,7,5,0,0,0,0,0,0,0,0,0,0,0,0,1,0,1,1,0,0,0,0,0,0,0,0,0,0,0,0
011250107072003,9,0,9,3,8,0,0,0,0,0,0,0,0,0,0,8,5,0,5,4,0,0,0,0,0,0,0,0,0,0,0,0
011250107072002,0,0,0,0,0,0,0,0,0,0,0,0,0,0,0,0,0,0,0,0,0,0,0,0,0,0,0,0,0,0,0,0
011250107072000,0,0,0,0,0,0,0,0,0,0,0,0,0,0,0,0,0,0,0,0,0,0,0,0,0,0,0,0,0,0,0,0
011250107071045,0,0,0,0,0,0,0,0,0,0,0,0,0,0,0,0,0,0,0,0,0,0,0,0,0,0,0,0,0,0,0,0
011250107071043,0,0,0,0,0,0,0,0,0,0,0,0,0,0,0,0,0,0,0,0,0,0,0,0,0,0,0,0,0,0,0,0
011250107071042,0,0,0,0,0,0,0,0,0,0,0,0,0,0,0,0,0,0,0,0,0,0,0,0,0,0,0,0,0,0,0,0
011250107071041,0,0,0,0,0,0,0,0,0,0,0,0,0,0,0,0,0,0,0,0,0,0,0,0,0,0,0,0,0,0,0,0
011250107071040,0,0,0,0,0,0,0,0,0,0,0,0,0,0,0,0,0,0,0,0,0,0,0,0,0,0,0,0,0,0,0,0
011250107071039,2,0,2,2,0,0,0,0,0,0,0,0,0,0,0,0,2,0,2,2,0,0,0,0,0,0,0,0,0,0,0,0
011250107071036,7,0,7,8,0,0,0,0,0,0,0,0,0,0,0,0,8,0,8,8,0,0,0,0,0,0,0,0,0,0,0,0
011250107071029,0,0,0,0,0,0,0,0,0,0,0,0,0,0,0,0,0,0,0,0,0,0,0,0,0,0,0,0,0,0,0,0
011250107071026,0,0,0,0,0,0,0,0,0,0,0,0,0,0,0,0,0,0,0,0,0,0,0,0,0,0,0,0,0,0,0,0
011250107071023,0,0,0,0,0,0,0,0,0,0,0,0,0,0,0,0,0,0,0,0,0,0,0,0,0,0,0,0,0,0,0,0
011250107071022,7,0,7,7,0,0,0,0,0,0,0,0,0,0,0,0,6,0,6,6,0,0,0,0,0,0,0,0,0,0,0,0
011250107071021,6,0,6,5,0,0,0,0,0,0,0,0,0,0,0,0,4,0,4,5,0,0,0,0,0,0,0,0,0,0,0,0
011250107071019,0,0,0,0,0,0,0,0,0,0,0,0,0,0,0,0,0,0,0,0,0,0,0,0,0,0,0,0,0,0,0,0
011250107071018,7,0,6,5,0,0,0,0,0,0,0,0,0,0,0,0,2,0,1,0,0,0,0,0,0,0,0,0,0,0,0,0
011250107071017,3,0,2,1,0,0,0,0,0,0,0,0,0,0,0,0,3,1,1,1,0,0,0,0,0,0,0,0,0,0,0,0
011250107071016,0,0,0,0,0,0,0,0,0,0,0,0,0,0,0,0,0,0,0,0,0,0,0,0,0,0,0,0,0,0,0,0
011250107071014,5,0,5,5,0,0,0,0,0,0,0,0,0,0,0,0,4,0,4,5,0,0,0,0,0,0,0,0,0,0,0,0
011250107071013,0,0,0,0,0,0,0,0,0,0,0,0,0,0,0,0,0,0,0,0,0,0,0,0,0,0,0,0,0,0,0,0
011250107071012,3,0,3,1,0,0,0,0,0,0,0,0,0,0,0,0,1,0,1,1,0,0,0,0,0,0,0,0,0,0,0,0
011250107071011,26,0,27,30,0,0,0,0,0,0,1,0,0,1,0,0,19,0,19,23,0,0,0,0,0,0,0,0,0,0,0,0
011250107071010,8,0,8,7,0,0,0,0,0,0,1,0,0,1,0,0,7,0,7,5,0,0,0,0,0,0,2,0,0,2,0,0
011250107071009,0,0,0,0,0,0,0,0,0,0,0,0,0,0,0,0,0,0,0,0,0,0,0,0,0,0,0,0,0,0,0,0
011250107071007,127,0,128,146,0,0,0,0,0,0,0,0,0,0,0,0,105,0,104,119,0,0,0,0,0,0,0,0,0,0,0,0
011250107071006,14,0,12,9,0,0,0,0,0,0,0,0,0,0,0,0,9,0,9,5,0,0,0,0,0,0,0,0,0,0,0,0
011250107071005,9,0,9,10,0,0,0,0,0,0,0,0,0,0,0,0,7,0,7,8,0,0,0,0,0,0,0,0,0,0,0,0
011250107071004,0,0,0,0,0,0,0,0,0,0,0,0,0,0,0,0,0,0,0,0,0,0,0,0,0,0,0,0,0,0,0,0
011250107064044,9,10,2,2,0,0,0,0,0,0,0,0,0,0,0,0,0,0,0,0,0,0,0,0,0,0,0,0,0,0,0,0
011250107064043,57,3,54,55,0,0,0,0,0,0,0,0,0,0,0,0,48,0,45,45,0,0,0,0,0,0,0,0,0,0,0,0
011250107064042,0,0,0,0,0,0,0,0,0,0,0,0,0,0,0,0,0,0,0,0,0,0,0,0,0,0,0,0,0,0,0,0
011250107064041,0,0,0,0,0,0,0,0,0,0,0,0,0,0,0,0,0,0,0,0,0,0,0,0,0,0,0,0,0,0,0,0
011250107064040,0,0,0,0,0,0,0,0,0,0,0,0,0,0,0,0,0,0,0,0,0,0,0,0,0,0,0,0,0,0,0,0
011250107064039,0,0,0,0,0,0,0,0,0,0,0,0,0,0,0,0,0,0,0,0,0,0,0,0,0,0,0,0,0,0,0,0
011250107064038,69,3,65,65,0,0,0,0,0,0,1,0,0,1,0,0,65,6,59,59,0,0,0,0,0,0,1,0,0,1,0,0
011250107064037,0,0,0,0,0,0,0,0,0,0,0,0,0,0,0,0,0,0,0,0,0,0,0,0,0,0,0,0,0,0,0,0
011250107064036,13,4,9,5,0,0,0,0,0,0,0,0,0,0,0,0,10,8,6,2,0,0,0,0,0,0,1,0,0,1,0,0
011250107064035,0,0,0,0,0,0,0,0,0,0,0,0,0,0,0,0,0,0,0,0,0,0,0,0,0,0,0,0,0,0,0,0
011250107064034,0,0,0,0,0,0,0,0,0,0,0,0,0,0,0,0,0,0,0,0,0,0,0,0,0,0,0,0,0,0,0,0
011250107064033,0,0,0,0,0,0,0,0,0,0,0,0,0,0,0,0,0,0,0,0,0,0,0,0,0,0,0,0,0,0,0,0
011250107064032,0,0,0,0,0,0,0,0,0,0,0,0,0,0,0,0,0,0,0,0,0,0,0,0,0,0,0,0,0,0,0,0
011250107064031,0,0,0,0,0,0,0,0,0,0,0,0,0,0,0,0,0,0,0,0,0,0,0,0,0,0,0,0,0,0,0,0
011250107064030,3,1,2,0,0,0,0,0,0,0,0,0,0,0,0,0,2,0,2,0,0,0,0,0,0,0,0,0,0,0,0,0
011250107064029,0,0,0,0,0,0,0,0,0,0,0,0,0,0,0,0,0,0,0,0,0,0,0,0,0,0,0,0,0,0,0,0
011250107064028,0,0,0,0,0,0,0,0,0,0,0,0,0,0,0,0,0,0,0,0,0,0,0,0,0,0,0,0,0,0,0,0
011250107064027,0,0,0,0,0,0,0,0,0,0,0,0,0,0,0,0,0,0,0,0,0,0,0,0,0,0,0,0,0,0,0,0
011250107064026,35,0,34,35,0,0,0,0,0,0,0,0,0,0,0,0,35,0,33,34,0,0,0,0,0,0,0,0,0,0,0,0
011250107064025,0,0,0,0,0,0,0,0,0,0,0,0,0,0,0,0,0,0,0,0,0,0,0,0,0,0,0,0,0,0,0,0
011250107064024,30,0,29,27,0,0,4,0,0,0,0,0,0,0,3,0,13,0,12,12,0,0,0,0,0,0,0,0,0,0,0,0
011250107064023,0,0,0,0,0,0,0,0,0,0,0,0,0,0,0,0,0,0,0,0,0,0,0,0,0,0,0,0,0,0,0,0
011250107064022,0,0,0,0,0,0,0,0,0,0,0,0,0,0,0,0,0,0,0,0,0,0,0,0,0,0,0,0,0,0,0,0
011250107064021,0,0,0,0,0,0,0,0,0,0,0,0,0,0,0,0,0,0,0,0,0,0,0,0,0,0,0,0,0,0,0,0
011250107064020,37,14,26,20,0,0,3,0,0,0,2,0,0,2,2,0,31,11,25,19,0,0,5,0,0,0,2,0,0,2,4,0
011250107064019,0,0,0,0,0,0,0,0,0,0,0,0,0,0,0,0,0,0,0,0,0,0,0,0,0,0,0,0,0,0,0,0
011250107064018,0,0,0,0,0,0,0,0,0,0,0,0,0,0,0,0,0,0,0,0,0,0,0,0,0,0,0,0,0,0,0,0
011250107064017,8,1,7,4,0,0,3,0,0,0,1,0,0,1,2,0,6,0,5,4,0,0,5,0,0,0,0,0,0,0,3,0
011250107064016,20,9,12,9,0,0,0,0,0,0,0,0,0,0,2,0,13,8,9,5,0,0,0,0,0,0,0,0,0,0,3,0
011250107064015,315,15,297,306,0,0,0,0,0,0,0,0,0,0,1,0,284,23,257,264,0,0,0,0,0,0,0,0,0,0,0,0
011250107064014,0,0,0,0,0,0,0,0,0,0,0,0,0,0,0,0,0,0,0,0,0,0,0,0,0,0,0,0,0,0,0,0
011250107064013,0,0,0,0,0,0,0,0,0,0,0,0,0,0,0,0,0,0,0,0,0,0,0,0,0,0,0,0,0,0,0,0
011250107064012,0,0,0,0,0,0,0,0,0,0,0,0,0,0,0,0,0,0,0,0,0,0,0,0,0,0,0,0,0,0,0,0
011250107064011,0,0,0,0,0,0,0,0,0,0,0,0,0,0,0,0,0,0,0,0,0,0,0,0,0,0,0,0,0,0,0,0
011250107064010,0,0,0,0,0,0,0,0,0,0,0,0,0,0,0,0,0,0,0,0,0,0,0,0,0,0,0,0,0,0,0,0
011250107064009,78,0,77,74,0,0,0,0,0,0,0,0,0,0,0,0,59,0,55,53,0,0,0,0,0,0,0,0,0,0,0,0
011250107064008,6,1,5,5,0,0,0,0,0,0,0,0,0,0,0,0,6,3,4,4,0,0,0,0,0,0,0,0,0,0,0,0
011250107064007,13,4,9,8,0,0,0,0,0,0,0,0,0,0,0,0,9,6,6,4,0,0,0,0,0,0,0,0,0,0,0,0
011250107064006,0,0,0,0,0,0,0,0,0,0,0,0,0,0,0,0,0,0,0,0,0,0,0,0,0,0,0,0,0,0,0,0
011250107064005,0,0,0,0,0,0,0,0,0,0,0,0,0,0,0,0,0,0,0,0,0,0,0,0,0,0,0,0,0,0,0,0
011250107064004,16,0,16,15,0,0,0,0,0,0,0,0,0,0,0,0,16,0,15,14,0,0,0,0,0,0,0,0,0,0,0,0
011250107064003,0,0,0,0,0,0,0,0,0,0,0,0,0,0,0,0,0,0,0,0,0,0,0,0,0,0,0,0,0,0,0,0
011250107064002,21,0,21,20,0,0,0,0,0,0,0,0,0,0,0,0,18,0,17,16,0,0,0,0,0,0,0,0,0,0,0,0
011250107064001,0,0,0,0,0,0,0,0,0,0,0,0,0,0,0,0,0,0,0,0,0,0,0,0,0,0,0,0,0,0,0,0
011250107064000,0,0,0,0,0,0,0,0,0,0,0,0,0,0,0,0,0,0,0,0,0,0,0,0,0,0,0,0,0,0,0,0
011250107063093,0,0,0,0,0,0,0,0,0,0,0,0,0,0,0,0,0,0,0,0,0,0,0,0,0,0,0,0,0,0,0,0
011250107063092,9,0,7,5,0,0,0,0,0,0,0,0,0,0,0,0,7,0,5,4,0,0,0,0,0,0,0,0,0,0,0,0
011250107063091,0,0,0,0,0,0,0,0,0,0,0,0,0,0,0,0,0,0,0,0,0,0,0,0,0,0,0,0,0,0,0,0
011250107063090,0,0,0,0,0,0,0,0,0,0,0,0,0,0,0,0,0,0,0,0,0,0,0,0,0,0,0,0,0,0,0,0
011250107063089,5,0,4,3,0,0,0,0,0,0,0,0,0,0,0,0,3,0,4,3,0,0,0,0,0,0,0,0,0,0,0,0
011250107063088,16,0,16,14,0,0,0,0,0,0,0,0,0,0,0,0,16,0,17,14,0,0,0,0,0,0,0,0,0,0,0,0
011250107063087,0,0,0,0,0,0,0,0,0,0,0,0,0,0,0,0,0,0,0,0,0,0,0,0,0,0,0,0,0,0,0,0
011250107063086,10,0,10,7,0,0,0,0,0,0,0,0,0,0,2,0,4,0,5,4,0,0,0,0,0,0,0,0,0,0,0,0
011250107063085,0,0,0,0,0,0,0,0,0,0,0,0,0,0,0,0,0,0,0,0,0,0,0,0,0,0,0,0,0,0,0,0
011250107063084,3,0,3,3,0,0,0,0,0,0,0,0,0,0,0,0,2,0,2,2,0,0,0,0,0,0,0,0,0,0,0,0
011250107063083,0,0,0,0,0,0,0,0,0,0,0,0,0,0,0,0,0,0,0,0,0,0,0,0,0,0,0,0,0,0,0,0
011250107063082,0,0,0,0,0,0,0,0,0,0,0,0,0,0,0,0,0,0,0,0,0,0,0,0,0,0,0,0,0,0,0,0
011250107063081,0,0,0,0,0,0,0,0,0,0,0,0,0,0,0,0,0,0,0,0,0,0,0,0,0,0,0,0,0,0,0,0
011250107063080,4,0,3,2,0,0,0,0,0,0,0,0,0,0,0,0,4,0,3,2,0,0,0,0,0,0,0,0,0,0,0,0
011250107063079,1,0,1,0,0,0,0,0,0,0,0,0,0,0,0,0,1,0,1,0,0,0,0,0,0,0,0,0,0,0,0,0
011250107063077,0,0,0,0,0,0,0,0,0,0,0,0,0,0,0,0,0,0,0,0,0,0,0,0,0,0,0,0,0,0,0,0
011250107063076,6,0,3,2,0,0,0,0,0,0,0,0,0,0,0,0,6,0,3,2,0,0,0,0,0,0,0,0,0,0,0,0
011250107063075,2,0,3,1,0,0,0,0,0,0,0,0,0,0,0,0,3,0,3,1,0,0,0,0,0,0,0,0,0,0,0,0
011250107063074,1,0,1,0,3,0,0,0,0,0,0,0,0,0,0,3,0,0,0,0,0,0,0,0,0,0,0,0,0,0,0,0
011250107063073,0,0,0,0,0,0,0,0,0,0,0,0,0,0,0,0,0,0,0,0,0,0,0,0,0,0,0,0,0,0,0,0
011250107063072,0,0,0,0,0,0,0,0,0,0,0,0,0,0,0,0,0,0,0,0,0,0,0,0,0,0,0,0,0,0,0,0
011250107063071,0,0,0,0,0,0,0,0,0,0,0,0,0,0,0,0,0,0,0,0,0,0,0,0,0,0,0,0,0,0,0,0
011250107063070,6,0,5,4,0,0,0,0,0,0,0,0,0,0,0,0,3,0,4,2,0,0,0,0,0,0,0,0,0,0,0,0
011250107063069,0,0,0,0,0,0,0,0,0,0,0,0,0,0,0,0,0,0,0,0,0,0,0,0,0,0,0,0,0,0,0,0
011250107063068,0,0,0,0,0,0,0,0,0,0,0,0,0,0,0,0,0,0,0,0,0,0,0,0,0,0,0,0,0,0,0,0
011250107063067,0,0,0,0,0,0,0,0,0,0,0,0,0,0,0,0,0,0,0,0,0,0,0,0,0,0,0,0,0,0,0,0
011250107063065,0,0,0,0,0,0,0,0,0,0,0,0,0,0,0,0,0,0,0,0,0,0,0,0,0,0,0,0,0,0,0,0
011250107063064,0,0,0,0,0,0,0,0,0,0,0,0,0,0,0,0,0,0,0,0,0,0,0,0,0,0,0,0,0,0,0,0
011250107063063,0,0,0,0,0,0,0,0,0,0,0,0,0,0,0,0,0,0,0,0,0,0,0,0,0,0,0,0,0,0,0,0
011250107063062,0,0,0,0,0,0,0,0,0,0,0,0,0,0,0,0,0,0,0,0,0,0,0,0,0,0,0,0,0,0,0,0
011250107063061,0,0,0,0,0,0,0,0,0,0,0,0,0,0,0,0,0,0,0,0,0,0,0,0,0,0,0,0,0,0,0,0
011250107063060,0,0,0,0,0,0,0,0,0,0,0,0,0,0,0,0,0,0,0,0,0,0,0,0,0,0,0,0,0,0,0,0
011250107063059,0,0,0,0,0,0,0,0,0,0,0,0,0,0,0,0,0,0,0,0,0,0,0,0,0,0,0,0,0,0,0,0
011250107063058,14,0,9,7,3,0,0,0,0,0,0,0,0,0,0,3,14,0,8,7,0,0,0,0,0,0,0,0,0,0,0,0
011250107063057,0,0,0,0,0,0,0,0,0,0,0,0,0,0,0,0,0,0,0,0,0,0,0,0,0,0,0,0,0,0,0,0
011250107063056,22,0,19,15,0,0,3,0,0,0,0,0,0,0,2,0,15,0,13,10,0,0,5,0,0,0,0,0,0,0,4,0
011250107063055,11,0,11,9,0,0,0,0,0,0,0,0,0,0,1,0,8,0,8,7,0,0,0,0,0,0,0,0,0,0,0,0
011250107063054,41,0,37,33,0,0,0,0,0,0,0,0,0,0,0,0,31,0,29,26,0,0,0,0,0,0,0,0,0,0,0,0
011250107063053,0,0,0,0,0,0,0,0,0,0,0,0,0,0,0,0,0,0,0,0,0,0,0,0,0,0,0,0,0,0,0,0
011250107063052,0,0,0,0,0,0,0,0,0,0,0,0,0,0,0,0,0,0,0,0,0,0,0,0,0,0,0,0,0,0,0,0
011250107063051,51,0,48,42,0,0,0,0,0,0,0,0,0,0,0,0,38,0,33,29,0,0,0,0,0,0,0,0,0,0,0,0
011250107063050,0,0,0,0,0,0,0,0,0,0,0,0,0,0,0,0,0,0,0,0,0,0,0,0,0,0,0,0,0,0,0,0
011250107063049,0,0,0,0,0,0,0,0,0,0,0,0,0,0,0,0,0,0,0,0,0,0,0,0,0,0,0,0,0,0,0,0
011250107063048,0,0,0,0,0,0,0,0,0,0,0,0,0,0,0,0,0,0,0,0,0,0,0,0,0,0,0,0,0,0,0,0
011250107063047,0,0,0,0,0,0,0,0,0,0,0,0,0,0,0,0,0,0,0,0,0,0,0,0,0,0,0,0,0,0,0,0
011250107063046,0,0,0,0,0,0,0,0,0,0,0,0,0,0,0,0,0,0,0,0,0,0,0,0,0,0,0,0,0,0,0,0
011250107063045,0,0,0,0,0,0,0,0,0,0,0,0,0,0,0,0,0,0,0,0,0,0,0,0,0,0,0,0,0,0,0,0
011250107063044,0,0,0,0,0,0,0,0,0,0,0,0,0,0,0,0,0,0,0,0,0,0,0,0,0,0,0,0,0,0,0,0
011250107063043,8,0,6,3,0,0,0,0,0,0,0,0,0,0,0,0,4,0,5,3,0,0,0,0,0,0,0,0,0,0,0,0
011250107063042,0,0,0,0,0,0,0,0,0,0,0,0,0,0,0,0,0,0,0,0,0,0,0,0,0,0,0,0,0,0,0,0
011250107063041,0,0,0,0,0,0,0,0,0,0,0,0,0,0,0,0,0,0,0,0,0,0,0,0,0,0,0,0,0,0,0,0
011250107063040,10,0,11,9,0,0,0,0,0,0,0,0,0,0,0,0,9,0,10,8,0,0,0,0,0,0,0,0,0,0,0,0
011250107063038,0,0,0,0,0,0,0,0,0,0,0,0,0,0,0,0,0,0,0,0,0,0,0,0,0,0,0,0,0,0,0,0
011250107063037,0,0,0,0,0,0,0,0,0,0,0,0,0,0,0,0,0,0,0,0,0,0,0,0,0,0,0,0,0,0,0,0
011250107063036,0,0,0,0,0,0,0,0,0,0,0,0,0,0,0,0,0,0,0,0,0,0,0,0,0,0,0,0,0,0,0,0
011250107063035,12,0,11,10,0,0,0,0,0,0,0,0,0,0,0,0,9,0,9,8,0,0,0,0,0,0,0,0,0,0,0,0
011250107063034,2,0,3,2,0,0,0,0,0,0,0,0,0,0,0,0,3,0,3,2,0,0,0,0,0,0,0,0,0,0,0,0
011250107063033,29,0,32,28,0,0,0,0,0,0,0,0,0,0,0,0,28,0,30,27,0,0,0,0,0,0,0,0,0,0,0,0
011250107063032,0,0,0,0,0,0,0,0,0,0,0,0,0,0,0,0,0,0,0,0,0,0,0,0,0,0,0,0,0,0,0,0
011250107063031,0,0,0,0,0,0,0,0,0,0,0,0,0,0,0,0,0,0,0,0,0,0,0,0,0,0,0,0,0,0,0,0
011250107063030,4,0,3,2,0,0,0,0,0,0,0,0,0,0,0,0,3,0,3,2,0,0,0,0,0,0,0,0,0,0,0,0
011250107063029,0,0,0,0,0,0,0,0,0,0,0,0,0,0,0,0,0,0,0,0,0,0,0,0,0,0,0,0,0,0,0,0
011250107063027,18,0,19,17,0,0,0,0,0,0,0,0,0,0,0,0,15,0,16,14,0,0,0,0,0,0,0,0,0,0,0,0
011250107063026,0,0,0,0,0,0,0,0,0,0,0,0,0,0,0,0,0,0,0,0,0,0,0,0,0,0,0,0,0,0,0,0
011250107063024,22,0,24,20,0,0,0,0,0,0,0,0,0,0,0,3,20,0,21,18,0,0,0,0,0,0,0,0,0,0,0,0
011250107063023,4,0,4,4,0,0,0,0,0,0,0,0,0,0,0,0,3,0,4,3,0,0,0,0,0,0,0,0,0,0,0,0
011250107063021,0,0,0,0,0,0,0,0,0,0,0,0,0,0,0,0,0,0,0,0,0,0,0,0,0,0,0,0,0,0,0,0
011250107063020,3,0,3,2,0,0,0,0,0,0,0,0,0,0,0,0,3,0,2,2,0,0,0,0,0,0,0,0,0,0,0,0
011250107063019,0,0,0,0,0,0,0,0,0,0,0,0,0,0,0,0,0,0,0,0,0,0,0,0,0,0,0,0,0,0,0,0
011250107063017,0,0,0,0,0,0,0,0,0,0,0,0,0,0,0,0,0,0,0,0,0,0,0,0,0,0,0,0,0,0,0,0
011250107063015,0,0,0,0,0,0,0,0,0,0,0,0,0,0,0,0,0,0,0,0,0,0,0,0,0,0,0,0,0,0,0,0
011250107063014,22,0,21,19,0,0,0,0,0,0,0,0,0,0,0,0,14,0,12,10,0,0,0,0,0,0,0,0,0,0,0,0
011250107063013,8,0,9,5,7,0,3,0,0,0,0,0,0,0,2,6,5,0,5,5,0,0,0,0,0,0,0,0,0,0,0,0
011250107063012,12,0,11,9,0,0,0,0,0,0,0,0,0,0,0,0,10,0,9,8,0,0,0,0,0,0,0,0,0,0,0,0
011250107063011,0,0,0,0,0,0,0,0,0,0,0,0,0,0,0,0,0,0,0,0,0,0,0,0,0,0,0,0,0,0,0,0
011250107063010,20,0,22,20,0,0,0,0,0,0,0,0,0,0,0,0,21,0,23,20,0,0,0,0,0,0,0,0,0,0,0,0
011250107063009,0,0,0,0,0,0,0,0,0,0,0,0,0,0,0,0,0,0,0,0,0,0,0,0,0,0,0,0,0,0,0,0
011250107063006,36,0,39,34,0,0,0,0,0,0,0,0,0,0,0,0,30,0,32,28,0,0,0,0,0,0,0,0,0,0,0,0
011250107063005,0,0,0,0,0,0,0,0,0,0,0,0,0,0,0,0,0,0,0,0,0,0,0,0,0,0,0,0,0,0,0,0
011250107063004,11,0,12,11,0,0,0,0,0,0,0,0,0,0,0,0,11,0,12,10,0,0,0,0,0,0,0,0,0,0,0,0
011250107063003,13,0,14,13,0,0,0,0,0,0,0,0,0,0,0,0,12,0,13,11,0,0,0,0,0,0,0,0,0,0,0,0
011250107063001,22,0,21,19,0,0,0,0,0,0,0,0,0,0,0,0,19,0,17,15,0,0,0,0,0,0,0,0,0,0,0,0
011250107063000,53,0,57,51,0,0,0,0,0,0,0,0,0,0,0,0,49,0,52,46,0,0,0,0,0,0,0,0,0,0,0,0
011250107062095,0,0,0,0,0,0,0,0,0,0,0,0,0,0,0,0,0,0,0,0,0,0,0,0,0,0,0,0,0,0,0,0
011250107062094,0,0,0,0,0,0,0,0,0,0,0,0,0,0,0,0,0,0,0,0,0,0,0,0,0,0,0,0,0,0,0,0
011250107062091,22,0,19,20,0,0,0,0,0,0,0,0,0,0,0,0,13,0,12,12,0,0,0,0,0,0,0,0,0,0,0,0
011250107062090,27,0,24,24,0,0,0,0,0,0,1,0,0,1,0,0,17,0,16,16,0,0,0,0,0,0,0,0,0,0,0,0
011250107062089,13,7,9,8,1,0,0,0,0,0,0,0,0,0,4,1,7,7,4,4,0,0,0,0,0,0,0,0,0,0,0,0
011250107062088,0,0,0,0,0,0,0,0,0,0,0,0,0,0,0,0,0,0,0,0,0,0,0,0,0,0,0,0,0,0,0,0
011250107062087,0,0,0,0,0,0,0,0,0,0,0,0,0,0,0,0,0,0,0,0,0,0,0,0,0,0,0,0,0,0,0,0
011250107062085,0,0,0,0,0,0,0,0,0,0,0,0,0,0,0,0,0,0,0,0,0,0,0,0,0,0,0,0,0,0,0,0
011250107062084,12,0,11,9,0,0,0,0,0,0,3,0,0,2,4,0,11,0,10,8,0,0,0,0,0,0,3,0,0,3,0,0
011250107062083,17,0,15,15,0,0,0,0,0,0,0,0,0,0,0,0,11,0,10,10,0,0,0,0,0,0,0,0,0,0,0,0
011250107062080,23,0,20,20,0,0,0,0,0,0,1,0,0,1,0,0,17,0,15,15,0,0,0,0,0,0,2,0,0,1,0,0
011250107062079,0,0,0,0,0,0,0,0,0,0,0,0,0,0,0,0,0,0,0,0,0,0,0,0,0,0,0,0,0,0,0,0
011250107062077,0,0,0,0,0,0,0,0,0,0,0,0,0,0,0,0,0,0,0,0,0,0,0,0,0,0,0,0,0,0,0,0
011250107062076,49,9,40,36,2,0,0,0,0,0,4,0,0,3,0,2,37,5,33,31,0,0,0,0,0,0,4,0,0,4,0,0
011250107062075,2,0,2,2,0,0,0,0,0,0,0,0,0,0,0,0,0,0,0,0,0,0,0,0,0,0,0,0,0,0,0,0
011250107062073,0,0,0,0,0,0,0,0,0,0,0,0,0,0,0,0,0,0,0,0,0,0,0,0,0,0,0,0,0,0,0,0
011250107062072,0,0,0,0,0,0,0,0,0,0,0,0,0,0,0,0,0,0,0,0,0,0,0,0,0,0,0,0,0,0,0,0
011250107062070,0,0,0,0,0,0,0,0,0,0,0,0,0,0,0,0,0,0,0,0,0,0,0,0,0,0,0,0,0,0,0,0
011250107062069,0,0,0,0,0,0,0,0,0,0,0,0,0,0,0,0,0,0,0,0,0,0,0,0,0,0,0,0,0,0,0,0
011250107062068,0,0,0,0,0,0,0,0,0,0,0,0,0,0,0,0,0,0,0,0,0,0,0,0,0,0,0,0,0,0,0,0
011250107062066,10,0,9,9,1,0,0,0,0,0,0,0,0,0,0,1,8,0,7,7,0,0,0,0,0,0,0,0,0,0,0,0
011250107062065,0,0,0,0,0,0,0,0,0,0,0,0,0,0,0,0,0,0,0,0,0,0,0,0,0,0,0,0,0,0,0,0
011250107062064,0,0,0,0,0,0,0,0,0,0,0,0,0,0,0,0,0,0,0,0,0,0,0,0,0,0,0,0,0,0,0,0
011250107062063,5,2,4,2,0,0,0,0,0,0,0,0,0,0,0,0,3,2,2,2,0,0,0,0,0,0,0,0,0,0,0,0
011250107062062,0,0,0,0,0,0,0,0,0,0,0,0,0,0,0,0,0,0,0,0,0,0,0,0,0,0,0,0,0,0,0,0
011250107062060,2,2,1,0,0,0,0,0,0,0,1,0,0,1,0,0,1,0,1,0,0,0,0,0,0,0,1,0,0,1,0,0
011250107062057,38,5,32,29,0,0,0,0,0,0,3,0,0,2,0,1,25,0,24,23,0,0,0,0,0,0,1,0,0,1,0,0
011250107062056,8,0,7,3,0,0,0,0,0,0,6,0,0,6,0,0,4,0,4,2,0,0,0,0,0,0,3,0,0,2,0,0
011250107062054,0,0,0,0,0,0,0,0,0,0,0,0,0,0,0,0,0,0,0,0,0,0,0,0,0,0,0,0,0,0,0,0
011250107062053,2,5,0,0,0,0,0,0,0,0,0,0,0,0,0,0,0,0,0,0,0,0,0,0,0,0,0,0,0,0,0,0
011250107062052,0,0,0,0,0,0,0,0,0,0,0,0,0,0,0,0,0,0,0,0,0,0,0,0,0,0,0,0,0,0,0,0
011250107062051,16,7,12,12,0,0,0,0,0,0,0,0,0,0,0,0,11,0,10,10,0,0,0,0,0,0,0,0,0,0,0,0
011250107062050,0,0,0,0,0,0,0,0,0,0,0,0,0,0,0,0,0,0,0,0,0,0,0,0,0,0,0,0,0,0,0,0
011250107062049,0,0,0,0,0,0,0,0,0,0,0,0,0,0,0,0,0,0,0,0,0,0,0,0,0,0,0,0,0,0,0,0
011250107062048,0,0,0,0,0,0,0,0,0,0,0,0,0,0,0,0,0,0,0,0,0,0,0,0,0,0,0,0,0,0,0,0
011250107062046,0,0,0,0,0,0,0,0,0,0,0,0,0,0,0,0,0,0,0,0,0,0,0,0,0,0,0,0,0,0,0,0
011250107062045,42,36,26,25,0,0,0,0,0,0,0,0,0,0,0,0,23,13,17,17,0,0,0,0,0,0,0,0,0,0,0,0
011250107062044,0,0,0,0,0,0,0,0,0,0,0,0,0,0,0,0,0,0,0,0,0,0,0,0,0,0,0,0,0,0,0,0
011250107062042,0,0,0,0,0,0,0,0,0,0,0,0,0,0,0,0,0,0,0,0,0,0,0,0,0,0,0,0,0,0,0,0
011250107062041,0,0,0,0,0,0,0,0,0,0,0,0,0,0,0,0,0,0,0,0,0,0,0,0,0,0,0,0,0,0,0,0
011250107062040,0,0,0,0,0,0,0,0,0,0,0,0,0,0,0,0,0,0,0,0,0,0,0,0,0,0,0,0,0,0,0,0
011250107062039,0,0,0,0,0,0,0,0,0,0,0,0,0,0,0,0,0,0,0,0,0,0,0,0,0,0,0,0,0,0,0,0
011250107062038,0,0,0,0,0,0,0,0,0,0,0,0,0,0,0,0,0,0,0,0,0,0,0,0,0,0,0,0,0,0,0,0
011250107062037,3,0,2,1,1,0,0,0,0,0,0,0,0,0,0,1,1,0,1,1,0,0,0,0,0,0,0,0,0,0,0,0
011250107062036,12,19,5,5,0,0,0,0,0,0,0,0,0,0,0,0,5,0,4,4,0,0,0,0,0,0,0,0,0,0,0,0
011250107062035,0,0,0,0,0,0,0,0,0,0,0,0,0,0,0,0,0,0,0,0,0,0,0,0,0,0,0,0,0,0,0,0
011250107062033,0,0,0,0,0,0,0,0,0,0,0,0,0,0,0,0,0,0,0,0,0,0,0,0,0,0,0,0,0,0,0,0
011250107062032,0,0,0,0,0,0,0,0,0,0,0,0,0,0,0,0,0,0,0,0,0,0,0,0,0,0,0,0,0,0,0,0
011250107062031,0,0,0,0,0,0,0,0,0,0,0,0,0,0,0,0,0,0,0,0,0,0,0,0,0,0,0,0,0,0,0,0
011250107062030,0,0,0,0,0,0,0,0,0,0,0,0,0,0,0,0,0,0,0,0,0,0,0,0,0,0,0,0,0,0,0,0
011250107062029,0,0,0,0,0,0,0,0,0,0,0,0,0,0,0,0,0,0,0,0,0,0,0,0,0,0,0,0,0,0,0,0
011250107062028,0,0,0,0,0,0,0,0,0,0,0,0,0,0,0,0,0,0,0,0,0,0,0,0,0,0,0,0,0,0,0,0
011250107062027,5,0,5,3,0,0,0,0,0,0,0,0,0,0,9,0,4,0,4,3,0,0,0,0,0,0,0,0,0,0,0,0
011250107062026,0,0,0,0,0,0,0,0,0,0,0,0,0,0,0,0,0,0,0,0,0,0,0,0,0,0,0,0,0,0,0,0
011250107062025,0,0,0,0,0,0,0,0,0,0,0,0,0,0,0,0,0,0,0,0,0,0,0,0,0,0,0,0,0,0,0,0
011250107062024,0,0,0,0,0,0,0,0,0,0,0,0,0,0,0,0,0,0,0,0,0,0,0,0,0,0,0,0,0,0,0,0
011250107062023,7,2,5,3,0,0,12,0,0,0,1,0,0,1,4,0,4,0,4,3,0,0,0,0,0,0,1,0,0,1,0,0
011250107062022,0,0,0,0,0,0,0,0,0,0,0,0,0,0,0,0,0,0,0,0,0,0,0,0,0,0,0,0,0,0,0,0
011250107062021,0,0,0,0,0,0,0,0,0,0,0,0,0,0,0,0,0,0,0,0,0,0,0,0,0,0,0,0,0,0,0,0
011250107062020,5,0,5,4,0,0,0,0,0,0,0,0,0,0,0,0,5,0,4,4,0,0,0,0,0,0,0,0,0,0,0,0
011250107062019,13,5,10,8,1,0,0,0,0,0,0,0,0,0,0,1,8,2,7,6,0,0,0,0,0,0,0,0,0,0,0,0
011250107062018,0,0,0,0,0,0,0,0,0,0,0,0,0,0,0,0,0,0,0,0,0,0,0,0,0,0,0,0,0,0,0,0
011250107062017,0,0,0,0,0,0,0,0,0,0,0,0,0,0,0,0,0,0,0,0,0,0,0,0,0,0,0,0,0,0,0,0
011250107062016,0,0,0,0,0,0,0,0,0,0,0,0,0,0,0,0,0,0,0,0,0,0,0,0,0,0,0,0,0,0,0,0
011250107062015,0,0,0,0,0,0,0,0,0,0,0,0,0,0,0,0,0,0,0,0,0,0,0,0,0,0,0,0,0,0,0,0
011250107062014,0,0,0,0,0,0,0,0,0,0,0,0,0,0,0,0,0,0,0,0,0,0,0,0,0,0,0,0,0,0,0,0
011250107062013,12,2,10,9,0,0,0,0,0,0,2,0,0,2,0,0,10,2,8,8,0,0,0,0,0,0,0,0,0,0,0,0
011250107062012,0,0,0,0,0,0,0,0,0,0,0,0,0,0,0,0,0,0,0,0,0,0,0,0,0,0,0,0,0,0,0,0
011250107062011,0,0,0,0,0,0,0,0,0,0,0,0,0,0,0,0,0,0,0,0,0,0,0,0,0,0,0,0,0,0,0,0
011250107062010,0,0,0,0,0,0,0,0,0,0,0,0,0,0,0,0,0,0,0,0,0,0,0,0,0,0,0,0,0,0,0,0
011250107062009,0,0,0,0,0,0,0,0,0,0,0,0,0,0,0,0,0,0,0,0,0,0,0,0,0,0,0,0,0,0,0,0
011250107062008,0,0,0,0,0,0,0,0,0,0,0,0,0,0,0,0,0,0,0,0,0,0,0,0,0,0,0,0,0,0,0,0
011250107062007,0,0,0,0,0,0,0,0,0,0,0,0,0,0,0,0,0,0,0,0,0,0,0,0,0,0,0,0,0,0,0,0
011250107062006,0,0,0,0,0,0,0,0,0,0,0,0,0,0,0,0,0,0,0,0,0,0,0,0,0,0,0,0,0,0,0,0
011250107062005,0,0,0,0,0,0,0,0,0,0,0,0,0,0,0,0,0,0,0,0,0,0,0,0,0,0,0,0,0,0,0,0
011250107062004,0,0,0,0,0,0,0,0,0,0,0,0,0,0,0,0,0,0,0,0,0,0,0,0,0,0,0,0,0,0,0,0
011250107062003,0,0,0,0,0,0,0,0,0,0,0,0,0,0,0,0,0,0,0,0,0,0,0,0,0,0,0,0,0,0,0,0
011250107062002,0,0,0,0,0,0,0,0,0,0,0,0,0,0,0,0,0,0,0,0,0,0,0,0,0,0,0,0,0,0,0,0
011250107062001,0,0,0,0,0,0,0,0,0,0,0,0,0,0,0,0,0,0,0,0,0,0,0,0,0,0,0,0,0,0,0,0
011250107062000,0,0,0,0,0,0,0,0,0,0,0,0,0,0,0,0,0,0,0,0,0,0,0,0,0,0,0,0,0,0,0,0
011250107061030,18,0,17,13,0,0,0,0,0,0,0,0,0,0,0,0,12,0,13,10,0,0,0,0,0,0,0,0,0,0,0,0
011250107061029,0,0,0,0,0,0,0,0,0,0,0,0,0,0,0,0,0,0,0,0,0,0,0,0,0,0,0,0,0,0,0,0
011250107061025,0,0,0,0,0,0,0,0,0,0,0,0,0,0,0,0,0,0,0,0,0,0,0,0,0,0,0,0,0,0,0,0
011250107061023,8,1,7,7,0,0,0,0,0,0,0,0,0,0,0,0,3,0,3,4,0,0,0,0,0,0,0,0,0,0,0,0
011250107061022,24,5,20,17,0,0,0,0,0,0,0,0,0,0,0,0,16,2,13,13,0,0,0,0,0,0,0,0,0,0,0,0
011250107061021,8,3,5,1,2,0,0,0,0,0,0,0,0,0,0,2,4,1,2,0,0,0,0,0,0,0,0,0,0,0,0,0
011250107061018,3,0,3,4,0,0,0,0,0,0,0,0,0,0,0,0,2,0,2,2,0,0,0,0,0,0,0,0,0,0,0,0
011250107061017,0,0,0,0,0,0,0,0,0,0,0,0,0,0,0,0,0,0,0,0,0,0,0,0,0,0,0,0,0,0,0,0
011250107061015,0,0,0,0,0,0,0,0,0,0,0,0,0,0,0,0,0,0,0,0,0,0,0,0,0,0,0,0,0,0,0,0
011250107061014,1,1,0,0,0,0,0,0,0,0,0,0,0,0,0,0,0,0,0,0,0,0,0,0,0,0,0,0,0,0,0,0
011250107061013,7,0,7,4,0,0,0,0,0,0,0,0,0,0,0,2,4,0,5,4,0,0,0,0,0,0,0,0,0,0,0,0
011250107061011,8,0,8,7,0,0,0,0,0,0,0,0,0,0,0,0,7,0,7,7,0,0,0,0,0,0,0,0,0,0,0,0
011250107061000,0,0,0,0,0,0,0,0,0,0,0,0,0,0,0,0,0,0,0,0,0,0,0,0,0,0,0,0,0,0,0,0
011250107052053,0,0,0,0,0,0,0,0,0,0,0,0,0,0,0,0,0,0,0,0,0,0,0,0,0,0,0,0,0,0,0,0
011250107052052,0,0,0,0,0,0,0,0,0,0,0,0,0,0,0,0,0,0,0,0,0,0,0,0,0,0,0,0,0,0,0,0
011250107052051,0,0,0,0,0,0,0,0,0,0,0,0,0,0,0,0,0,0,0,0,0,0,0,0,0,0,0,0,0,0,0,0
011250107052050,0,0,0,0,0,0,0,0,0,0,0,0,0,0,0,0,0,0,0,0,0,0,0,0,0,0,0,0,0,0,0,0
011250107052049,0,0,0,0,0,0,0,0,0,0,0,0,0,0,0,0,0,0,0,0,0,0,0,0,0,0,0,0,0,0,0,0
011250107052048,0,0,0,0,0,0,0,0,0,0,0,0,0,0,0,0,0,0,0,0,0,0,0,0,0,0,0,0,0,0,0,0
011250107052047,0,0,0,0,0,0,0,0,0,0,0,0,0,0,0,0,0,0,0,0,0,0,0,0,0,0,0,0,0,0,0,0
011250107052046,0,0,0,0,0,0,0,0,0,0,0,0,0,0,0,0,0,0,0,0,0,0,0,0,0,0,0,0,0,0,0,0
011250107052044,130,0,132,154,0,0,0,0,0,1,2,0,0,4,0,1,102,0,103,125,0,0,0,0,0,0,0,0,0,0,0,0
011250107052043,0,0,0,0,0,0,0,0,0,0,0,0,0,0,0,0,0,0,0,0,0,0,0,0,0,0,0,0,0,0,0,0
011250107052042,0,0,0,0,0,0,0,0,0,0,0,0,0,0,0,0,0,0,0,0,0,0,0,0,0,0,0,0,0,0,0,0
011250107052041,0,0,0,0,0,0,0,0,0,0,0,0,0,0,0,0,0,0,0,0,0,0,0,0,0,0,0,0,0,0,0,0
011250107052036,0,0,0,0,0,0,0,0,0,0,0,0,0,0,0,0,0,0,0,0,0,0,0,0,0,0,0,0,0,0,0,0
011250107052035,0,0,0,0,0,0,0,0,0,0,0,0,0,0,0,0,0,0,0,0,0,0,0,0,0,0,0,0,0,0,0,0
011250107052034,0,0,0,0,0,0,0,0,0,0,0,0,0,0,0,0,0,0,0,0,0,0,0,0,0,0,0,0,0,0,0,0
011250107052031,0,0,0,0,0,0,0,0,0,0,0,0,0,0,0,0,0,0,0,0,0,0,0,0,0,0,0,0,0,0,0,0
011250107052030,0,0,0,0,0,0,0,0,0,0,0,0,0,0,0,0,0,0,0,0,0,0,0,0,0,0,0,0,0,0,0,0
011250107052029,0,0,0,0,0,0,0,0,0,0,0,0,0,0,0,0,0,0,0,0,0,0,0,0,0,0,0,0,0,0,0,0
011250107052028,0,0,0,0,0,0,0,0,0,0,0,0,0,0,0,0,0,0,0,0,0,0,0,0,0,0,0,0,0,0,0,0
011250107052027,0,0,0,0,0,0,0,0,0,0,0,0,0,0,0,0,0,0,0,0,0,0,0,0,0,0,0,0,0,0,0,0
011250107052026,0,0,0,0,0,0,0,0,0,0,0,0,0,0,0,0,0,0,0,0,0,0,0,0,0,0,0,0,0,0,0,0
011250107052024,0,0,0,0,0,0,0,0,0,0,0,0,0,0,0,0,0,0,0,0,0,0,0,0,0,0,0,0,0,0,0,0
011250107052022,0,0,0,0,0,0,0,0,0,0,0,0,0,0,0,0,0,0,0,0,0,0,0,0,0,0,0,0,0,0,0,0
011250107052021,0,0,0,0,0,0,0,0,0,0,0,0,0,0,0,0,0,0,0,0,0,0,0,0,0,0,0,0,0,0,0,0
011250107052020,0,0,0,0,0,0,0,0,0,0,0,0,0,0,0,0,0,0,0,0,0,0,0,0,0,0,0,0,0,0,0,0
011250107052018,24,1,22,26,0,0,0,0,0,0,0,0,0,0,0,0,18,0,15,18,0,0,0,0,0,0,0,0,0,0,0,0
011250107052015,0,0,0,0,0,0,0,0,0,0,0,0,0,0,0,0,0,0,0,0,0,0,0,0,0,0,0,0,0,0,0,0
011250107052012,0,0,0,0,0,0,0,0,0,0,0,0,0,0,0,0,0,0,0,0,0,0,0,0,0,0,0,0,0,0,0,0
011250107052009,0,0,0,0,0,0,0,0,0,0,0,0,0,0,0,0,0,0,0,0,0,0,0,0,0,0,0,0,0,0,0,0
011250107052008,0,0,0,0,0,0,0,0,0,0,0,0,0,0,0,0,0,0,0,0,0,0,0,0,0,0,0,0,0,0,0,0
011250107052007,0,0,0,0,0,0,0,0,0,0,0,0,0,0,0,0,0,0,0,0,0,0,0,0,0,0,0,0,0,0,0,0
011250107052000,0,0,0,0,0,0,0,0,0,0,0,0,0,0,0,0,0,0,0,0,0,0,0,0,0,0,0,0,0,0,0,0
011250107051027,0,0,0,0,0,0,0,0,0,0,0,0,0,0,0,0,0,0,0,0,0,0,0,0,0,0,0,0,0,0,0,0
011250107051026,13,2,9,7,2,0,0,0,0,0,0,0,0,0,0,2,10,2,7,8,0,0,0,0,0,0,0,0,0,0,0,0
011250107051025,0,0,0,0,0,0,0,0,0,0,0,0,0,0,0,0,0,0,0,0,0,0,0,0,0,0,0,0,0,0,0,0
011250107051024,0,0,0,0,0,0,0,0,0,0,0,0,0,0,0,0,0,0,0,0,0,0,0,0,0,0,0,0,0,0,0,0
011250107051023,0,0,0,0,0,0,0,0,0,0,0,0,0,0,0,0,0,0,0,0,0,0,0,0,0,0,0,0,0,0,0,0
011250107051022,0,0,0,0,0,0,0,0,0,0,0,0,0,0,0,0,0,0,0,0,0,0,0,0,0,0,0,0,0,0,0,0
011250107051017,0,0,0,0,0,0,0,0,0,0,0,0,0,0,0,0,0,0,0,0,0,0,0,0,0,0,0,0,0,0,0,0
011250107051016,0,0,0,0,0,0,0,0,0,0,0,0,0,0,0,0,0,0,0,0,0,0,0,0,0,0,0,0,0,0,0,0
011250107051011,0,0,0,0,0,0,0,0,0,0,0,0,0,0,0,0,0,0,0,0,0,0,0,0,0,0,0,0,0,0,0,0
011250107051010,35,0,34,38,0,0,0,0,0,0,0,0,0,0,0,0,32,1,31,35,0,0,0,0,0,0,0,0,0,0,0,0
011250107051009,0,0,0,0,0,0,0,0,0,0,0,0,0,0,0,0,0,0,0,0,0,0,0,0,0,0,0,0,0,0,0,0
011250107051008,0,0,0,0,0,0,0,0,0,0,0,0,0,0,0,0,0,0,0,0,0,0,0,0,0,0,0,0,0,0,0,0
011250107051007,0,0,0,0,0,0,0,0,0,0,0,0,0,0,0,0,0,0,0,0,0,0,0,0,0,0,0,0,0,0,0,0
011250107051005,0,0,0,0,0,0,0,0,0,0,0,0,0,0,0,0,0,0,0,0,0,0,0,0,0,0,0,0,0,0,0,0
011250107051004,0,0,0,0,0,0,0,0,0,0,0,0,0,0,0,0,0,0,0,0,0,0,0,0,0,0,0,0,0,0,0,0
011250107051002,0,0,0,0,0,0,0,0,0,0,0,0,0,0,0,0,0,0,0,0,0,0,0,0,0,0,0,0,0,0,0,0
011250107051000,0,0,0,0,0,0,0,0,0,0,0,0,0,0,0,0,0,0,0,0,0,0,0,0,0,0,0,0,0,0,0,0
011250107042094,0,0,0,0,0,0,0,0,0,0,0,0,0,0,0,0,0,0,0,0,0,0,0,0,0,0,0,0,0,0,0,0
011250107042093,0,0,0,0,0,0,0,0,0,0,0,0,0,0,0,0,0,0,0,0,0,0,0,0,0,0,0,0,0,0,0,0
011250107042092,0,0,0,0,0,0,0,0,0,0,0,0,0,0,0,0,0,0,0,0,0,0,0,0,0,0,0,0,0,0,0,0
011250107042091,0,0,0,0,0,0,0,0,0,0,0,0,0,0,0,0,0,0,0,0,0,0,0,0,0,0,0,0,0,0,0,0
011250107042090,0,0,0,0,0,0,0,0,0,0,0,0,0,0,0,0,0,0,0,0,0,0,0,0,0,0,0,0,0,0,0,0
011250107042089,0,0,0,0,0,0,0,0,0,0,0,0,0,0,0,0,0,0,0,0,0,0,0,0,0,0,0,0,0,0,0,0
011250107042088,0,0,0,0,0,0,0,0,0,0,0,0,0,0,0,0,0,0,0,0,0,0,0,0,0,0,0,0,0,0,0,0
011250107042087,0,0,0,0,0,0,0,0,0,0,0,0,0,0,0,0,0,0,0,0,0,0,0,0,0,0,0,0,0,0,0,0
011250107042086,0,0,0,0,0,0,0,0,0,0,0,0,0,0,0,0,0,0,0,0,0,0,0,0,0,0,0,0,0,0,0,0
011250107042085,7,0,6,3,2,0,0,0,0,0,0,0,0,0,0,2,0,0,0,0,0,0,0,0,0,0,0,0,0,0,0,0
011250107042084,8,0,9,8,0,0,0,0,0,0,0,0,0,0,0,0,6,0,7,5,0,0,0,0,0,0,0,0,0,0,0,0
011250107042083,3,0,0,0,0,0,0,0,0,0,0,0,0,0,0,0,3,0,0,0,0,0,0,0,0,0,0,0,0,0,0,0
011250107042082,0,0,0,0,0,0,0,0,0,0,0,0,0,0,0,0,0,0,0,0,0,0,0,0,0,0,0,0,0,0,0,0
011250107042081,6,0,6,7,0,0,0,0,0,0,0,0,0,0,0,0,5,0,6,6,0,0,0,0,0,0,0,0,0,0,0,0
011250107042080,7,0,8,9,0,0,0,0,0,0,0,0,0,0,0,0,7,0,7,8,0,0,0,0,0,0,0,0,0,0,0,0
011250107042079,0,0,0,0,0,0,0,0,0,0,0,0,0,0,0,0,0,0,0,0,0,0,0,0,0,0,0,0,0,0,0,0
011250107042078,0,0,0,0,0,0,0,0,0,0,0,0,0,0,0,0,0,0,0,0,0,0,0,0,0,0,0,0,0,0,0,0
011250107042077,29,0,29,32,0,0,0,0,0,0,0,0,0,0,0,0,18,0,19,21,0,0,0,0,0,0,0,0,0,0,0,0
011250107042076,0,0,0,0,0,0,0,0,0,0,0,0,0,0,0,0,0,0,0,0,0,0,0,0,0,0,0,0,0,0,0,0
011250107042075,0,0,0,0,0,0,0,0,0,0,0,0,0,0,0,0,0,0,0,0,0,0,0,0,0,0,0,0,0,0,0,0
011250107042074,0,0,0,0,0,0,0,0,0,0,0,0,0,0,0,0,0,0,0,0,0,0,0,0,0,0,0,0,0,0,0,0
011250107042073,0,0,0,0,0,0,0,0,0,0,0,0,0,0,0,0,0,0,0,0,0,0,0,0,0,0,0,0,0,0,0,0
011250107042072,7,0,6,5,0,0,0,0,0,0,0,0,0,0,0,0,4,0,5,5,0,0,0,0,0,0,0,0,0,0,0,0
011250107042071,19,0,20,22,0,0,0,0,0,0,0,0,0,0,0,0,14,0,15,16,0,0,0,0,0,0,0,0,0,0,0,0
011250107042070,0,0,0,0,0,0,0,0,0,0,0,0,0,0,0,0,0,0,0,0,0,0,0,0,0,0,0,0,0,0,0,0
011250107042068,0,0,0,0,0,0,0,0,0,0,0,0,0,0,0,0,0,0,0,0,0,0,0,0,0,0,0,0,0,0,0,0
011250107042067,2,0,2,2,0,0,0,0,0,0,0,0,0,0,0,0,2,0,2,2,0,0,0,0,0,0,0,0,0,0,0,0
011250107042066,6,0,6,7,0,0,0,0,0,0,0,0,0,0,0,0,3,0,4,4,0,0,0,0,0,0,0,0,0,0,0,0
011250107042065,0,0,0,0,0,0,0,0,0,0,0,0,0,0,0,0,0,0,0,0,0,0,0,0,0,0,0,0,0,0,0,0
011250107042064,0,0,0,0,0,0,0,0,0,0,0,0,0,0,0,0,0,0,0,0,0,0,0,0,0,0,0,0,0,0,0,0
011250107042062,0,0,0,0,0,0,0,0,0,0,0,0,0,0,0,0,0,0,0,0,0,0,0,0,0,0,0,0,0,0,0,0
011250107042061,0,0,0,0,0,0,0,0,0,0,0,0,0,0,0,0,0,0,0,0,0,0,0,0,0,0,0,0,0,0,0,0
011250107042060,0,0,0,0,0,0,0,0,0,0,0,0,0,0,0,0,0,0,0,0,0,0,0,0,0,0,0,0,0,0,0,0
011250107042059,0,0,0,0,0,0,0,0,0,0,0,0,0,0,0,0,0,0,0,0,0,0,0,0,0,0,0,0,0,0,0,0
011250107042058,0,0,0,0,0,0,0,0,0,0,0,0,0,0,0,0,0,0,0,0,0,0,0,0,0,0,0,0,0,0,0,0
011250107042057,0,0,0,0,0,0,0,0,0,0,0,0,0,0,0,0,0,0,0,0,0,0,0,0,0,0,0,0,0,0,0,0
011250107042056,15,0,12,11,1,0,0,0,0,0,0,0,0,0,0,1,5,0,3,3,0,0,0,0,0,0,0,0,0,0,0,0
011250107042054,0,0,0,0,0,0,0,0,0,0,0,0,0,0,0,0,0,0,0,0,0,0,0,0,0,0,0,0,0,0,0,0
011250107042046,0,0,0,0,0,0,0,0,0,0,0,0,0,0,0,0,0,0,0,0,0,0,0,0,0,0,0,0,0,0,0,0
011250107042045,0,0,0,0,0,0,0,0,0,0,0,0,0,0,0,0,0,0,0,0,0,0,0,0,0,0,0,0,0,0,0,0
011250107042044,0,0,0,0,0,0,0,0,0,0,0,0,0,0,0,0,0,0,0,0,0,0,0,0,0,0,0,0,0,0,0,0
011250107042043,0,0,0,0,0,0,0,0,0,0,0,0,0,0,0,0,0,0,0,0,0,0,0,0,0,0,0,0,0,0,0,0
011250107042042,0,0,0,0,0,0,0,0,0,0,0,0,0,0,0,0,0,0,0,0,0,0,0,0,0,0,0,0,0,0,0,0
011250107042040,52,0,48,46,4,0,0,0,0,0,0,0,0,0,0,4,28,0,26,29,0,0,0,0,0,0,0,0,0,0,0,0
011250107042039,0,0,0,0,0,0,0,0,0,0,0,0,0,0,0,0,0,0,0,0,0,0,0,0,0,0,0,0,0,0,0,0
011250107042038,0,0,0,0,0,0,0,0,0,0,0,0,0,0,0,0,0,0,0,0,0,0,0,0,0,0,0,0,0,0,0,0
011250107042036,7,0,7,4,2,0,0,0,0,0,0,0,0,0,0,2,3,0,4,4,0,0,0,0,0,0,0,0,0,0,0,0
011250107042032,0,0,0,0,0,0,0,0,0,0,0,0,0,0,0,0,0,0,0,0,0,0,0,0,0,0,0,0,0,0,0,0
011250107042028,19,0,18,19,1,0,0,0,0,0,0,0,0,0,0,1,11,0,9,10,0,0,0,0,0,0,0,0,0,0,0,0
011250107042026,14,0,12,8,0,0,0,0,0,0,0,0,0,0,0,0,10,0,10,7,0,0,0,0,0,0,0,0,0,0,0,0
011250107042023,0,0,0,0,0,0,0,0,0,0,0,0,0,0,0,0,0,0,0,0,0,0,0,0,0,0,0,0,0,0,0,0
011250107042016,4,0,4,3,0,0,0,0,0,0,0,0,0,0,0,1,1,0,1,1,0,0,0,0,0,0,0,0,0,0,0,0
011250107042014,0,0,0,0,0,0,0,0,0,0,0,0,0,0,0,0,0,0,0,0,0,0,0,0,0,0,0,0,0,0,0,0
011250107042013,0,0,0,0,0,0,0,0,0,0,0,0,0,0,0,0,0,0,0,0,0,0,0,0,0,0,0,0,0,0,0,0
011250107042012,0,0,0,0,0,0,0,0,0,0,0,0,0,0,0,0,0,0,0,0,0,0,0,0,0,0,0,0,0,0,0,0
011250107042011,0,0,0,0,0,0,0,0,0,0,0,0,0,0,0,0,0,0,0,0,0,0,0,0,0,0,0,0,0,0,0,0
011250107042010,0,0,0,0,0,0,0,0,0,0,0,0,0,0,0,0,0,0,0,0,0,0,0,0,0,0,0,0,0,0,0,0
011250107042009,23,0,21,23,0,0,0,0,0,0,0,0,0,0,0,0,18,0,19,21,0,0,0,0,0,0,0,0,0,0,0,0
011250107042006,0,0,0,0,0,0,0,0,0,0,0,0,0,0,0,0,0,0,0,0,0,0,0,0,0,0,0,0,0,0,0,0
011250107042005,0,0,0,0,0,0,0,0,0,0,0,0,0,0,0,0,0,0,0,0,0,0,0,0,0,0,0,0,0,0,0,0
011250107042001,0,0,0,0,0,0,0,0,0,0,0,0,0,0,0,0,0,0,0,0,0,0,0,0,0,0,0,0,0,0,0,0
011250107042000,0,0,0,0,0,0,0,0,0,0,0,0,0,0,0,0,0,0,0,0,0,0,0,0,0,0,0,0,0,0,0,0
011250107041041,0,0,0,0,0,0,0,0,0,0,0,0,0,0,0,0,0,0,0,0,0,0,0,0,0,0,0,0,0,0,0,0
011250107041040,2,0,2,0,1,0,0,0,0,0,0,0,0,0,0,1,1,0,1,0,0,0,0,0,0,0,0,0,0,0,0,0
011250107041030,0,0,0,0,0,0,0,0,0,0,0,0,0,0,0,0,0,0,0,0,0,0,0,0,0,0,0,0,0,0,0,0
011250107041029,0,0,0,0,0,0,0,0,0,0,0,0,0,0,0,0,0,0,0,0,0,0,0,0,0,0,0,0,0,0,0,0
011250107041028,0,0,0,0,0,0,0,0,0,0,0,0,0,0,0,0,0,0,0,0,0,0,0,0,0,0,0,0,0,0,0,0
011250107041025,0,0,0,0,0,0,0,0,0,0,0,0,0,0,0,0,0,0,0,0,0,0,0,0,0,0,0,0,0,0,0,0
011250107041012,4,0,4,0,3,0,0,0,0,0,0,0,0,0,0,3,0,0,0,0,0,0,0,0,0,0,0,0,0,0,0,0
011250107041004,7,0,7,7,1,0,0,0,0,0,0,0,0,0,0,1,0,0,0,0,0,0,0,0,0,0,0,0,0,0,0,0
011250107032102,0,0,0,0,0,0,0,0,0,0,0,0,0,0,0,0,0,0,0,0,0,0,0,0,0,0,0,0,0,0,0,0
011250107032101,0,0,0,0,0,0,0,0,0,0,0,0,0,0,0,0,0,0,0,0,0,0,0,0,0,0,0,0,0,0,0,0
011250107032100,35,10,26,25,1,0,0,0,0,0,0,0,0,0,0,1,23,3,20,21,0,0,0,0,1,0,0,0,0,0,0,0
011250107032099,0,0,0,0,0,0,0,0,0,0,0,0,0,0,0,0,0,0,0,0,0,0,0,0,0,0,0,0,0,0,0,0
011250107032098,22,14,14,14,0,0,0,0,0,0,0,0,0,0,0,0,12,0,12,11,0,0,0,0,1,0,0,0,0,0,0,0
011250107032097,15,14,9,7,0,0,0,0,0,0,1,0,0,1,0,0,11,2,9,8,0,0,0,0,0,0,0,0,0,1,0,0
011250107032096,0,0,0,0,0,0,0,0,0,0,0,0,0,0,0,0,0,0,0,0,0,0,0,0,0,0,0,0,0,0,0,0
011250107032095,9,4,6,6,0,0,0,0,0,0,0,0,0,0,0,0,7,1,6,6,0,0,0,0,0,0,0,0,0,0,0,0
011250107032094,0,0,0,0,0,0,0,0,0,0,0,0,0,0,0,0,0,0,0,0,0,0,0,0,0,0,0,0,0,0,0,0
011250107032092,3,0,3,1,1,0,0,0,0,0,0,0,0,0,0,1,1,0,1,1,0,0,0,0,0,0,0,0,0,0,0,0
011250107032091,0,0,0,0,0,0,0,0,0,0,0,0,0,0,0,0,0,0,0,0,0,0,0,0,0,0,0,0,0,0,0,0
011250107032090,0,0,0,0,0,0,0,0,0,0,0,0,0,0,0,0,0,0,0,0,0,0,0,0,0,0,0,0,0,0,0,0
011250107032089,0,0,0,0,0,0,0,0,0,0,0,0,0,0,0,0,0,0,0,0,0,0,0,0,0,0,0,0,0,0,0,0
011250107032088,0,0,0,0,0,0,0,0,0,0,0,0,0,0,0,0,0,0,0,0,0,0,0,0,0,0,0,0,0,0,0,0
011250107032087,0,0,0,0,0,0,0,0,0,0,0,0,0,0,0,0,0,0,0,0,0,0,0,0,0,0,0,0,0,0,0,0
011250107032084,23,17,14,15,0,0,0,0,0,0,0,0,0,0,0,0,15,2,13,15,0,0,0,0,0,0,0,0,0,0,0,0
011250107032082,12,14,6,5,0,0,0,0,0,4,0,0,0,0,0,1,7,5,3,3,0,0,0,0,0,0,0,0,0,0,0,0
011250107032079,0,0,0,0,0,0,0,0,0,0,0,0,0,0,0,0,0,0,0,0,0,0,0,0,0,0,0,0,0,0,0,0
011250107032078,0,0,0,0,0,0,0,0,0,0,0,0,0,0,0,0,0,0,0,0,0,0,0,0,0,0,0,0,0,0,0,0
011250107032077,0,0,0,0,0,0,0,0,0,0,0,0,0,0,0,0,0,0,0,0,0,0,0,0,0,0,0,0,0,0,0,0
011250107032076,0,0,0,0,0,0,0,0,0,0,0,0,0,0,0,0,0,0,0,0,0,0,0,0,0,0,0,0,0,0,0,0
011250107032075,0,0,0,0,0,0,0,0,0,0,0,0,0,0,0,0,0,0,0,0,0,0,0,0,0,0,0,0,0,0,0,0
011250107032074,0,0,0,0,0,0,0,0,0,0,0,0,0,0,0,0,0,0,0,0,0,0,0,0,0,0,0,0,0,0,0,0
011250107032071,6,3,4,3,0,0,0,0,0,3,0,0,0,0,0,1,0,0,0,0,0,0,0,0,0,0,0,0,0,0,0,0
011250107032070,21,17,13,9,1,0,0,0,0,0,2,0,0,1,0,1,9,0,9,6,0,0,0,0,0,0,2,0,0,2,0,0
011250107032069,0,0,0,0,0,0,0,0,0,0,0,0,0,0,0,0,0,0,0,0,0,0,0,0,0,0,0,0,0,0,0,0
011250107032068,0,0,0,0,0,0,0,0,0,0,0,0,0,0,0,0,0,0,0,0,0,0,0,0,0,0,0,0,0,0,0,0
011250107032067,2,0,2,2,0,0,0,0,0,0,0,0,0,0,0,0,2,0,2,2,0,0,0,0,0,0,0,0,0,0,0,0
011250107032066,0,0,0,0,0,0,0,0,0,0,0,0,0,0,0,0,0,0,0,0,0,0,0,0,0,0,0,0,0,0,0,0
011250107032065,0,0,0,0,0,0,0,0,0,0,0,0,0,0,0,0,0,0,0,0,0,0,0,0,0,0,0,0,0,0,0,0
011250107032064,0,0,0,0,0,0,0,0,0,0,0,0,0,0,0,0,0,0,0,0,0,0,0,0,0,0,0,0,0,0,0,0
011250107032063,37,0,30,31,0,0,0,0,0,0,0,0,0,0,0,0,27,0,27,29,0,0,0,0,0,0,0,0,0,0,0,0
011250107032062,47,3,38,38,0,0,0,0,0,0,0,0,0,0,0,0,31,1,30,32,0,0,0,0,0,0,0,0,0,0,0,0
011250107032061,6,0,4,3,1,0,0,0,0,0,0,0,0,0,0,1,3,0,3,3,0,0,0,0,0,0,0,0,0,0,0,0
011250107032059,9,14,4,3,0,0,0,0,0,0,0,0,0,0,0,0,5,4,1,1,0,0,0,0,0,0,0,0,0,0,0,0
011250107032057,12,0,10,8,0,0,0,0,0,7,0,0,0,0,0,1,7,0,7,7,0,0,0,0,0,0,0,0,0,0,0,0
011250107032055,0,0,0,0,0,0,0,0,0,0,0,0,0,0,0,0,0,0,0,0,0,0,0,0,0,0,0,0,0,0,0,0
011250107032054,0,0,0,0,0,0,0,0,0,0,0,0,0,0,0,0,0,0,0,0,0,0,0,0,0,0,0,0,0,0,0,0
011250107032053,0,0,0,0,0,0,0,0,0,0,0,0,0,0,0,0,0,0,0,0,0,0,0,0,0,0,0,0,0,0,0,0
011250107032052,3,0,3,3,0,0,0,0,0,0,0,0,0,0,0,0,3,0,3,3,0,0,0,0,0,0,0,0,0,0,0,0
011250107032051,0,0,0,0,0,0,0,0,0,0,0,0,0,0,0,0,0,0,0,0,0,0,0,0,0,0,0,0,0,0,0,0
011250107032050,0,0,0,0,0,0,0,0,0,0,0,0,0,0,0,0,0,0,0,0,0,0,0,0,0,0,0,0,0,0,0,0
011250107032049,0,0,0,0,0,0,0,0,0,0,0,0,0,0,0,0,0,0,0,0,0,0,0,0,0,0,0,0,0,0,0,0
011250107032048,0,0,0,0,0,0,0,0,0,0,0,0,0,0,0,0,0,0,0,0,0,0,0,0,0,0,0,0,0,0,0,0
011250107032047,0,0,0,0,0,0,0,0,0,0,0,0,0,0,0,0,0,0,0,0,0,0,0,0,0,0,0,0,0,0,0,0
011250107032046,0,0,0,0,0,0,0,0,0,0,0,0,0,0,0,0,0,0,0,0,0,0,0,0,0,0,0,0,0,0,0,0
011250107032045,0,0,0,0,0,0,0,0,0,0,0,0,0,0,0,0,0,0,0,0,0,0,0,0,0,0,0,0,0,0,0,0
011250107032044,0,0,0,0,0,0,0,0,0,0,0,0,0,0,0,0,0,0,0,0,0,0,0,0,0,0,0,0,0,0,0,0
011250107032042,8,10,4,4,0,0,0,0,0,0,0,0,0,0,0,0,3,3,0,0,0,0,0,0,0,0,0,0,0,0,0,0
011250107032041,2,3,1,1,0,0,0,0,0,0,0,0,0,0,0,0,1,1,0,0,0,0,0,0,0,0,0,0,0,0,0,0
011250107032040,0,0,0,0,0,0,0,0,0,0,0,0,0,0,0,0,0,0,0,0,0,0,0,0,0,0,0,0,0,0,0,0
011250107032039,0,0,0,0,0,0,0,0,0,0,0,0,0,0,0,0,0,0,0,0,0,0,0,0,0,0,0,0,0,0,0,0
011250107032038,0,0,0,0,0,0,0,0,0,0,0,0,0,0,0,0,0,0,0,0,0,0,0,0,0,0,0,0,0,0,0,0
011250107032037,0,0,0,0,0,0,0,0,0,0,0,0,0,0,0,0,0,0,0,0,0,0,0,0,0,0,0,0,0,0,0,0
011250107032035,0,0,0,0,0,0,0,0,0,0,0,0,0,0,0,0,0,0,0,0,0,0,0,0,0,0,0,0,0,0,0,0
011250107032034,0,0,0,0,0,0,0,0,0,0,0,0,0,0,0,0,0,0,0,0,0,0,0,0,0,0,0,0,0,0,0,0
011250107032032,0,0,0,0,0,0,0,0,0,0,0,0,0,0,0,0,0,0,0,0,0,0,0,0,0,0,0,0,0,0,0,0
011250107032031,0,0,0,0,0,0,0,0,0,0,0,0,0,0,0,0,0,0,0,0,0,0,0,0,0,0,0,0,0,0,0,0
011250107032029,27,0,22,23,0,0,0,0,0,0,0,0,0,0,0,0,21,0,21,23,0,0,0,0,0,0,0,0,0,0,0,0
011250107032028,8,0,6,6,0,0,0,0,0,0,0,0,0,0,0,0,4,0,4,4,0,0,0,0,0,0,0,0,0,0,0,0
011250107032026,67,0,55,55,0,0,0,0,0,0,0,0,0,0,0,0,43,0,43,45,0,0,0,0,0,0,0,0,0,0,0,0
011250107032025,7,0,5,5,0,0,0,0,0,0,0,0,0,0,0,0,5,0,5,5,0,0,0,0,0,0,0,0,0,0,0,0
011250107032024,0,0,0,0,0,0,0,0,0,0,0,0,0,0,0,0,0,0,0,0,0,0,0,0,0,0,0,0,0,0,0,0
011250107032023,0,0,0,0,0,0,0,0,0,0,0,0,0,0,0,0,0,0,0,0,0,0,0,0,0,0,0,0,0,0,0,0
011250107032022,0,0,0,0,0,0,0,0,0,0,0,0,0,0,0,0,0,0,0,0,0,0,0,0,0,0,0,0,0,0,0,0
011250107032021,14,0,12,10,0,0,0,0,1,0,0,0,0,0,0,0,12,0,12,11,0,0,0,0,0,0,0,0,0,0,0,0
011250107032020,0,0,0,0,0,0,0,0,0,0,0,0,0,0,0,0,0,0,0,0,0,0,0,0,0,0,0,0,0,0,0,0
011250107032019,0,0,0,0,0,0,0,0,0,0,0,0,0,0,0,0,0,0,0,0,0,0,0,0,0,0,0,0,0,0,0,0
011250107032018,0,0,0,0,0,0,0,0,0,0,0,0,0,0,0,0,0,0,0,0,0,0,0,0,0,0,0,0,0,0,0,0
011250107032017,0,0,0,0,0,0,0,0,0,0,0,0,0,0,0,0,0,0,0,0,0,0,0,0,0,0,0,0,0,0,0,0
011250107032016,0,0,0,0,0,0,0,0,0,0,0,0,0,0,0,0,0,0,0,0,0,0,0,0,0,0,0,0,0,0,0,0
011250107032015,0,0,0,0,0,0,0,0,0,0,0,0,0,0,0,0,0,0,0,0,0,0,0,0,0,0,0,0,0,0,0,0
011250107032014,0,0,0,0,0,0,0,0,0,0,0,0,0,0,0,0,0,0,0,0,0,0,0,0,0,0,0,0,0,0,0,0
011250107032013,0,0,0,0,0,0,0,0,0,0,0,0,0,0,0,0,0,0,0,0,0,0,0,0,0,0,0,0,0,0,0,0
011250107032012,0,0,0,0,0,0,0,0,0,0,0,0,0,0,0,0,0,0,0,0,0,0,0,0,0,0,0,0,0,0,0,0
011250107032011,0,0,0,0,0,0,0,0,0,0,0,0,0,0,0,0,0,0,0,0,0,0,0,0,0,0,0,0,0,0,0,0
011250107032010,0,0,0,0,0,0,0,0,0,0,0,0,0,0,0,0,0,0,0,0,0,0,0,0,0,0,0,0,0,0,0,0
011250107032009,0,0,0,0,0,0,0,0,0,0,0,0,0,0,0,0,0,0,0,0,0,0,0,0,0,0,0,0,0,0,0,0
011250107032008,26,0,22,18,0,0,0,0,0,0,1,0,0,1,0,0,13,0,13,15,0,0,0,0,0,0,0,0,0,0,0,0
011250107032007,3,3,2,2,0,0,0,0,0,0,0,0,0,0,0,0,0,0,0,0,0,0,0,0,0,0,0,0,0,0,0,0
011250107032006,14,0,12,9,0,0,0,0,0,0,0,0,0,1,0,0,12,0,12,10,0,0,0,0,0,0,1,0,0,1,0,0
011250107032005,0,0,0,0,0,0,0,0,0,0,0,0,0,0,0,0,0,0,0,0,0,0,0,0,0,0,0,0,0,0,0,0
011250107032004,0,0,0,0,0,0,0,0,0,0,0,0,0,0,0,0,0,0,0,0,0,0,0,0,0,0,0,0,0,0,0,0
011250107032003,11,17,4,3,0,0,0,0,0,0,0,0,0,0,0,0,5,0,5,3,0,0,0,0,0,0,1,0,0,0,0,0
011250107032002,16,0,13,12,0,0,0,0,1,0,0,0,0,0,0,0,10,0,10,8,0,0,0,0,1,0,0,0,0,0,0,0
011250107032001,45,0,37,36,0,0,0,0,0,0,1,0,0,1,0,0,27,0,27,27,0,0,0,0,0,0,2,0,0,1,0,0
011250107031160,0,0,0,0,0,0,0,0,0,0,0,0,0,0,0,0,0,0,0,0,0,0,0,0,0,0,0,0,0,0,0,0
011250107031159,0,0,0,0,0,0,0,0,0,0,0,0,0,0,0,0,0,0,0,0,0,0,0,0,0,0,0,0,0,0,0,0
011250107031158,0,0,0,0,0,0,0,0,0,0,0,0,0,0,0,0,0,0,0,0,0,0,0,0,0,0,0,0,0,0,0,0
011250107031157,0,0,0,0,0,0,0,0,0,0,0,0,0,0,0,0,0,0,0,0,0,0,0,0,0,0,0,0,0,0,0,0
011250107031156,0,0,0,0,0,0,0,0,0,0,0,0,0,0,0,0,0,0,0,0,0,0,0,0,0,0,0,0,0,0,0,0
011250107031154,9,0,9,9,0,0,0,0,0,0,0,0,0,0,0,0,6,0,6,5,0,0,0,0,0,0,0,0,0,0,0,0
011250107031153,1,0,0,0,0,0,0,0,0,0,0,0,0,0,0,0,0,0,0,0,0,0,0,0,0,0,0,0,0,0,0,0
011250107031152,3,0,3,4,0,0,0,0,0,0,0,0,0,0,0,0,3,0,4,4,0,0,0,0,0,0,0,0,0,0,0,0
011250107031151,0,0,0,0,0,0,0,0,0,0,0,0,0,0,0,0,0,0,0,0,0,0,0,0,0,0,0,0,0,0,0,0
011250107031149,4,0,3,3,0,0,0,0,0,0,0,0,0,0,0,0,3,0,3,3,0,0,0,0,0,0,0,0,0,0,0,0
011250107031148,1,0,0,0,0,0,0,0,0,0,0,0,0,0,0,0,1,0,0,0,0,0,0,0,0,0,0,0,0,0,0,0
011250107031147,6,0,5,5,0,0,0,0,0,0,0,0,0,0,0,0,6,0,5,5,0,0,0,0,0,0,0,0,0,0,0,0
011250107031146,39,0,41,42,1,0,0,0,0,0,0,0,0,0,0,1,35,0,36,37,0,0,0,0,0,0,0,0,0,0,0,0
011250107031144,0,0,0,0,0,0,0,0,0,0,0,0,0,0,0,0,0,0,0,0,0,0,0,0,0,0,0,0,0,0,0,0
011250107031143,0,0,0,0,0,0,0,0,0,0,0,0,0,0,0,0,0,0,0,0,0,0,0,0,0,0,0,0,0,0,0,0
011250107031142,0,0,0,0,0,0,0,0,0,0,0,0,0,0,0,0,0,0,0,0,0,0,0,0,0,0,0,0,0,0,0,0
011250107031141,0,0,0,0,0,0,0,0,0,0,0,0,0,0,0,0,0,0,0,0,0,0,0,0,0,0,0,0,0,0,0,0
011250107031140,0,0,0,0,0,0,0,0,0,0,0,0,0,0,0,0,0,0,0,0,0,0,0,0,0,0,0,0,0,0,0,0
011250107031139,15,0,16,17,0,0,0,0,0,0,0,0,0,0,0,0,14,0,14,15,0,0,0,0,0,0,0,0,0,0,0,0
011250107031138,1,0,1,1,0,0,0,0,0,0,0,0,0,0,0,0,1,0,1,1,0,0,0,0,0,0,0,0,0,0,0,0
011250107031137,9,0,9,10,0,0,0,0,0,0,0,0,0,0,0,0,6,0,6,6,0,0,0,0,0,0,0,0,0,0,0,0
011250107031134,6,0,7,5,0,0,0,0,0,0,0,0,0,0,0,0,6,0,6,5,0,0,0,0,0,0,0,0,0,0,0,0
011250107031133,9,0,8,8,0,0,0,0,0,0,0,0,0,0,0,0,10,0,9,8,0,0,0,0,0,0,0,0,0,0,0,0
011250107031132,0,0,0,0,0,0,0,0,0,0,0,0,0,0,0,0,0,0,0,0,0,0,0,0,0,0,0,0,0,0,0,0
011250107031131,14,0,12,12,0,0,0,0,0,0,0,0,0,0,0,0,14,0,12,11,0,0,0,0,0,0,0,0,0,0,0,0
011250107031130,21,0,22,21,0,0,0,0,0,0,0,0,0,0,0,0,17,0,18,15,0,0,0,0,0,0,0,0,0,0,0,0
011250107031129,0,0,0,0,0,0,0,0,0,0,0,0,0,0,0,0,0,0,0,0,0,0,0,0,0,0,0,0,0,0,0,0
011250107031128,0,0,0,0,0,0,0,0,0,0,0,0,0,0,0,0,0,0,0,0,0,0,0,0,0,0,0,0,0,0,0,0
011250107031127,57,0,59,62,0,0,0,0,0,0,0,0,0,0,0,0,48,0,50,50,0,0,0,0,0,0,0,0,0,0,0,0
011250107031125,11,0,12,12,0,0,0,0,0,0,0,0,0,0,0,0,7,0,7,7,0,0,0,0,0,0,0,0,0,0,0,0
011250107031124,0,0,0,0,0,0,0,0,0,0,0,0,0,0,0,0,0,0,0,0,0,0,0,0,0,0,0,0,0,0,0,0
011250107031123,9,0,9,7,2,0,0,0,0,0,0,0,0,0,0,2,6,0,6,6,0,0,0,0,0,0,0,0,0,0,0,0
011250107031122,0,0,0,0,0,0,0,0,0,0,0,0,0,0,0,0,0,0,0,0,0,0,0,0,0,0,0,0,0,0,0,0
011250107031121,2,0,2,1,0,0,0,0,0,0,0,0,0,0,0,0,2,0,2,1,0,0,0,0,0,0,0,0,0,0,0,0
011250107031120,5,0,5,5,0,0,0,0,0,0,0,0,0,0,0,0,4,0,5,5,0,0,0,0,0,0,0,0,0,0,0,0
011250107031118,2,0,2,1,0,0,0,0,0,0,0,0,0,0,0,0,2,0,2,1,0,0,0,0,0,0,0,0,0,0,0,0
011250107031117,81,0,79,81,0,0,0,0,0,0,1,0,0,1,0,0,66,0,69,67,0,0,0,0,0,0,1,0,0,1,0,0
011250107031116,3,0,3,4,0,0,0,0,0,0,0,0,0,0,0,0,3,0,4,4,0,0,0,0,0,0,0,0,0,0,0,0
011250107031115,0,0,0,0,0,0,0,0,0,0,0,0,0,0,0,0,0,0,0,0,0,0,0,0,0,0,0,0,0,0,0,0
011250107031114,0,0,0,0,0,0,0,0,0,0,0,0,0,0,0,0,0,0,0,0,0,0,0,0,0,0,0,0,0,0,0,0
011250107031113,16,0,16,16,0,0,0,0,0,0,0,0,0,0,0,0,8,0,8,8,0,0,0,0,0,0,0,0,0,0,0,0
011250107031111,0,0,0,0,0,0,0,0,0,0,0,0,0,0,0,0,0,0,0,0,0,0,0,0,0,0,0,0,0,0,0,0
011250107031110,0,0,0,0,0,0,0,0,0,0,0,0,0,0,0,0,0,0,0,0,0,0,0,0,0,0,0,0,0,0,0,0
011250107031108,0,0,0,0,0,0,0,0,0,0,0,0,0,0,0,0,0,0,0,0,0,0,0,0,0,0,0,0,0,0,0,0
011250107031107,0,0,0,0,0,0,0,0,0,0,0,0,0,0,0,0,0,0,0,0,0,0,0,0,0,0,0,0,0,0,0,0
011250107031106,0,0,0,0,0,0,0,0,0,0,0,0,0,0,0,0,0,0,0,0,0,0,0,0,0,0,0,0,0,0,0,0
011250107031105,0,0,0,0,0,0,0,0,0,0,0,0,0,0,0,0,0,0,0,0,0,0,0,0,0,0,0,0,0,0,0,0
011250107031104,0,0,0,0,0,0,0,0,0,0,0,0,0,0,0,0,0,0,0,0,0,0,0,0,0,0,0,0,0,0,0,0
011250107031103,0,0,0,0,0,0,0,0,0,0,0,0,0,0,0,0,0,0,0,0,0,0,0,0,0,0,0,0,0,0,0,0
011250107031102,0,0,0,0,0,0,0,0,0,0,0,0,0,0,0,0,0,0,0,0,0,0,0,0,0,0,0,0,0,0,0,0
011250107031101,0,0,0,0,0,0,0,0,0,0,0,0,0,0,0,0,0,0,0,0,0,0,0,0,0,0,0,0,0,0,0,0
011250107031100,5,0,3,2,0,0,0,0,0,0,0,0,0,0,0,0,2,0,1,1,0,0,0,0,0,0,0,0,0,0,0,0
011250107031099,0,0,0,0,0,0,0,0,0,0,0,0,0,0,0,0,0,0,0,0,0,0,0,0,0,0,0,0,0,0,0,0
011250107031098,0,0,0,0,0,0,0,0,0,0,0,0,0,0,0,0,0,0,0,0,0,0,0,0,0,0,0,0,0,0,0,0
011250107031097,0,0,0,0,0,0,0,0,0,0,0,0,0,0,0,0,0,0,0,0,0,0,0,0,0,0,0,0,0,0,0,0
011250107031096,0,0,0,0,0,0,0,0,0,0,0,0,0,0,0,0,0,0,0,0,0,0,0,0,0,0,0,0,0,0,0,0
011250107031095,0,0,0,0,0,0,0,0,0,0,0,0,0,0,0,0,0,0,0,0,0,0,0,0,0,0,0,0,0,0,0,0
011250107031094,0,0,0,0,0,0,0,0,0,0,0,0,0,0,0,0,0,0,0,0,0,0,0,0,0,0,0,0,0,0,0,0
011250107031093,0,0,0,0,0,0,0,0,0,0,0,0,0,0,0,0,0,0,0,0,0,0,0,0,0,0,0,0,0,0,0,0
011250107031092,0,0,0,0,0,0,0,0,0,0,0,0,0,0,0,0,0,0,0,0,0,0,0,0,0,0,0,0,0,0,0,0
011250107031091,0,0,0,0,0,0,0,0,0,0,0,0,0,0,0,0,0,0,0,0,0,0,0,0,0,0,0,0,0,0,0,0
011250107031090,0,0,0,0,0,0,0,0,0,0,0,0,0,0,0,0,0,0,0,0,0,0,0,0,0,0,0,0,0,0,0,0
011250107031089,0,0,0,0,0,0,0,0,0,0,0,0,0,0,0,0,0,0,0,0,0,0,0,0,0,0,0,0,0,0,0,0
011250107031088,8,0,7,7,0,0,0,0,0,0,0,0,0,0,0,0,9,0,7,7,0,0,0,0,0,0,0,0,0,0,0,0
011250107031087,0,0,0,0,0,0,0,0,0,0,0,0,0,0,0,0,0,0,0,0,0,0,0,0,0,0,0,0,0,0,0,0
011250107031086,0,0,0,0,0,0,0,0,0,0,0,0,0,0,0,0,0,0,0,0,0,0,0,0,0,0,0,0,0,0,0,0
011250107031085,0,0,0,0,0,0,0,0,0,0,0,0,0,0,0,0,0,0,0,0,0,0,0,0,0,0,0,0,0,0,0,0
011250107031084,0,0,0,0,0,0,0,0,0,0,0,0,0,0,0,0,0,0,0,0,0,0,0,0,0,0,0,0,0,0,0,0
011250107031083,0,0,0,0,0,0,0,0,0,0,0,0,0,0,0,0,0,0,0,0,0,0,0,0,0,0,0,0,0,0,0,0
011250107031082,6,0,7,7,0,0,0,0,0,0,0,0,0,0,0,0,2,0,2,2,0,0,0,0,0,0,0,0,0,0,0,0
011250107031077,0,0,0,0,0,0,0,0,0,0,0,0,0,0,0,0,0,0,0,0,0,0,0,0,0,0,0,0,0,0,0,0
011250107031076,9,0,6,1,2,0,0,0,0,0,0,0,0,0,0,4,5,0,2,1,0,0,0,0,0,0,0,0,0,0,0,0
011250107031074,32,0,34,36,0,0,0,0,0,0,0,0,0,0,0,0,20,0,21,21,0,0,0,0,0,0,0,0,0,0,0,0
011250107031073,0,0,0,0,0,0,0,0,0,0,0,0,0,0,0,0,0,0,0,0,0,0,0,0,0,0,0,0,0,0,0,0
011250107031070,0,0,0,0,0,0,0,0,0,0,0,0,0,0,0,0,0,0,0,0,0,0,0,0,0,0,0,0,0,0,0,0
011250107031069,0,0,0,0,0,0,0,0,0,0,0,0,0,0,0,0,0,0,0,0,0,0,0,0,0,0,0,0,0,0,0,0
011250107031067,0,0,0,0,0,0,0,0,0,0,0,0,0,0,0,0,0,0,0,0,0,0,0,0,0,0,0,0,0,0,0,0
011250107031066,0,0,0,0,0,0,0,0,0,0,0,0,0,0,0,0,0,0,0,0,0,0,0,0,0,0,0,0,0,0,0,0
011250107031065,13,0,13,14,0,0,0,0,0,0,0,0,0,0,0,0,14,0,14,15,0,0,0,0,0,0,0,0,0,0,0,0
011250107031064,0,0,0,0,0,0,0,0,0,0,0,0,0,0,0,0,0,0,0,0,0,0,0,0,0,0,0,0,0,0,0,0
011250107031063,0,0,0,0,0,0,0,0,0,0,0,0,0,0,0,0,0,0,0,0,0,0,0,0,0,0,0,0,0,0,0,0
011250107031062,0,0,0,0,0,0,0,0,0,0,0,0,0,0,0,0,0,0,0,0,0,0,0,0,0,0,0,0,0,0,0,0
011250107031060,27,0,28,23,1,0,0,0,0,0,0,0,0,0,0,6,18,0,19,19,0,0,0,0,0,0,0,0,0,0,0,0
011250107031056,92,0,93,93,2,0,0,0,0,0,0,0,0,0,0,2,73,0,76,73,0,0,0,0,0,0,1,0,0,1,0,0
011250107031053,2,0,0,0,0,0,0,0,0,0,0,0,0,0,0,0,2,0,0,0,0,0,0,0,0,0,0,0,0,0,0,0
011250107031052,0,0,0,0,0,0,0,0,0,0,0,0,0,0,0,0,0,0,0,0,0,0,0,0,0,0,0,0,0,0,0,0
011250107031046,0,0,0,0,0,0,0,0,0,0,0,0,0,0,0,0,0,0,0,0,0,0,0,0,0,0,0,0,0,0,0,0
011250107031045,0,0,0,0,0,0,0,0,0,0,0,0,0,0,0,0,0,0,0,0,0,0,0,0,0,0,0,0,0,0,0,0
011250107031044,0,0,0,0,0,0,0,0,0,0,0,0,0,0,0,0,0,0,0,0,0,0,0,0,0,0,0,0,0,0,0,0
011250107031043,0,0,0,0,0,0,0,0,0,0,0,0,0,0,0,0,0,0,0,0,0,0,0,0,0,0,0,0,0,0,0,0
011250107031041,20,0,18,18,0,0,0,0,0,0,0,0,0,0,0,0,16,0,13,13,0,0,0,0,0,0,0,0,0,0,0,0
011250107031040,8,0,8,5,2,0,0,0,0,0,0,0,0,0,0,2,5,0,5,5,0,0,0,0,0,0,0,0,0,0,0,0
011250107031039,0,0,0,0,0,0,0,0,0,0,0,0,0,0,0,0,0,0,0,0,0,0,0,0,0,0,0,0,0,0,0,0
011250107031038,2,0,3,3,0,0,0,0,0,0,0,0,0,0,0,0,2,0,2,2,0,0,0,0,0,0,0,0,0,0,0,0
011250107031037,0,0,0,0,0,0,0,0,0,0,0,0,0,0,0,0,0,0,0,0,0,0,0,0,0,0,0,0,0,0,0,0
011250107031036,0,0,0,0,0,0,0,0,0,0,0,0,0,0,0,0,0,0,0,0,0,0,0,0,0,0,0,0,0,0,0,0
011250107031035,0,0,0,0,0,0,0,0,0,0,0,0,0,0,0,0,0,0,0,0,0,0,0,0,0,0,0,0,0,0,0,0
011250107031034,0,0,0,0,0,0,0,0,0,0,0,0,0,0,0,0,0,0,0,0,0,0,0,0,0,0,0,0,0,0,0,0
011250107031033,0,0,0,0,0,0,0,0,0,0,0,0,0,0,0,0,0,0,0,0,0,0,0,0,0,0,0,0,0,0,0,0
011250107031032,18,0,19,20,0,0,0,0,0,0,0,0,0,0,0,0,19,0,19,19,0,0,0,0,0,0,0,0,0,0,0,0
011250107031030,0,0,0,0,0,0,0,0,0,0,0,0,0,0,0,0,0,0,0,0,0,0,0,0,0,0,0,0,0,0,0,0
011250107031029,6,0,4,0,1,0,0,0,0,0,0,0,0,0,0,1,4,0,4,0,0,0,0,0,0,0,0,0,0,0,0,0
011250107031028,0,0,0,0,0,0,0,0,0,0,0,0,0,0,0,0,0,0,0,0,0,0,0,0,0,0,0,0,0,0,0,0
011250107031027,0,0,0,0,0,0,0,0,0,0,0,0,0,0,0,0,0,0,0,0,0,0,0,0,0,0,0,0,0,0,0,0
011250107031025,0,0,0,0,0,0,0,0,0,0,0,0,0,0,0,0,0,0,0,0,0,0,0,0,0,0,0,0,0,0,0,0
011250107031024,0,0,0,0,0,0,0,0,0,0,0,0,0,0,0,0,0,0,0,0,0,0,0,0,0,0,0,0,0,0,0,0
011250107031023,10,0,8,9,0,0,0,0,0,0,0,0,0,0,0,0,10,0,8,8,0,0,0,0,0,0,0,0,0,0,0,0
011250107031022,0,0,0,0,0,0,0,0,0,0,0,0,0,0,0,0,0,0,0,0,0,0,0,0,0,0,0,0,0,0,0,0
011250107031021,0,0,0,0,0,0,0,0,0,0,0,0,0,0,0,0,0,0,0,0,0,0,0,0,0,0,0,0,0,0,0,0
011250107031020,0,0,0,0,0,0,0,0,0,0,0,0,0,0,0,0,0,0,0,0,0,0,0,0,0,0,0,0,0,0,0,0
011250107031019,0,0,0,0,0,0,0,0,0,0,0,0,0,0,0,0,0,0,0,0,0,0,0,0,0,0,0,0,0,0,0,0
011250107031018,0,0,0,0,0,0,0,0,0,0,0,0,0,0,0,0,0,0,0,0,0,0,0,0,0,0,0,0,0,0,0,0
011250107031017,0,0,0,0,0,0,0,0,0,0,0,0,0,0,0,0,0,0,0,0,0,0,0,0,0,0,0,0,0,0,0,0
011250107031016,0,0,0,0,0,0,0,0,0,0,0,0,0,0,0,0,0,0,0,0,0,0,0,0,0,0,0,0,0,0,0,0
011250107031015,0,0,0,0,0,0,0,0,0,0,0,0,0,0,0,0,0,0,0,0,0,0,0,0,0,0,0,0,0,0,0,0
011250107031014,0,0,0,0,0,0,0,0,0,0,0,0,0,0,0,0,0,0,0,0,0,0,0,0,0,0,0,0,0,0,0,0
011250107031013,8,0,8,6,0,0,0,0,0,0,0,0,0,0,0,0,9,0,8,6,0,0,0,0,0,0,0,0,0,0,0,0
011250107031012,16,0,15,14,1,0,0,0,0,0,0,0,0,0,0,1,9,0,8,8,0,0,0,0,0,0,0,0,0,0,0,0
011250107031011,0,0,0,0,0,0,0,0,0,0,0,0,0,0,0,0,0,0,0,0,0,0,0,0,0,0,0,0,0,0,0,0
011250107031010,1,0,1,1,0,0,0,0,0,0,0,0,0,0,0,0,1,0,1,1,0,0,0,0,0,0,0,0,0,0,0,0
011250107031009,0,0,0,0,0,0,0,0,0,0,0,0,0,0,0,0,0,0,0,0,0,0,0,0,0,0,0,0,0,0,0,0
011250107031008,0,0,0,0,0,0,0,0,0,0,0,0,0,0,0,0,0,0,0,0,0,0,0,0,0,0,0,0,0,0,0,0
011250107031007,0,0,0,0,0,0,0,0,0,0,0,0,0,0,0,0,0,0,0,0,0,0,0,0,0,0,0,0,0,0,0,0
011250107031006,14,0,14,14,0,0,0,0,0,0,0,0,0,0,0,0,4,0,4,4,0,0,0,0,0,0,0,0,0,0,0,0
011250107031005,0,0,0,0,0,0,0,0,0,0,0,0,0,0,0,0,0,0,0,0,0,0,0,0,0,0,0,0,0,0,0,0
011250107031004,0,0,0,0,0,0,0,0,0,0,0,0,0,0,0,0,0,0,0,0,0,0,0,0,0,0,0,0,0,0,0,0
011250107031003,0,0,0,0,0,0,0,0,0,0,0,0,0,0,0,0,0,0,0,0,0,0,0,0,0,0,0,0,0,0,0,0
011250107031001,4,0,4,2,0,0,0,0,0,0,0,0,0,0,0,0,3,0,4,2,0,0,0,0,0,0,0,0,0,0,0,0
011250107031000,0,0,0,0,0,0,0,0,0,0,0,0,0,0,0,0,0,0,0,0,0,0,0,0,0,0,0,0,0,0,0,0
011250106044057,5,0,3,3,0,0,0,0,0,0,0,0,0,0,0,0,4,0,3,4,0,0,0,0,0,0,0,0,0,0,0,0
011250106044056,0,0,0,0,0,0,0,0,0,0,0,0,0,0,0,0,0,0,0,0,0,0,0,0,0,0,0,0,0,0,0,0
011250106044055,0,0,0,0,0,0,0,0,0,0,0,0,0,0,0,0,0,0,0,0,0,0,0,0,0,0,0,0,0,0,0,0
011250106044054,0,0,0,0,0,0,0,0,0,0,0,0,0,0,0,0,0,0,0,0,0,0,0,0,0,0,0,0,0,0,0,0
011250106044053,10,0,10,9,0,0,0,0,0,0,0,0,0,1,0,0,8,0,8,6,0,0,0,0,0,0,0,0,0,1,0,0
011250106044052,34,0,33,25,0,0,0,0,0,0,1,0,0,1,0,0,29,0,28,19,0,0,0,0,0,0,1,0,0,2,0,0
011250106044051,11,0,12,10,0,0,0,0,0,0,1,0,0,1,0,0,7,0,8,6,0,0,0,0,0,0,1,0,0,2,0,0
011250106044050,0,0,0,0,0,0,0,0,0,0,0,0,0,0,0,0,0,0,0,0,0,0,0,0,0,0,0,0,0,0,0,0
011250106044049,7,0,7,6,0,2,0,0,0,0,0,0,0,1,0,0,6,0,6,6,0,2,0,0,0,0,0,0,0,1,0,0
011250106044048,6,0,5,2,0,0,0,0,0,0,0,0,0,0,0,0,4,0,3,1,0,0,0,0,0,0,0,0,0,0,0,0
011250106044047,0,0,0,0,0,0,0,0,0,0,0,0,0,0,0,0,0,0,0,0,0,0,0,0,0,0,0,0,0,0,0,0
011250106044046,0,0,0,0,0,0,0,0,0,0,0,0,0,0,0,0,0,0,0,0,0,0,0,0,0,0,0,0,0,0,0,0
011250106044045,12,0,12,11,0,0,0,0,0,0,0,0,0,0,0,0,10,0,10,10,0,0,0,0,0,0,0,0,0,0,0,0
011250106044044,0,0,0,0,0,0,0,0,0,0,0,0,0,0,0,0,0,0,0,0,0,0,0,0,0,0,0,0,0,0,0,0
011250106044043,24,0,23,27,0,0,0,0,0,0,0,0,0,0,0,0,19,0,18,20,0,0,0,0,0,0,0,0,0,0,0,0
011250106044042,12,0,12,12,0,0,0,0,0,0,0,0,0,0,0,0,11,0,11,12,0,0,0,0,0,0,0,0,0,0,0,0
011250106044041,0,0,0,0,0,0,0,0,0,0,0,0,0,0,0,0,0,0,0,0,0,0,0,0,0,0,0,0,0,0,0,0
011250106044040,18,0,18,20,0,0,0,0,0,0,0,0,0,0,0,0,17,0,17,19,0,0,0,0,0,0,0,0,0,0,0,0
011250106044039,22,0,23,24,0,0,0,0,0,0,0,0,0,1,0,0,22,0,22,23,0,0,0,0,0,0,1,0,0,2,0,0
011250106044038,28,0,29,28,0,2,0,0,0,0,0,0,0,1,0,0,22,0,23,23,0,2,0,0,0,0,0,0,0,1,0,0
011250106044037,26,0,27,29,0,0,0,0,0,0,0,0,0,1,0,0,21,0,22,23,0,0,0,0,0,0,0,0,0,1,0,0
011250106044036,0,0,0,0,0,0,0,0,0,0,0,0,0,0,0,0,0,0,0,0,0,0,0,0,0,0,0,0,0,0,0,0
011250106044035,19,0,19,19,0,0,0,0,0,0,0,0,0,0,0,0,11,0,11,11,0,0,0,0,0,0,0,0,0,0,0,0
011250106044034,61,0,61,61,0,0,0,0,0,0,0,0,0,1,0,0,55,0,55,54,0,0,0,0,0,0,0,0,0,0,0,0
011250106044033,1,0,1,1,0,0,0,0,0,0,0,0,0,0,0,0,0,0,0,0,0,0,0,0,0,0,0,0,0,0,0,0
011250106044032,0,0,0,0,0,0,0,0,0,0,0,0,0,0,0,0,0,0,0,0,0,0,0,0,0,0,0,0,0,0,0,0
011250106044031,128,0,128,136,0,0,0,0,0,0,1,0,0,2,0,0,105,0,106,113,0,0,0,0,0,0,0,0,0,0,0,0
011250106044030,11,0,11,11,0,0,0,0,0,0,0,0,0,0,0,0,10,0,10,9,0,0,0,0,0,0,0,0,0,0,0,0
011250106044029,0,0,0,0,0,0,0,0,0,0,0,0,0,0,0,0,0,0,0,0,0,0,0,0,0,0,0,0,0,0,0,0
011250106044028,9,0,9,7,0,0,0,0,0,0,0,0,0,1,0,0,6,0,7,6,0,0,0,0,0,0,0,0,0,0,0,0
011250106044027,0,0,0,0,0,0,0,0,0,0,0,0,0,0,0,0,0,0,0,0,0,0,0,0,0,0,0,0,0,0,0,0
011250106044026,2,0,0,0,0,0,0,0,0,0,0,0,0,0,0,0,0,0,0,0,0,0,0,0,0,0,0,0,0,0,0,0
011250106044025,4,0,4,1,0,0,0,0,0,0,0,0,0,0,0,0,3,0,3,0,0,0,0,0,0,0,0,0,0,0,0,0
011250106044024,37,0,37,28,0,0,0,0,0,0,0,0,0,0,0,0,35,0,36,27,0,0,0,0,0,0,0,0,0,0,0,0
011250106044023,37,0,38,42,0,0,0,0,0,0,0,0,0,0,0,0,32,0,33,37,0,0,0,0,0,0,0,0,0,0,0,0
011250106044022,4,0,3,1,0,2,0,0,0,0,0,0,0,0,0,0,4,0,3,1,0,2,0,0,0,0,0,0,0,0,0,0
011250106044021,4,0,5,2,0,0,0,0,0,0,0,0,0,1,0,0,5,0,5,2,0,0,0,0,0,0,0,0,0,1,0,0
011250106044020,1,0,2,1,0,0,0,0,0,0,0,0,0,0,0,0,1,0,1,0,0,0,0,0,0,0,0,0,0,0,0,0
011250106044019,67,0,68,69,0,0,0,0,0,0,0,0,0,0,0,0,59,0,60,59,0,0,0,0,0,0,0,0,0,0,0,0
011250106044018,3,0,3,3,0,0,0,0,0,0,0,0,0,0,0,0,3,0,3,3,0,0,0,0,0,0,0,0,0,0,0,0
011250106044017,83,0,84,90,0,0,0,0,0,0,0,0,0,0,0,0,60,0,60,67,0,0,0,0,0,0,0,0,0,0,0,0
011250106044016,0,0,0,0,0,0,0,0,0,0,0,0,0,0,0,0,0,0,0,0,0,0,0,0,0,0,0,0,0,0,0,0
011250106044015,6,0,6,5,0,0,0,0,0,0,0,0,0,0,0,0,5,0,5,4,0,0,0,0,0,0,0,0,0,0,0,0
011250106044014,29,0,30,34,0,0,0,0,0,0,0,0,0,0,0,0,25,0,25,28,0,0,0,0,0,0,0,0,0,0,0,0
011250106044013,3,0,3,2,0,0,0,0,0,0,0,0,0,0,0,0,3,0,3,2,0,0,0,0,0,0,0,0,0,0,0,0
011250106044012,0,0,0,0,0,0,0,0,0,0,0,0,0,0,0,0,0,0,0,0,0,0,0,0,0,0,0,0,0,0,0,0
011250106044011,15,0,15,16,0,0,0,0,0,0,0,0,0,0,0,0,15,0,15,16,0,0,0,0,0,0,0,0,0,0,0,0
011250106044010,17,0,16,15,0,0,0,0,0,0,0,0,0,0,0,0,12,0,12,10,0,0,0,0,0,0,0,0,0,0,0,0
011250106044009,0,0,0,0,0,0,0,0,0,0,0,0,0,0,0,0,0,0,0,0,0,0,0,0,0,0,0,0,0,0,0,0
011250106044008,6,0,5,6,0,0,0,0,0,0,0,0,0,0,0,0,7,0,5,6,0,0,0,0,0,0,0,0,0,0,0,0
011250106044007,11,0,10,11,0,0,0,0,0,0,0,0,0,0,0,0,6,0,5,5,0,0,0,0,0,0,0,0,0,0,0,0
011250106044006,0,0,0,0,0,0,0,0,0,0,0,0,0,0,0,0,0,0,0,0,0,0,0,0,0,0,0,0,0,0,0,0
011250106044005,4,0,4,1,0,0,0,0,0,0,0,0,0,0,0,0,0,0,0,0,0,0,0,0,0,0,0,0,0,0,0,0
011250106044004,0,0,0,0,0,0,0,0,0,0,0,0,0,0,0,0,0,0,0,0,0,0,0,0,0,0,0,0,0,0,0,0
011250106044003,17,0,17,15,0,4,0,0,0,0,1,0,0,2,0,0,15,0,15,13,0,4,0,0,0,0,1,0,0,3,0,0
011250106044002,17,0,17,17,0,0,0,0,0,0,0,0,0,0,0,0,16,0,16,18,0,0,0,0,0,0,0,0,0,0,0,0
011250106044001,3,0,4,4,0,0,0,0,0,0,0,0,0,0,0,0,2,0,2,2,0,0,0,0,0,0,0,0,0,0,0,0
011250106044000,6,0,6,6,0,0,0,0,0,0,0,0,0,0,0,0,5,0,5,5,0,0,0,0,0,0,0,0,0,0,0,0
011250106043043,0,0,0,0,0,0,0,0,0,0,0,0,0,0,0,0,0,0,0,0,0,0,0,0,0,0,0,0,0,0,0,0
011250106043042,0,0,0,0,0,0,0,0,0,0,0,0,0,0,0,0,0,0,0,0,0,0,0,0,0,0,0,0,0,0,0,0
011250106043041,25,0,24,25,0,0,0,0,0,0,0,0,0,0,0,0,28,0,28,30,0,0,0,0,0,0,0,0,0,0,0,0
011250106043040,0,0,0,0,0,0,0,0,0,0,0,0,0,0,0,0,0,0,0,0,0,0,0,0,0,0,0,0,0,0,0,0
011250106043039,0,0,0,0,0,0,0,0,0,0,0,0,0,0,0,0,0,0,0,0,0,0,0,0,0,0,0,0,0,0,0,0
011250106043038,47,0,44,44,0,0,0,0,0,0,0,0,0,0,0,0,49,0,44,46,0,0,0,0,0,0,0,0,0,0,0,0
011250106043037,0,0,0,0,0,0,0,0,0,0,0,0,0,0,0,0,0,0,0,0,0,0,0,0,0,0,0,0,0,0,0,0
011250106043036,60,0,61,62,0,0,0,0,0,0,0,0,0,0,0,0,64,0,65,66,0,0,0,0,0,0,0,0,0,0,0,0
011250106043035,3,0,3,2,0,0,0,0,0,0,0,0,0,0,0,0,2,0,2,0,0,0,0,0,0,0,0,0,0,0,0,0
011250106043034,13,0,13,12,0,0,0,0,0,0,0,0,0,0,0,0,3,0,4,2,0,0,0,0,0,0,0,0,0,0,0,0
011250106043032,13,0,13,12,0,0,0,0,0,0,0,0,0,0,0,0,16,0,16,15,0,0,0,0,0,0,0,0,0,0,0,0
011250106043031,26,0,24,24,0,0,0,0,0,0,0,0,0,0,0,0,28,0,28,29,0,0,0,0,0,0,0,0,0,0,0,0
011250106043030,28,0,27,28,0,0,0,0,0,0,0,0,0,0,0,0,31,0,30,31,0,0,0,0,0,0,0,0,0,0,0,0
011250106043029,24,0,24,25,0,0,0,0,0,0,0,0,0,0,0,0,26,0,27,28,0,0,0,0,0,0,0,0,0,0,0,0
011250106043026,124,0,126,128,0,0,0,0,0,0,0,0,0,0,0,0,122,0,124,125,0,0,0,0,0,0,0,0,0,0,0,0
011250106043025,0,0,0,0,0,0,0,0,0,0,0,0,0,0,0,0,0,0,0,0,0,0,0,0,0,0,0,0,0,0,0,0
011250106043024,17,0,17,15,0,0,0,0,0,0,0,0,0,0,0,0,21,0,21,18,0,0,0,0,0,0,0,0,0,0,0,0
011250106043023,21,0,21,18,0,0,0,0,0,0,0,0,0,0,0,0,14,0,14,9,0,0,0,0,0,0,0,0,0,0,0,0
011250106043022,38,0,38,38,0,0,0,0,0,0,0,0,0,0,0,0,35,0,35,35,0,0,0,0,0,0,0,0,0,0,0,0
011250106043021,36,0,37,35,0,0,0,0,0,0,0,0,0,0,0,0,33,0,34,35,0,0,0,0,0,0,0,0,0,0,0,0
011250106043020,57,0,58,59,0,0,0,0,0,0,0,0,0,0,0,0,45,0,46,46,0,0,0,0,0,0,0,0,0,0,0,0
011250106043019,25,0,26,22,0,0,0,0,0,0,0,0,0,0,0,0,29,0,30,26,0,0,0,0,0,0,0,0,0,0,0,0
011250106043018,32,0,31,25,0,0,0,0,0,0,0,0,0,0,0,5,29,0,30,28,0,0,0,0,0,0,0,0,0,0,0,0
011250106043017,49,0,50,50,0,0,0,0,0,0,0,0,0,0,0,0,36,0,37,37,0,0,0,0,0,0,0,0,0,0,0,0
011250106043016,75,0,76,77,0,0,0,0,0,0,0,0,0,0,0,0,75,0,76,79,0,0,0,0,0,0,0,0,0,0,0,0
011250106043015,232,0,236,236,0,0,0,0,0,0,0,0,0,0,0,0,215,0,219,215,0,0,0,0,0,0,0,0,0,0,0,0
011250106043014,0,0,0,0,0,0,0,0,0,0,0,0,0,0,0,0,0,0,0,0,0,0,0,0,0,0,0,0,0,0,0,0
011250106043013,12,0,13,10,2,0,0,0,0,0,0,0,0,0,0,2,9,0,9,7,0,0,0,0,0,0,0,0,0,0,0,0
011250106043012,92,0,92,92,0,0,0,0,0,0,0,0,0,0,0,0,99,0,101,99,0,0,0,0,0,0,0,0,0,0,0,0
011250106043011,4,0,4,0,0,0,0,0,0,0,0,0,0,0,0,0,5,0,5,0,0,0,0,0,0,0,0,0,0,0,0,0
011250106043010,157,0,160,164,0,0,0,0,0,0,0,0,0,0,0,0,153,0,156,158,0,0,0,0,0,0,0,0,0,0,0,0
011250106043008,115,0,116,120,0,0,0,0,0,0,0,0,0,0,0,0,123,0,126,129,0,0,0,0,0,0,0,0,0,0,0,0
011250106043006,22,0,20,19,0,0,0,0,0,0,0,0,0,0,0,0,23,0,20,18,0,0,0,0,0,0,0,0,0,0,0,0
011250106043005,10,0,10,9,0,0,0,0,0,0,0,0,0,0,0,0,12,0,12,11,0,0,0,0,0,0,0,0,0,0,0,0
011250106043001,107,0,109,100,4,0,0,0,0,0,0,0,0,0,0,3,85,0,87,77,0,0,0,0,0,0,0,0,0,0,0,0
011250106043000,38,0,38,38,0,0,0,0,0,0,0,0,0,0,0,0,35,0,35,35,0,0,0,0,0,0,0,0,0,0,0,0
011250106042044,0,0,0,0,0,0,0,0,0,0,0,0,0,0,0,0,0,0,0,0,0,0,0,0,0,0,0,0,0,0,0,0
011250106042043,11,1,10,10,0,0,0,0,0,0,0,0,0,0,0,0,6,0,6,5,0,0,0,0,0,0,0,0,0,0,0,0
011250106042042,0,0,0,0,0,0,0,0,0,0,0,0,0,0,0,0,0,0,0,0,0,0,0,0,0,0,0,0,0,0,0,0
011250106042041,12,0,11,10,0,0,0,0,0,0,0,0,0,0,0,0,10,0,10,9,0,0,0,0,0,0,0,0,0,0,0,0
011250106042040,64,2,60,65,0,0,0,0,0,0,0,0,0,0,0,0,43,0,43,46,0,0,0,0,0,0,0,0,0,0,0,0
011250106042039,36,1,34,34,0,0,0,0,0,0,0,0,0,0,0,0,28,0,28,27,0,0,0,0,0,0,0,0,0,0,0,0
011250106042036,92,0,93,95,0,1,0,0,0,0,1,0,0,2,0,0,55,0,55,58,0,1,0,0,0,0,0,0,0,0,0,0
011250106042035,0,0,0,0,0,0,0,0,0,0,0,0,0,0,0,0,0,0,0,0,0,0,0,0,0,0,0,0,0,0,0,0
011250106042034,0,0,0,0,0,0,0,0,0,0,0,0,0,0,0,0,0,0,0,0,0,0,0,0,0,0,0,0,0,0,0,0
011250106042032,37,0,37,39,0,0,0,0,0,0,0,0,0,0,0,0,22,0,22,24,0,0,0,0,0,0,0,0,0,0,0,0
011250106042031,44,1,43,46,0,0,0,0,0,0,0,0,0,0,0,0,34,0,34,36,0,0,0,0,0,0,0,0,0,0,0,0
011250106042027,45,1,44,41,0,0,0,0,0,0,1,0,0,1,0,0,34,0,34,31,0,0,0,0,0,0,1,0,0,1,0,0
011250106042023,35,0,36,34,0,0,0,0,0,0,0,0,0,1,0,0,24,0,24,21,0,0,0,0,0,0,0,0,0,1,0,0
011250106042022,14,0,14,15,0,0,0,0,0,0,0,0,0,0,0,0,8,0,8,9,0,0,0,0,0,0,0,0,0,0,0,0
011250106042019,87,0,89,91,1,0,0,0,0,0,0,0,0,0,0,0,60,0,60,64,0,0,0,0,0,0,0,0,0,0,0,0
011250106042017,27,0,26,29,0,0,0,0,0,0,0,0,0,0,0,0,19,1,18,19,0,0,0,0,0,0,0,0,0,0,0,0
011250106042016,67,0,68,67,2,0,0,0,0,0,0,0,0,0,0,3,39,0,39,42,0,0,0,0,0,0,0,0,0,0,0,0
011250106042014,7,0,7,7,0,0,0,0,0,0,0,0,0,0,0,0,0,0,0,0,0,0,0,0,0,0,0,0,0,0,0,0
011250106042009,24,0,24,16,0,4,0,0,0,0,0,0,0,2,0,0,12,0,12,5,0,3,0,0,0,0,0,0,0,1,0,0
011250106042008,63,2,60,65,0,0,0,0,0,0,0,0,0,0,0,0,48,3,44,47,0,0,0,0,0,0,0,0,0,0,0,0
011250106042007,26,2,22,24,0,0,0,0,0,0,0,0,0,0,0,0,17,0,17,18,0,0,0,0,0,0,0,0,0,0,0,0
011250106042006,6,0,6,5,0,0,0,0,0,0,0,0,0,0,0,0,5,0,5,4,0,0,0,0,0,0,0,0,0,0,0,0
011250106042004,0,0,0,0,0,0,0,0,0,0,0,0,0,0,0,0,0,0,0,0,0,0,0,0,0,0,0,0,0,0,0,0
011250106042003,0,0,0,0,0,0,0,0,0,0,0,0,0,0,0,0,0,0,0,0,0,0,0,0,0,0,0,0,0,0,0,0
011250106042002,0,0,0,0,0,0,0,0,0,0,0,0,0,0,0,0,0,0,0,0,0,0,0,0,0,0,0,0,0,0,0,0
011250106042001,0,0,0,0,0,0,0,0,0,0,0,0,0,0,0,0,0,0,0,0,0,0,0,0,0,0,0,0,0,0,0,0
011250106041028,52,0,54,55,0,0,0,0,0,0,0,0,0,0,0,0,41,0,43,44,0,0,0,0,0,0,0,1,0,0,0,0
011250106041027,0,0,0,0,0,0,0,0,0,0,0,0,0,0,0,0,0,0,0,0,0,0,0,0,0,0,0,0,0,0,0,0
011250106041026,27,0,28,26,0,0,0,0,0,0,0,0,0,0,15,0,23,0,23,22,0,0,0,0,0,0,0,1,0,0,0,0
011250106041025,8,0,4,3,0,0,0,0,0,0,0,0,0,0,0,0,8,0,4,3,0,0,0,0,0,0,0,0,0,0,0,0
011250106041024,29,0,30,31,0,0,0,0,0,0,0,0,0,0,0,0,23,0,23,22,0,0,0,0,0,0,0,1,0,0,0,0
011250106041023,32,0,31,33,0,0,0,0,0,0,0,0,0,0,0,0,20,0,20,20,0,0,0,0,0,0,0,0,0,0,0,0
011250106041022,55,0,56,57,0,0,0,0,0,0,0,0,0,0,0,0,45,0,47,47,0,0,0,0,0,0,0,1,0,0,0,0
011250106041021,24,0,25,26,0,0,0,0,0,0,0,0,0,0,0,0,11,0,11,12,0,0,0,0,0,0,0,0,0,0,0,0
011250106041020,43,0,43,38,0,0,0,0,0,0,0,0,0,0,0,0,24,0,24,26,0,0,0,0,0,0,0,1,0,0,0,0
011250106041019,33,0,34,35,0,0,0,0,0,0,0,0,0,0,0,0,27,0,28,27,0,0,0,0,0,0,0,1,0,0,0,0
011250106041018,0,0,0,0,0,0,0,0,0,0,0,0,0,0,0,0,0,0,0,0,0,0,0,0,0,0,0,0,0,0,0,0
011250106041017,46,0,37,42,0,0,0,0,0,0,0,0,0,0,0,0,40,0,31,34,0,0,0,0,0,0,0,1,0,0,0,0
011250106041016,76,0,76,79,0,0,0,0,0,0,0,0,0,0,0,0,51,0,53,53,0,0,0,0,0,0,0,1,0,0,0,0
011250106041015,19,0,19,21,0,0,0,0,0,0,0,0,0,0,0,0,15,0,15,17,0,0,0,0,0,0,0,0,0,0,0,0
011250106041014,109,0,111,115,0,0,0,0,0,0,0,0,0,0,0,0,75,0,77,77,0,0,0,0,0,0,0,2,0,0,0,0
011250106041013,0,0,0,0,0,0,0,0,0,0,0,0,0,0,0,0,0,0,0,0,0,0,0,0,0,0,0,0,0,0,0,0
011250106041012,0,0,0,0,0,0,0,0,0,0,0,0,0,0,0,0,0,0,0,0,0,0,0,0,0,0,0,0,0,0,0,0
011250106041011,0,0,0,0,0,0,0,0,0,0,0,0,0,0,0,0,0,0,0,0,0,0,0,0,0,0,0,0,0,0,0,0
011250106041010,85,0,87,85,0,0,0,0,0,0,0,0,0,0,0,0,62,0,64,70,0,0,0,0,0,0,0,2,0,0,0,0
011250106041009,88,0,90,99,0,0,0,0,0,0,0,0,0,0,0,0,65,0,67,71,0,0,0,0,0,0,0,2,0,0,0,0
011250106041008,21,0,16,12,0,0,0,0,0,0,0,0,0,0,0,0,17,0,12,8,0,0,0,0,0,0,0,0,0,0,0,0
011250106041007,30,0,30,31,0,0,0,0,0,0,0,0,0,0,0,0,21,0,20,20,0,0,0,0,0,0,0,1,0,0,0,0
011250106041006,135,0,136,114,0,0,0,0,0,0,0,0,0,0,0,0,108,0,109,88,0,0,0,0,0,0,0,3,0,0,0,0
011250106041005,47,0,48,38,0,0,0,0,0,0,0,0,0,0,0,0,24,0,24,19,0,0,0,0,0,0,0,1,0,0,0,0
011250106041004,164,0,166,142,0,0,0,0,0,0,0,0,0,0,0,0,116,0,119,107,0,0,0,0,0,0,0,3,0,0,0,0
011250106041003,5,0,5,5,0,0,0,0,0,0,0,30,0,0,8,0,0,0,0,0,0,0,0,0,0,0,0,0,0,0,0,0
011250106041002,347,0,349,363,0,0,0,0,0,0,0,0,0,0,7,0,241,0,242,248,0,0,0,0,0,0,0,7,0,0,30,0
011250106041001,70,0,70,65,0,0,0,0,0,0,0,0,0,0,0,0,48,0,49,40,0,0,0,0,0,0,0,1,0,0,0,0
011250106041000,0,0,0,0,0,0,0,0,0,0,0,0,0,0,0,0,0,0,0,0,0,0,0,0,0,0,0,0,0,0,0,0
011250106033053,0,0,0,0,0,0,0,0,0,0,0,0,0,0,0,0,0,0,0,0,0,0,0,0,0,0,0,0,0,0,0,0
011250106033052,0,0,0,0,0,0,0,0,0,0,0,0,0,0,0,0,0,0,0,0,0,0,0,0,0,0,0,0,0,0,0,0
011250106033051,4,0,2,0,0,0,0,0,0,0,0,0,0,0,0,0,4,0,2,0,0,0,0,0,0,0,0,0,0,0,0,0
011250106033050,0,0,0,0,0,0,0,0,0,0,0,0,0,0,0,0,0,0,0,0,0,0,0,0,0,0,0,0,0,0,0,0
011250106033049,9,0,9,8,0,0,0,0,0,0,0,0,0,0,0,0,10,0,9,8,0,0,0,0,0,0,0,0,0,0,0,0
011250106033048,0,0,0,0,0,0,0,0,0,0,0,0,0,0,0,0,0,0,0,0,0,0,0,0,0,0,0,0,0,0,0,0
011250106033047,0,0,0,0,0,0,0,0,0,0,0,0,0,0,0,0,0,0,0,0,0,0,0,0,0,0,0,0,0,0,0,0
011250106033046,0,0,0,0,0,0,0,0,0,0,0,0,0,0,0,0,0,0,0,0,0,0,0,0,0,0,0,0,0,0,0,0
011250106033045,0,0,0,0,0,0,0,0,0,0,0,0,0,0,0,0,0,0,0,0,0,0,0,0,0,0,0,0,0,0,0,0
011250106033044,0,0,0,0,0,0,0,0,0,0,0,0,0,0,0,0,0,0,0,0,0,0,0,0,0,0,0,0,0,0,0,0
011250106033043,0,0,0,0,0,0,0,0,0,0,0,0,0,0,0,0,0,0,0,0,0,0,0,0,0,0,0,0,0,0,0,0
011250106033042,0,0,0,0,0,0,0,0,0,0,0,0,0,0,0,0,0,0,0,0,0,0,0,0,0,0,0,0,0,0,0,0
011250106033041,0,0,0,0,0,0,0,0,0,0,0,0,0,0,0,0,0,0,0,0,0,0,0,0,0,0,0,0,0,0,0,0
011250106033040,46,0,47,38,0,0,0,0,0,0,0,0,0,0,0,0,44,0,45,34,0,0,0,0,0,0,0,0,0,0,0,0
011250106033039,0,0,0,0,0,0,0,0,0,0,0,0,0,0,0,0,0,0,0,0,0,0,0,0,0,0,0,0,0,0,0,0
011250106033037,0,0,0,0,0,0,0,0,0,0,0,0,0,0,0,0,0,0,0,0,0,0,0,0,0,0,0,0,0,0,0,0
011250106033035,0,0,0,0,0,0,0,0,0,0,0,0,0,0,0,0,0,0,0,0,0,0,0,0,0,0,0,0,0,0,0,0
011250106033034,0,0,0,0,0,0,0,0,0,0,0,0,0,0,0,0,0,0,0,0,0,0,0,0,0,0,0,0,0,0,0,0
011250106033033,0,0,0,0,0,0,0,0,0,0,0,0,0,0,0,0,0,0,0,0,0,0,0,0,0,0,0,0,0,0,0,0
011250106033032,22,0,22,18,0,0,0,0,0,0,0,0,0,0,0,0,11,0,11,9,0,0,0,0,0,0,0,0,0,0,0,0
011250106033031,0,0,0,0,0,0,0,0,0,0,0,0,0,0,0,0,0,0,0,0,0,0,0,0,0,0,0,0,0,0,0,0
011250106033030,0,0,0,0,0,0,0,0,0,0,0,0,0,0,0,0,0,0,0,0,0,0,0,0,0,0,0,0,0,0,0,0
011250106033029,0,0,0,0,0,0,0,0,0,0,0,0,0,0,0,0,0,0,0,0,0,0,0,0,0,0,0,0,0,0,0,0
011250106033027,12,0,12,8,0,0,0,0,0,0,0,0,0,0,0,1,3,0,2,0,0,0,0,0,0,0,0,0,0,0,0,0
011250106033023,0,0,0,0,0,0,0,0,0,0,0,0,0,0,0,0,0,0,0,0,0,0,0,0,0,0,0,0,0,0,0,0
011250106033022,7,0,5,4,0,0,0,0,0,0,0,0,0,0,0,0,7,0,5,4,0,0,0,0,0,0,0,0,0,0,0,0
011250106033021,0,0,0,0,0,0,0,0,0,0,0,0,0,0,0,0,0,0,0,0,0,0,0,0,0,0,0,0,0,0,0,0
011250106033020,0,0,0,0,0,0,0,0,0,0,0,0,0,0,0,0,0,0,0,0,0,0,0,0,0,0,0,0,0,0,0,0
011250106033019,0,0,0,0,0,0,0,0,0,0,0,0,0,0,0,0,0,0,0,0,0,0,0,0,0,0,0,0,0,0,0,0
011250106033017,0,0,0,0,0,0,0,0,0,0,0,0,0,0,0,0,0,0,0,0,0,0,0,0,0,0,0,0,0,0,0,0
011250106033015,6,0,6,2,0,0,0,0,0,0,0,0,0,0,0,0,6,0,6,2,0,0,0,0,0,0,0,0,0,0,0,0
011250106033012,0,0,0,0,0,0,0,0,0,0,0,0,0,0,0,0,0,0,0,0,0,0,0,0,0,0,0,0,0,0,0,0
011250106033010,6,0,6,5,0,0,0,0,0,0,0,0,0,0,0,0,6,0,6,5,0,0,0,0,0,0,0,0,0,0,0,0
011250106033009,0,0,0,0,0,0,0,0,0,0,0,0,0,0,0,0,0,0,0,0,0,0,0,0,0,0,0,0,0,0,0,0
011250106033008,0,0,0,0,0,0,0,0,0,0,0,0,0,0,0,0,0,0,0,0,0,0,0,0,0,0,0,0,0,0,0,0
011250106033007,26,0,26,17,0,0,0,0,0,0,0,0,0,0,1,9,17,0,17,13,0,0,0,0,0,0,0,0,0,0,2,0
011250106033005,19,0,18,11,0,0,0,0,0,0,0,7,0,0,4,0,15,0,13,11,0,0,0,0,0,0,0,0,0,0,0,0
011250106033004,0,0,0,0,0,0,0,0,0,0,0,0,0,0,0,0,0,0,0,0,0,0,0,0,0,0,0,0,0,0,0,0
011250106033002,0,0,0,0,0,0,0,0,0,0,0,0,0,0,0,0,0,0,0,0,0,0,0,0,0,0,0,0,0,0,0,0
011250106033001,23,0,23,17,5,0,0,0,0,0,0,0,0,0,0,5,19,0,19,16,0,0,0,0,0,0,0,0,0,0,0,0
011250106032048,0,0,0,0,0,0,0,0,0,0,0,0,0,0,0,0,0,0,0,0,0,0,0,0,0,0,0,0,0,0,0,0
011250106032047,43,0,40,32,0,0,0,0,0,0,5,0,0,5,0,0,23,0,21,17,0,0,0,0,0,0,0,0,0,0,0,0
011250106032046,0,0,0,0,0,0,0,0,0,0,0,0,0,0,0,0,0,0,0,0,0,0,0,0,0,0,0,0,0,0,0,0
011250106032045,4,0,4,3,0,0,0,0,0,0,0,0,0,0,0,0,4,0,4,3,0,0,0,0,0,0,0,0,0,0,0,0
011250106032044,0,0,0,0,0,0,0,0,0,0,0,0,0,0,0,0,0,0,0,0,0,0,0,0,0,0,0,0,0,0,0,0
011250106032039,0,0,0,0,0,0,0,0,0,0,0,0,0,0,0,0,0,0,0,0,0,0,0,0,0,0,0,0,0,0,0,0
011250106032038,31,0,32,15,12,0,0,0,0,0,9,0,0,9,7,10,21,0,21,15,0,0,0,0,0,0,0,0,0,0,0,0
011250106032037,188,0,193,159,6,0,0,0,0,0,2,0,0,2,0,5,138,0,142,112,0,0,0,0,0,0,2,0,0,2,0,0
011250106032034,22,0,22,17,0,0,0,0,0,0,3,0,0,3,0,0,16,0,16,13,0,0,0,0,0,0,0,0,0,0,0,0
011250106032033,0,0,0,0,0,0,0,0,0,0,0,0,0,0,0,0,0,0,0,0,0,0,0,0,0,0,0,0,0,0,0,0
011250106032029,9,0,10,5,0,3,31,0,0,0,0,0,0,2,13,0,8,0,9,4,0,3,31,0,0,0,0,0,0,2,22,0
011250106032028,0,0,0,0,0,0,0,0,0,0,0,0,0,0,0,0,0,0,0,0,0,0,0,0,0,0,0,0,0,0,0,0
011250106032027,2,0,2,1,0,0,0,0,0,0,0,0,0,0,0,0,2,0,2,1,0,0,0,0,0,0,0,0,0,0,0,0
011250106032026,0,0,0,0,0,0,0,0,0,0,0,0,0,0,0,0,0,0,0,0,0,0,0,0,0,0,0,0,0,0,0,0
011250106032025,27,0,26,18,0,0,0,0,0,0,2,0,0,2,19,0,21,0,20,14,0,0,0,0,0,0,2,0,0,2,11,0
011250106032024,34,0,34,29,0,0,0,0,0,0,0,0,0,0,0,0,25,0,24,20,0,0,0,0,0,0,0,0,0,0,0,0
011250106032023,16,0,16,10,9,0,0,0,0,0,2,0,0,2,0,8,11,0,12,9,0,0,0,0,0,0,0,0,0,0,0,0
011250106032022,0,0,0,0,0,0,0,0,0,0,0,0,0,0,0,0,0,0,0,0,0,0,0,0,0,0,0,0,0,0,0,0
011250106032021,0,0,0,0,0,0,0,0,0,0,0,0,0,0,0,0,0,0,0,0,0,0,0,0,0,0,0,0,0,0,0,0
011250106032020,26,0,26,23,0,0,0,0,0,0,0,0,0,0,0,0,15,0,16,13,0,0,0,0,0,0,0,0,0,0,0,0
011250106032019,35,0,34,29,0,0,0,0,0,0,0,0,0,0,0,0,30,0,29,23,0,0,0,0,0,0,0,0,0,0,0,0
011250106032018,75,0,74,50,6,0,0,0,0,0,17,0,0,17,7,5,49,0,50,33,0,0,0,0,0,0,18,0,0,17,0,0
011250106032017,32,0,33,24,0,0,0,0,0,0,7,0,0,7,0,0,31,0,32,22,0,0,0,0,0,0,8,0,0,7,0,0
011250106032016,6,0,6,4,0,0,0,0,0,0,0,0,0,0,6,0,5,0,5,4,0,0,0,0,0,0,0,0,0,0,0,0
011250106032010,0,0,0,0,0,0,0,0,0,0,0,0,0,0,0,0,0,0,0,0,0,0,0,0,0,0,0,0,0,0,0,0
011250106032007,0,0,0,0,0,0,0,0,0,0,0,0,0,0,0,0,0,0,0,0,0,0,0,0,0,0,0,0,0,0,0,0
011250106032005,2,0,2,1,0,0,0,0,0,0,2,0,0,2,0,0,1,0,1,1,0,0,0,0,0,0,0,0,0,0,0,0
011250106032004,0,0,0,0,0,0,0,0,0,0,0,0,0,0,0,0,0,0,0,0,0,0,0,0,0,0,0,0,0,0,0,0
011250106032003,0,0,0,0,0,0,0,0,0,0,0,0,0,0,0,0,0,0,0,0,0,0,0,0,0,0,0,0,0,0,0,0
011250106032002,0,0,0,0,0,0,0,0,0,0,0,0,0,0,0,0,0,0,0,0,0,0,0,0,0,0,0,0,0,0,0,0
011250106032000,0,0,0,0,0,0,0,0,0,0,0,0,0,0,0,0,0,0,0,0,0,0,0,0,0,0,0,0,0,0,0,0
011250106031019,150,0,153,150,0,0,0,0,0,0,6,0,0,4,0,0,115,0,117,113,0,0,0,0,0,0,6,0,0,4,0,0
011250106031017,64,0,64,61,0,0,0,0,0,0,2,0,0,1,0,0,48,0,49,45,0,0,0,0,0,0,2,0,0,1,0,0
011250106031011,0,0,0,0,0,0,0,0,0,0,0,0,0,0,0,0,0,0,0,0,0,0,0,0,0,0,0,0,0,0,0,0
011250106031008,29,0,28,28,1,0,0,0,0,0,0,0,0,0,0,1,18,0,18,18,0,0,0,0,0,0,0,0,0,0,0,0
011250106031007,10,0,10,7,3,0,0,0,0,0,0,0,0,0,0,3,3,0,3,3,0,0,0,0,0,0,0,0,0,0,0,0
011250106031003,23,0,24,22,0,0,0,0,0,0,0,0,0,0,0,0,20,0,20,18,0,0,0,0,0,0,0,0,0,0,0,0
011250106031000,0,0,0,0,0,0,0,0,0,0,0,0,0,0,0,0,0,0,0,0,0,0,0,0,0,0,0,0,0,0,0,0
011250106014065,0,0,0,0,0,0,0,0,0,0,0,0,0,0,0,0,0,0,0,0,0,0,0,0,0,0,0,0,0,0,0,0
011250106014064,0,0,0,0,0,0,0,0,0,0,0,0,0,0,0,0,0,0,0,0,0,0,0,0,0,0,0,0,0,0,0,0
011250106014063,0,0,0,0,0,0,0,0,0,0,0,0,0,0,0,0,0,0,0,0,0,0,0,0,0,0,0,0,0,0,0,0
011250106014062,10,0,8,3,2,0,0,0,0,0,0,1,0,0,1,2,8,0,6,3,0,0,0,0,0,0,1,1,0,1,1,0
011250106014060,22,0,23,23,0,0,0,0,0,0,0,0,0,0,0,0,19,0,19,21,0,0,0,0,0,0,0,0,0,0,0,0
011250106014059,3,0,3,3,0,0,0,0,0,0,0,0,0,0,0,0,3,0,3,3,0,0,0,0,0,0,0,0,0,0,0,0
011250106014058,18,0,17,18,0,0,0,0,0,0,0,0,0,0,0,0,20,0,18,20,0,0,0,0,0,0,0,0,0,0,0,0
011250106014057,0,0,0,0,0,0,0,0,0,0,0,0,0,0,0,0,0,0,0,0,0,0,0,0,0,0,0,0,0,0,0,0
011250106014056,0,0,0,0,0,0,0,0,0,0,0,0,0,0,0,0,0,0,0,0,0,0,0,0,0,0,0,0,0,0,0,0
011250106014055,0,0,0,0,0,0,0,0,0,0,0,0,0,0,0,0,0,0,0,0,0,0,0,0,0,0,0,0,0,0,0,0
011250106014052,0,0,0,0,0,0,0,0,0,0,0,0,0,0,0,0,0,0,0,0,0,0,0,0,0,0,0,0,0,0,0,0
011250106014050,9,0,7,4,3,0,0,0,0,0,0,0,0,0,0,3,2,0,0,0,0,0,0,0,0,0,0,0,0,0,0,0
011250106014047,0,0,0,0,0,0,0,0,0,0,0,0,0,0,0,0,0,0,0,0,0,0,0,0,0,0,0,0,0,0,0,0
011250106014046,0,0,0,0,0,0,0,0,0,0,0,0,0,0,0,0,0,0,0,0,0,0,0,0,0,0,0,0,0,0,0,0
011250106014045,12,0,10,5,1,0,0,0,0,0,0,1,0,0,1,1,11,0,9,5,0,0,0,0,0,0,0,2,0,0,2,0
011250106014044,76,0,78,82,1,0,0,0,0,0,0,0,0,0,0,1,59,0,60,64,0,0,0,0,0,0,0,0,0,0,0,0
011250106014043,0,0,0,0,0,0,0,0,0,0,0,0,0,0,0,0,0,0,0,0,0,0,0,0,0,0,0,0,0,0,0,0
011250106014040,35,0,35,34,0,0,0,0,0,1,0,0,0,0,0,2,29,0,29,30,0,0,0,0,0,0,0,0,0,0,0,0
011250106014038,0,0,0,0,0,0,0,0,0,0,0,0,0,0,0,0,0,0,0,0,0,0,0,0,0,0,0,0,0,0,0,0
011250106014037,0,0,0,0,0,0,0,0,0,0,0,0,0,0,0,0,0,0,0,0,0,0,0,0,0,0,0,0,0,0,0,0
011250106014036,18,0,18,15,0,0,0,0,0,0,0,1,0,0,1,0,12,0,13,9,0,0,0,0,0,0,0,1,0,0,1,0
011250106014035,0,0,0,0,0,0,0,0,0,0,0,0,0,0,0,0,0,0,0,0,0,0,0,0,0,0,0,0,0,0,0,0
011250106014034,15,0,14,16,0,0,0,0,0,0,0,0,0,0,0,0,11,0,11,11,0,0,0,0,0,0,0,0,0,0,0,0
011250106014033,0,0,0,0,0,0,0,0,0,0,0,0,0,0,0,0,0,0,0,0,0,0,0,0,0,0,0,0,0,0,0,0
011250106014032,9,0,7,5,0,0,0,0,0,1,0,0,0,0,0,1,7,0,5,5,0,0,0,0,0,0,0,0,0,0,0,0
011250106014031,0,0,0,0,0,0,0,0,0,0,0,0,0,0,0,0,0,0,0,0,0,0,0,0,0,0,0,0,0,0,0,0
011250106014029,0,0,0,0,0,0,0,0,0,0,0,0,0,0,0,0,0,0,0,0,0,0,0,0,0,0,0,0,0,0,0,0
011250106014028,2,0,2,2,0,0,0,0,0,0,0,0,0,0,0,0,0,0,0,0,0,0,0,0,0,0,0,0,0,0,0,0
011250106014027,19,0,19,20,0,0,0,0,0,0,0,0,0,0,0,0,16,0,15,16,0,0,0,0,0,0,0,0,0,0,0,0
011250106014025,0,0,0,0,0,0,0,0,0,0,0,0,0,0,0,0,0,0,0,0,0,0,0,0,0,0,0,0,0,0,0,0
011250106014024,0,0,0,0,0,0,0,0,0,0,0,0,0,0,0,0,0,0,0,0,0,0,0,0,0,0,0,0,0,0,0,0
011250106014023,0,0,0,0,0,0,0,0,0,0,0,0,0,0,0,0,0,0,0,0,0,0,0,0,0,0,0,0,0,0,0,0
011250106014022,0,0,0,0,0,0,0,0,0,0,0,0,0,0,0,0,0,0,0,0,0,0,0,0,0,0,0,0,0,0,0,0
011250106014020,0,0,0,0,0,0,0,0,0,0,0,0,0,0,0,0,0,0,0,0,0,0,0,0,0,0,0,0,0,0,0,0
011250106014019,0,0,0,0,0,0,0,0,0,0,0,0,0,0,0,0,0,0,0,0,0,0,0,0,0,0,0,0,0,0,0,0
011250106014018,0,0,0,0,0,0,0,0,0,0,0,0,0,0,0,0,0,0,0,0,0,0,0,0,0,0,0,0,0,0,0,0
011250106014017,0,0,0,0,0,0,0,0,0,0,0,0,0,0,0,0,0,0,0,0,0,0,0,0,0,0,0,0,0,0,0,0
011250106014016,0,0,0,0,0,0,0,0,0,0,0,0,0,0,0,0,0,0,0,0,0,0,0,0,0,0,0,0,0,0,0,0
011250106014015,0,0,0,0,0,0,0,0,0,0,0,0,0,0,0,0,0,0,0,0,0,0,0,0,0,0,0,0,0,0,0,0
011250106014014,5,0,5,1,0,0,0,0,0,0,1,0,0,1,0,0,3,0,2,1,0,0,0,0,0,0,0,0,0,0,0,0
011250106014013,2,0,1,1,0,0,0,0,0,0,0,0,0,0,0,0,1,0,1,1,0,0,0,0,0,0,0,0,0,0,0,0
011250106014012,0,0,0,0,0,0,0,0,0,0,0,0,0,0,0,0,0,0,0,0,0,0,0,0,0,0,0,0,0,0,0,0
011250106014011,5,0,5,4,1,0,0,0,0,0,0,0,0,0,0,1,5,0,4,4,0,0,0,0,0,0,0,0,0,0,0,0
011250106014009,2,0,2,0,0,0,0,0,0,0,0,0,0,0,0,1,1,0,1,0,0,0,0,0,0,0,0,0,0,0,0,0
011250106014007,0,0,0,0,0,0,0,0,0,0,0,0,0,0,0,0,0,0,0,0,0,0,0,0,0,0,0,0,0,0,0,0
011250106014006,0,0,0,0,0,0,0,0,0,0,0,0,0,0,0,0,0,0,0,0,0,0,0,0,0,0,0,0,0,0,0,0
011250106014005,0,0,0,0,0,0,0,0,0,0,0,0,0,0,0,0,0,0,0,0,0,0,0,0,0,0,0,0,0,0,0,0
011250106014004,10,0,11,9,0,0,0,0,0,0,1,0,0,0,0,0,6,0,6,5,0,0,0,0,0,0,0,0,0,0,0,0
011250106014003,13,0,12,11,0,0,0,0,0,0,0,0,0,0,0,0,12,0,13,11,0,0,0,0,0,0,0,0,0,0,0,0
011250106014002,6,0,5,6,0,0,0,0,0,0,0,0,0,0,0,0,6,0,5,5,0,0,0,0,0,0,0,0,0,0,0,0
011250106014001,51,0,52,53,0,0,0,0,1,0,0,0,0,0,0,1,44,0,44,46,0,0,0,0,0,0,0,0,0,0,0,0
011250106013030,0,0,0,0,0,0,0,0,0,0,0,0,0,0,0,0,0,0,0,0,0,0,0,0,0,0,0,0,0,0,0,0
011250106013029,0,0,0,0,0,0,0,0,0,0,0,0,0,0,0,0,0,0,0,0,0,0,0,0,0,0,0,0,0,0,0,0
011250106013028,34,0,35,27,0,0,0,0,0,0,0,0,0,0,0,0,28,0,29,20,0,0,0,0,0,0,0,0,0,0,0,0
011250106013027,0,0,0,0,0,0,0,0,0,0,0,0,0,0,0,0,0,0,0,0,0,0,0,0,0,0,0,0,0,0,0,0
011250106013026,8,0,7,4,0,0,0,0,0,0,0,0,0,0,0,0,4,0,4,5,0,0,0,0,0,0,0,0,0,0,0,0
011250106013025,11,1,10,12,0,0,0,0,0,0,0,0,0,0,0,0,5,0,5,6,0,0,0,0,0,0,0,0,0,0,0,0
011250106013024,14,0,14,15,0,0,0,0,0,0,0,0,0,0,0,0,14,0,14,14,0,0,0,0,0,0,0,0,0,0,0,0
011250106013023,0,0,0,0,0,0,0,0,0,0,0,0,0,0,0,0,0,0,0,0,0,0,0,0,0,0,0,0,0,0,0,0
011250106013022,0,0,0,0,0,0,0,0,0,0,0,0,0,0,0,0,0,0,0,0,0,0,0,0,0,0,0,0,0,0,0,0
011250106013021,0,0,0,0,0,0,0,0,0,0,0,0,0,0,0,0,0,0,0,0,0,0,0,0,0,0,0,0,0,0,0,0
011250106013020,166,6,147,129,0,0,0,0,0,0,0,0,0,0,0,0,145,6,127,121,0,0,0,0,0,0,0,0,0,0,0,0
011250106013019,27,0,28,31,0,0,0,0,0,0,0,0,0,0,0,0,25,0,26,29,0,0,0,0,0,0,0,0,0,0,0,0
011250106013018,14,0,15,17,0,0,0,0,0,0,0,0,0,0,0,0,16,0,17,19,0,0,0,0,0,0,0,0,0,0,0,0
011250106013017,8,0,6,4,0,0,0,0,0,0,0,0,0,0,0,0,3,0,3,3,0,0,0,0,0,0,0,0,0,0,0,0
011250106013016,18,0,17,18,0,0,0,0,0,0,0,0,0,0,0,0,18,1,17,17,0,0,0,0,0,0,0,0,0,0,0,0
011250106013015,87,3,79,77,0,0,0,0,0,0,0,0,0,0,0,0,87,4,76,72,0,0,0,0,0,0,0,0,0,0,0,0
011250106013014,45,0,47,44,0,0,0,0,0,0,0,0,0,0,0,0,44,0,45,40,0,0,0,0,0,0,0,0,0,0,0,0
011250106013013,0,0,0,0,0,0,0,0,0,0,0,0,0,0,0,0,0,0,0,0,0,0,0,0,0,0,0,0,0,0,0,0
011250106013012,0,0,0,0,0,0,0,0,0,0,0,0,0,0,0,0,0,0,0,0,0,0,0,0,0,0,0,0,0,0,0,0
011250106013011,157,1,162,168,0,0,0,0,0,0,0,0,0,0,0,0,137,1,140,146,0,0,0,0,0,0,0,0,0,0,0,0
011250106013010,40,0,41,41,0,0,0,0,0,0,0,0,0,0,0,0,33,0,34,34,0,0,0,0,0,0,0,0,0,0,0,0
011250106013009,77,1,74,77,0,0,0,0,0,0,0,0,0,0,0,0,64,0,66,66,0,0,0,0,0,0,0,0,0,0,0,0
011250106013008,0,0,0,0,0,0,0,0,0,0,0,0,0,0,0,0,0,0,0,0,0,0,0,0,0,0,0,0,0,0,0,0
011250106013007,10,0,10,9,0,0,0,0,0,0,0,0,0,0,0,0,7,0,7,6,0,0,0,0,0,0,0,0,0,0,0,0
011250106013006,4,0,4,2,0,0,0,0,0,0,0,0,0,0,0,0,1,0,0,0,0,0,0,0,0,0,0,0,0,0,0,0
011250106013005,35,1,33,31,0,0,0,0,0,0,0,0,0,0,0,0,34,1,31,28,0,0,0,0,0,0,0,0,0,0,0,0
011250106013004,12,0,13,8,0,0,0,0,0,0,0,0,0,0,0,0,14,0,15,9,0,0,0,0,0,0,0,0,0,0,0,0
011250106013003,428,2,438,466,0,0,0,0,0,0,0,0,0,0,0,0,406,2,414,435,0,0,0,0,0,0,0,0,0,0,0,0
011250106013002,0,0,0,0,0,0,0,0,0,0,0,0,0,0,0,0,0,0,0,0,0,0,0,0,0,0,0,0,0,0,0,0
011250106013001,0,0,0,0,0,0,0,0,0,0,0,0,0,0,0,0,0,0,0,0,0,0,0,0,0,0,0,0,0,0,0,0
011250106013000,0,0,0,0,0,0,0,0,0,0,0,0,0,0,0,0,0,0,0,0,0,0,0,0,0,0,0,0,0,0,0,0
011250106012064,0,0,0,0,0,0,0,0,0,0,0,0,0,0,0,0,0,0,0,0,0,0,0,0,0,0,0,0,0,0,0,0
011250106012063,0,0,0,0,0,0,0,0,0,0,0,0,0,0,0,0,0,0,0,0,0,0,0,0,0,0,0,0,0,0,0,0
011250106012061,0,0,0,0,0,0,0,0,0,0,0,0,0,0,0,0,0,0,0,0,0,0,0,0,0,0,0,0,0,0,0,0
011250106012060,7,0,7,7,0,0,0,0,0,0,0,0,0,0,0,0,5,0,5,4,0,0,0,0,0,0,0,0,0,0,0,0
011250106012059,0,0,0,0,0,0,0,0,0,0,0,0,0,0,0,0,0,0,0,0,0,0,0,0,0,0,0,0,0,0,0,0
011250106012058,0,0,0,0,0,0,0,0,0,0,0,0,0,0,0,0,0,0,0,0,0,0,0,0,0,0,0,0,0,0,0,0
011250106012057,0,0,0,0,0,0,0,0,0,0,0,0,0,0,0,0,0,0,0,0,0,0,0,0,0,0,0,0,0,0,0,0
011250106012056,0,0,0,0,0,0,0,0,0,0,0,0,0,0,0,0,0,0,0,0,0,0,0,0,0,0,0,0,0,0,0,0
011250106012055,0,0,0,0,0,0,0,0,0,0,0,0,0,0,0,0,0,0,0,0,0,0,0,0,0,0,0,0,0,0,0,0
011250106012054,6,0,6,6,0,0,0,0,0,0,0,0,0,0,0,0,6,0,6,5,0,0,0,0,0,0,0,0,0,0,0,0
011250106012053,0,0,0,0,0,0,0,0,0,0,0,0,0,0,0,0,0,0,0,0,0,0,0,0,0,0,0,0,0,0,0,0
011250106012052,16,0,16,15,0,0,0,0,0,0,0,0,0,0,0,0,11,0,12,11,0,0,0,0,0,0,0,0,0,0,0,0
011250106012050,0,0,0,0,0,0,0,0,0,0,0,0,0,0,0,0,0,0,0,0,0,0,0,0,0,0,0,0,0,0,0,0
011250106012049,0,0,0,0,0,0,0,0,0,0,0,0,0,0,0,0,0,0,0,0,0,0,0,0,0,0,0,0,0,0,0,0
011250106012048,0,0,0,0,0,0,0,0,0,0,0,0,0,0,0,0,0,0,0,0,0,0,0,0,0,0,0,0,0,0,0,0
011250106012047,10,1,8,7,0,0,0,0,0,0,0,0,0,0,0,0,10,1,8,6,0,0,0,0,0,0,0,0,0,0,0,0
011250106012046,11,2,8,7,0,0,0,0,0,0,0,0,0,0,0,0,11,1,9,8,0,0,0,0,0,0,0,0,0,0,0,0
011250106012045,0,0,0,0,0,0,0,0,0,0,0,0,0,0,0,0,0,0,0,0,0,0,0,0,0,0,0,0,0,0,0,0
011250106012044,0,0,0,0,0,0,0,0,0,0,0,0,0,0,0,0,0,0,0,0,0,0,0,0,0,0,0,0,0,0,0,0
011250106012043,0,0,0,0,0,0,0,0,0,0,0,0,0,0,0,0,0,0,0,0,0,0,0,0,0,0,0,0,0,0,0,0
011250106012042,0,0,0,0,0,0,0,0,0,0,0,0,0,0,0,0,0,0,0,0,0,0,0,0,0,0,0,0,0,0,0,0
011250106012041,0,0,0,0,0,0,0,0,0,0,0,0,0,0,0,0,0,0,0,0,0,0,0,0,0,0,0,0,0,0,0,0
011250106012039,0,0,0,0,0,0,0,0,0,0,0,0,0,0,0,0,0,0,0,0,0,0,0,0,0,0,0,0,0,0,0,0
011250106012035,8,1,6,7,0,0,0,0,0,0,0,0,0,0,0,0,3,0,3,3,0,0,0,0,0,0,0,0,0,0,0,0
011250106012033,0,0,0,0,0,0,0,0,0,0,0,0,0,0,0,0,0,0,0,0,0,0,0,0,0,0,0,0,0,0,0,0
011250106012032,17,2,13,11,0,0,0,0,0,0,0,0,0,0,0,0,14,2,11,9,0,0,0,0,0,0,0,0,0,0,0,0
011250106012031,0,0,0,0,0,0,0,0,0,0,0,0,0,0,0,0,0,0,0,0,0,0,0,0,0,0,0,0,0,0,0,0
011250106012030,0,0,0,0,0,0,0,0,0,0,0,0,0,0,0,0,0,0,0,0,0,0,0,0,0,0,0,0,0,0,0,0
011250106012029,9,1,6,7,0,0,0,0,0,0,0,0,0,0,0,0,5,0,5,5,0,0,0,0,0,0,0,0,0,0,0,0
011250106012028,0,0,0,0,0,0,0,0,0,0,0,0,0,0,0,0,0,0,0,0,0,0,0,0,0,0,0,0,0,0,0,0
011250106012027,25,0,25,23,0,0,0,0,0,0,0,0,0,0,0,0,26,1,25,23,0,0,0,0,0,0,1,0,0,1,0,0
011250106012026,0,0,0,0,0,0,0,0,0,0,0,0,0,0,0,0,0,0,0,0,0,0,0,0,0,0,0,0,0,0,0,0
011250106012024,0,0,0,0,0,0,0,0,0,0,0,0,0,0,0,0,0,0,0,0,0,0,0,0,0,0,0,0,0,0,0,0
011250106012023,5,0,5,5,0,0,0,0,0,0,0,0,0,0,0,0,5,0,5,5,0,0,0,0,0,0,0,0,0,0,0,0
011250106012022,0,0,0,0,0,0,0,0,0,0,0,0,0,0,0,0,0,0,0,0,0,0,0,0,0,0,0,0,0,0,0,0
011250106012021,0,0,0,0,0,0,0,0,0,0,0,0,0,0,0,0,0,0,0,0,0,0,0,0,0,0,0,0,0,0,0,0
011250106012019,4,0,5,5,0,0,0,0,0,0,0,0,0,0,0,0,5,0,5,5,0,0,0,0,0,0,0,0,0,0,0,0
011250106012018,0,0,0,0,0,0,0,0,0,0,0,0,0,0,0,0,0,0,0,0,0,0,0,0,0,0,0,0,0,0,0,0
011250106012017,0,0,0,0,0,0,0,0,0,0,0,0,0,0,0,0,0,0,0,0,0,0,0,0,0,0,0,0,0,0,0,0
011250106012016,37,0,37,40,0,0,0,0,0,0,0,0,0,0,0,0,33,0,33,36,0,0,0,0,0,0,0,0,0,0,0,0
011250106012015,50,2,46,49,0,0,0,0,0,0,0,0,0,0,0,0,39,0,40,43,0,0,0,0,0,0,0,0,0,0,0,0
011250106012013,0,0,0,0,0,0,0,0,0,0,0,0,0,0,0,0,0,0,0,0,0,0,0,0,0,0,0,0,0,0,0,0
011250106012012,0,0,0,0,0,0,0,0,0,0,0,0,0,0,0,0,0,0,0,0,0,0,0,0,0,0,0,0,0,0,0,0
011250106012011,0,0,0,0,0,0,0,0,0,0,0,0,0,0,0,0,0,0,0,0,0,0,0,0,0,0,0,0,0,0,0,0
011250106012010,0,0,0,0,0,0,0,0,0,0,0,0,0,0,0,0,0,0,0,0,0,0,0,0,0,0,0,0,0,0,0,0
011250106012009,7,0,7,8,0,0,0,0,0,0,0,0,0,0,0,0,3,0,3,3,0,0,0,0,0,0,0,0,0,0,0,0
011250106012008,0,0,0,0,0,0,0,0,0,0,0,0,0,0,0,0,0,0,0,0,0,0,0,0,0,0,0,0,0,0,0,0
011250106012007,47,0,47,46,0,0,0,0,0,0,0,0,0,0,0,1,38,0,38,40,0,0,0,0,0,0,0,0,0,0,0,0
011250106012006,0,0,0,0,0,0,0,0,0,0,0,0,0,0,0,0,0,0,0,0,0,0,0,0,0,0,0,0,0,0,0,0
011250106012005,0,0,0,0,0,0,0,0,0,0,0,0,0,0,0,0,0,0,0,0,0,0,0,0,0,0,0,0,0,0,0,0
011250106012004,0,0,0,0,0,0,0,0,0,0,0,0,0,0,0,0,0,0,0,0,0,0,0,0,0,0,0,0,0,0,0,0
011250106012003,40,0,41,44,0,0,0,0,0,0,0,0,0,0,0,0,36,0,36,39,0,0,0,0,0,0,0,0,0,0,0,0
011250106012001,14,0,13,12,0,0,0,0,0,0,0,0,0,0,0,0,7,0,7,7,0,0,0,0,0,0,0,0,0,0,0,0
011250106012000,12,0,12,6,0,0,0,0,0,0,1,0,0,1,0,0,11,0,11,6,0,0,0,0,0,0,0,0,0,0,0,0
011250106011113,0,0,0,0,0,0,0,0,0,0,0,0,0,0,0,0,0,0,0,0,0,0,0,0,0,0,0,0,0,0,0,0
011250106011112,22,0,22,24,0,0,0,0,0,0,0,0,0,0,0,0,23,0,23,24,0,0,0,0,0,0,0,0,0,0,0,0
011250106011111,5,0,4,3,0,0,0,0,0,0,0,0,0,0,0,0,4,0,4,4,0,0,0,0,0,0,0,0,0,0,0,0
011250106011110,9,0,9,7,0,0,0,0,0,0,0,0,0,0,0,0,9,0,9,7,0,0,0,0,0,0,0,0,0,0,0,0
011250106011109,1,0,0,0,0,0,0,0,0,0,0,0,0,0,0,0,0,0,0,0,0,0,0,0,0,0,0,0,0,0,0,0
011250106011108,6,0,6,4,0,2,0,0,0,0,0,0,0,2,0,0,5,0,5,3,0,2,0,0,0,0,0,0,0,2,0,0
011250106011107,0,0,0,0,0,0,0,0,0,0,0,0,0,0,0,0,0,0,0,0,0,0,0,0,0,0,0,0,0,0,0,0
011250106011106,0,0,0,0,0,0,0,0,0,0,0,0,0,0,0,0,0,0,0,0,0,0,0,0,0,0,0,0,0,0,0,0
011250106011105,0,0,0,0,0,0,0,0,0,0,0,0,0,0,0,0,0,0,0,0,0,0,0,0,0,0,0,0,0,0,0,0
011250106011104,10,0,10,11,0,0,0,0,0,0,0,0,0,0,0,0,12,0,12,12,0,0,0,0,0,0,0,0,0,0,0,0
011250106011103,0,0,0,0,0,0,0,0,0,0,0,0,0,0,0,0,0,0,0,0,0,0,0,0,0,0,0,0,0,0,0,0
011250106011102,0,0,0,0,0,0,0,0,0,0,0,0,0,0,0,0,0,0,0,0,0,0,0,0,0,0,0,0,0,0,0,0
011250106011101,11,0,12,11,0,0,0,0,0,0,0,0,0,0,0,0,13,0,13,12,0,0,0,0,0,0,0,0,0,0,0,0
011250106011100,0,0,0,0,0,0,0,0,0,0,0,0,0,0,0,0,0,0,0,0,0,0,0,0,0,0,0,0,0,0,0,0
011250106011099,0,0,0,0,0,0,0,0,0,0,0,0,0,0,0,0,0,0,0,0,0,0,0,0,0,0,0,0,0,0,0,0
011250106011098,8,0,8,5,0,0,0,0,0,0,1,0,0,1,0,0,4,0,4,4,0,0,0,0,0,0,0,0,0,0,0,0
011250106011097,7,0,7,7,0,0,0,0,0,0,0,0,0,0,0,0,5,0,5,5,0,0,0,0,0,0,0,0,0,0,0,0
011250106011096,2,0,2,2,0,0,0,0,0,0,0,0,0,0,0,0,1,0,1,1,0,0,0,0,0,0,0,0,0,0,0,0
011250106011095,0,0,0,0,0,0,0,0,0,0,0,0,0,0,0,0,0,0,0,0,0,0,0,0,0,0,0,0,0,0,0,0
011250106011094,9,0,8,7,0,0,0,0,0,0,1,0,0,1,0,0,4,0,4,5,0,0,0,0,0,0,0,0,0,0,0,0
011250106011093,0,0,0,0,0,0,0,0,0,0,0,0,0,0,0,0,0,0,0,0,0,0,0,0,0,0,0,0,0,0,0,0
011250106011092,0,0,0,0,0,0,0,0,0,0,0,0,0,0,0,0,0,0,0,0,0,0,0,0,0,0,0,0,0,0,0,0
011250106011091,0,0,0,0,0,0,0,0,0,0,0,0,0,0,0,0,0,0,0,0,0,0,0,0,0,0,0,0,0,0,0,0
011250106011090,0,0,0,0,0,0,0,0,0,0,0,0,0,0,0,0,0,0,0,0,0,0,0,0,0,0,0,0,0,0,0,0
011250106011089,0,0,0,0,0,0,0,0,0,0,0,0,0,0,0,0,0,0,0,0,0,0,0,0,0,0,0,0,0,0,0,0
011250106011088,7,0,7,7,0,0,0,0,0,0,0,0,0,0,0,0,8,0,8,8,0,0,0,0,0,0,0,0,0,0,0,0
011250106011087,0,0,0,0,0,0,0,0,0,0,0,0,0,0,0,0,0,0,0,0,0,0,0,0,0,0,0,0,0,0,0,0
011250106011086,0,0,0,0,0,0,0,0,0,0,0,0,0,0,0,0,0,0,0,0,0,0,0,0,0,0,0,0,0,0,0,0
011250106011085,0,0,0,0,0,0,0,0,0,0,0,0,0,0,0,0,0,0,0,0,0,0,0,0,0,0,0,0,0,0,0,0
011250106011084,0,0,0,0,0,0,0,0,0,0,0,0,0,0,0,0,0,0,0,0,0,0,0,0,0,0,0,0,0,0,0,0
011250106011083,0,0,0,0,0,0,0,0,0,0,0,0,0,0,0,0,0,0,0,0,0,0,0,0,0,0,0,0,0,0,0,0
011250106011082,0,0,0,0,0,0,0,0,0,0,0,0,0,0,0,0,0,0,0,0,0,0,0,0,0,0,0,0,0,0,0,0
011250106011081,0,0,0,0,0,0,0,0,0,0,0,0,0,0,0,0,0,0,0,0,0,0,0,0,0,0,0,0,0,0,0,0
011250106011080,0,0,0,0,0,0,0,0,0,0,0,0,0,0,0,0,0,0,0,0,0,0,0,0,0,0,0,0,0,0,0,0
011250106011079,0,0,0,0,0,0,0,0,0,0,0,0,0,0,0,0,0,0,0,0,0,0,0,0,0,0,0,0,0,0,0,0
011250106011078,25,0,26,27,0,0,0,0,0,0,0,0,0,0,0,0,26,0,27,27,0,0,0,0,0,0,0,0,0,0,0,0
011250106011077,0,0,0,0,0,0,0,0,0,0,0,0,0,0,0,0,0,0,0,0,0,0,0,0,0,0,0,0,0,0,0,0
011250106011076,6,0,4,4,0,0,0,0,0,0,0,0,0,0,0,0,6,0,5,5,0,0,0,0,0,0,0,0,0,0,0,0
011250106011075,0,0,0,0,0,0,0,0,0,0,0,0,0,0,0,0,0,0,0,0,0,0,0,0,0,0,0,0,0,0,0,0
011250106011074,2,0,2,2,0,0,0,0,0,0,0,0,0,0,0,0,2,0,2,2,0,0,0,0,0,0,0,0,0,0,0,0
011250106011073,26,0,27,23,0,0,0,0,0,0,3,0,0,2,0,0,22,0,23,21,0,0,0,0,0,0,3,0,0,3,0,0
011250106011072,11,0,12,12,0,0,0,0,0,0,0,0,0,0,0,0,11,0,11,11,0,0,0,0,0,0,0,0,0,0,0,0
011250106011071,0,0,0,0,0,0,0,0,0,0,0,0,0,0,0,0,0,0,0,0,0,0,0,0,0,0,0,0,0,0,0,0
011250106011070,0,0,0,0,0,0,0,0,0,0,0,0,0,0,0,0,0,0,0,0,0,0,0,0,0,0,0,0,0,0,0,0
011250106011069,3,0,3,2,0,1,0,0,0,0,0,0,0,1,0,0,1,0,1,0,0,1,0,0,0,0,0,0,0,1,0,0
011250106011068,80,0,81,85,0,0,0,0,0,0,1,0,0,1,0,0,75,0,75,77,0,0,0,0,0,0,1,0,0,1,0,0
011250106011067,0,0,0,0,0,0,0,0,0,0,0,0,0,0,0,0,0,0,0,0,0,0,0,0,0,0,0,0,0,0,0,0
011250106011066,0,0,0,0,0,0,0,0,0,0,0,0,0,0,0,0,0,0,0,0,0,0,0,0,0,0,0,0,0,0,0,0
011250106011065,0,0,0,0,0,0,0,0,0,0,0,0,0,0,0,0,0,0,0,0,0,0,0,0,0,0,0,0,0,0,0,0
011250106011064,0,0,0,0,0,0,0,0,0,0,0,0,0,0,0,0,0,0,0,0,0,0,0,0,0,0,0,0,0,0,0,0
011250106011063,4,0,4,3,0,0,0,0,0,0,0,0,0,0,0,0,3,0,3,3,0,0,0,0,0,0,0,0,0,0,0,0
011250106011062,0,0,0,0,0,0,0,0,0,0,0,0,0,0,0,0,0,0,0,0,0,0,0,0,0,0,0,0,0,0,0,0
011250106011061,0,0,0,0,0,0,0,0,0,0,0,0,0,0,0,0,0,0,0,0,0,0,0,0,0,0,0,0,0,0,0,0
011250106011060,0,0,0,0,0,0,0,0,0,0,0,0,0,0,0,0,0,0,0,0,0,0,0,0,0,0,0,0,0,0,0,0
011250106011059,0,0,0,0,0,0,0,0,0,0,0,0,0,0,0,0,0,0,0,0,0,0,0,0,0,0,0,0,0,0,0,0
011250106011058,5,0,4,4,0,0,0,0,0,0,0,0,0,0,0,0,5,0,4,5,0,0,0,0,0,0,0,0,0,0,0,0
011250106011057,2,0,3,2,0,0,0,0,0,0,1,0,0,1,0,0,1,0,1,0,0,0,0,0,0,0,1,0,0,1,0,0
011250106011056,0,0,0,0,0,0,0,0,0,0,0,0,0,0,0,0,0,0,0,0,0,0,0,0,0,0,0,0,0,0,0,0
011250106011055,2,0,2,0,0,0,0,0,0,0,2,0,0,2,0,0,2,0,2,0,0,0,0,0,0,0,2,0,0,2,0,0
011250106011054,68,0,67,67,0,0,0,0,0,0,1,0,0,1,0,0,54,0,55,55,0,0,0,0,0,0,1,0,0,1,0,0
011250106011053,0,0,0,0,0,0,0,0,0,0,0,0,0,0,0,0,0,0,0,0,0,0,0,0,0,0,0,0,0,0,0,0
011250106011052,6,0,6,6,0,0,0,0,0,0,0,0,0,0,0,0,1,0,1,1,0,0,0,0,0,0,0,0,0,0,0,0
011250106011051,9,0,9,9,0,0,0,0,0,0,0,0,0,0,0,0,6,0,6,5,0,0,0,0,0,0,0,0,0,0,0,0
011250106011050,82,0,83,85,0,0,0,0,0,0,3,0,0,2,0,0,74,0,75,75,0,0,0,0,0,0,3,0,0,3,0,0
011250106011049,0,0,0,0,0,0,0,0,0,0,0,0,0,0,0,0,0,0,0,0,0,0,0,0,0,0,0,0,0,0,0,0
011250106011048,0,0,0,0,0,0,0,0,0,0,0,0,0,0,0,0,0,0,0,0,0,0,0,0,0,0,0,0,0,0,0,0
011250106011047,0,0,0,0,0,0,0,0,0,0,0,0,0,0,0,0,0,0,0,0,0,0,0,0,0,0,0,0,0,0,0,0
011250106011046,0,0,0,0,0,0,0,0,0,0,0,0,0,0,0,0,0,0,0,0,0,0,0,0,0,0,0,0,0,0,0,0
011250106011045,0,0,0,0,0,0,0,0,0,0,0,0,0,0,0,0,0,0,0,0,0,0,0,0,0,0,0,0,0,0,0,0
011250106011044,0,0,0,0,0,0,0,0,0,0,0,0,0,0,0,0,0,0,0,0,0,0,0,0,0,0,0,0,0,0,0,0
011250106011043,13,0,13,12,0,0,0,0,0,0,0,0,0,0,0,0,11,0,11,11,0,0,0,0,0,0,0,0,0,0,0,0
011250106011042,0,0,0,0,0,0,0,0,0,0,0,0,0,0,0,0,0,0,0,0,0,0,0,0,0,0,0,0,0,0,0,0
011250106011041,0,0,0,0,0,0,0,0,0,0,0,0,0,0,0,0,0,0,0,0,0,0,0,0,0,0,0,0,0,0,0,0
011250106011040,3,0,2,2,0,0,0,0,0,0,0,0,0,0,0,0,0,0,0,0,0,0,0,0,0,0,0,0,0,0,0,0
011250106011039,38,0,38,39,0,0,0,0,0,0,1,0,0,1,0,0,36,0,36,36,0,0,0,0,0,0,1,0,0,1,0,0
011250106011038,0,0,0,0,0,0,0,0,0,0,0,0,0,0,0,0,0,0,0,0,0,0,0,0,0,0,0,0,0,0,0,0
011250106011037,23,0,24,24,0,0,0,0,0,0,1,0,0,1,0,0,22,0,23,22,0,0,0,0,0,0,2,0,0,1,0,0
011250106011036,14,0,14,10,0,0,0,0,0,0,0,0,0,0,0,0,8,0,8,5,0,0,0,0,0,0,0,0,0,0,0,0
011250106011035,0,0,0,0,0,0,0,0,0,0,0,0,0,0,0,0,0,0,0,0,0,0,0,0,0,0,0,0,0,0,0,0
011250106011034,0,0,0,0,0,0,0,0,0,0,0,0,0,0,0,0,0,0,0,0,0,0,0,0,0,0,0,0,0,0,0,0
011250106011033,12,0,12,9,0,0,0,0,0,0,3,0,0,2,0,0,11,0,11,8,0,0,0,0,0,0,3,0,0,3,0,0
011250106011032,0,0,0,0,0,0,0,0,0,0,0,0,0,0,0,0,0,0,0,0,0,0,0,0,0,0,0,0,0,0,0,0
011250106011031,0,0,0,0,0,0,0,0,0,0,0,0,0,0,0,0,0,0,0,0,0,0,0,0,0,0,0,0,0,0,0,0
011250106011030,11,0,11,11,0,0,0,0,0,0,0,0,0,1,0,0,8,0,8,8,0,0,0,0,0,0,0,0,0,0,0,0
011250106011029,6,0,6,2,0,0,0,0,0,0,0,0,0,0,0,0,5,0,5,1,0,0,0,0,0,0,0,0,0,0,0,0
011250106011028,0,0,0,0,0,0,0,0,0,0,0,0,0,0,0,0,0,0,0,0,0,0,0,0,0,0,0,0,0,0,0,0
011250106011027,2,0,1,1,0,0,0,0,0,0,0,0,0,0,0,0,1,0,0,0,0,0,0,0,0,0,0,0,0,0,0,0
011250106011026,22,0,20,20,0,0,0,0,0,0,0,0,0,0,0,0,17,0,16,16,0,0,0,0,0,0,0,0,0,0,0,0
011250106011025,0,0,0,0,0,0,0,0,0,0,0,0,0,0,0,0,0,0,0,0,0,0,0,0,0,0,0,0,0,0,0,0
011250106011024,2,0,2,1,0,0,0,0,0,0,0,0,0,1,0,0,1,0,1,0,0,0,0,0,0,0,1,0,0,1,0,0
011250106011023,21,0,21,22,0,0,0,0,0,0,0,0,0,0,0,0,12,0,13,13,0,0,0,0,0,0,0,0,0,0,0,0
011250106011022,11,0,10,10,0,0,0,0,0,0,0,0,0,0,0,0,11,0,10,10,0,0,0,0,0,0,0,0,0,0,0,0
011250106011021,0,0,0,0,0,0,0,0,0,0,0,0,0,0,0,0,0,0,0,0,0,0,0,0,0,0,0,0,0,0,0,0
011250106011020,4,0,4,4,0,0,0,0,0,0,0,0,0,0,0,0,0,0,0,0,0,0,0,0,0,0,0,0,0,0,0,0
011250106011019,0,0,0,0,0,0,0,0,0,0,0,0,0,0,0,0,0,0,0,0,0,0,0,0,0,0,0,0,0,0,0,0
011250106011018,0,0,0,0,0,0,0,0,0,0,0,0,0,0,0,0,0,0,0,0,0,0,0,0,0,0,0,0,0,0,0,0
011250106011017,24,0,25,25,0,0,0,0,0,0,0,0,0,0,0,0,27,0,27,27,0,0,0,0,0,0,0,0,0,0,0,0
011250106011016,0,0,0,0,0,0,0,0,0,0,0,0,0,0,0,0,0,0,0,0,0,0,0,0,0,0,0,0,0,0,0,0
011250106011015,0,0,0,0,0,0,0,0,0,0,0,0,0,0,0,0,0,0,0,0,0,0,0,0,0,0,0,0,0,0,0,0
011250106011014,4,0,4,4,0,0,0,0,0,0,0,0,0,0,0,0,4,0,4,4,0,0,0,0,0,0,0,0,0,0,0,0
011250106011013,0,0,0,0,0,0,0,0,0,0,0,0,0,0,0,0,0,0,0,0,0,0,0,0,0,0,0,0,0,0,0,0
011250106011012,27,0,28,28,0,0,0,0,0,0,0,0,0,1,0,0,22,0,22,21,0,0,0,0,0,0,0,0,0,1,0,0
011250106011011,0,0,0,0,0,0,0,0,0,0,0,0,0,0,0,0,0,0,0,0,0,0,0,0,0,0,0,0,0,0,0,0
011250106011010,0,0,0,0,0,0,0,0,0,0,0,0,0,0,0,0,0,0,0,0,0,0,0,0,0,0,0,0,0,0,0,0
011250106011009,18,0,19,16,0,0,0,0,0,0,0,0,0,0,0,0,15,0,16,15,0,0,0,0,0,0,0,0,0,0,0,0
011250106011008,3,0,3,3,0,0,0,0,0,0,0,0,0,0,0,0,4,0,3,3,0,0,0,0,0,0,0,0,0,0,0,0
011250106011007,7,0,7,7,0,1,0,0,0,0,0,0,0,1,0,0,6,0,6,5,0,1,0,0,0,0,0,0,0,1,0,0
011250106011006,9,0,10,10,0,0,0,0,0,0,0,0,0,0,0,0,11,0,11,11,0,0,0,0,0,0,0,0,0,0,0,0
011250106011005,0,0,0,0,0,0,0,0,0,0,0,0,0,0,0,0,0,0,0,0,0,0,0,0,0,0,0,0,0,0,0,0
011250106011004,0,0,0,0,0,0,0,0,0,0,0,0,0,0,0,0,0,0,0,0,0,0,0,0,0,0,0,0,0,0,0,0
011250106011003,33,0,33,31,0,0,0,0,0,0,2,0,0,2,0,0,36,0,35,32,0,0,0,0,0,0,2,0,0,2,0,0
011250106011002,0,0,0,0,0,0,0,0,0,0,0,0,0,0,0,0,0,0,0,0,0,0,0,0,0,0,0,0,0,0,0,0
011250106011001,0,0,0,0,0,0,0,0,0,0,0,0,0,0,0,0,0,0,0,0,0,0,0,0,0,0,0,0,0,0,0,0
011250106011000,0,0,0,0,0,0,0,0,0,0,0,0,0,0,0,0,0,0,0,0,0,0,0,0,0,0,0,0,0,0,0,0
011250105002049,0,0,0,0,0,0,0,0,0,0,0,0,0,0,0,0,0,0,0,0,0,0,0,0,0,0,0,0,0,0,0,0
011250105002048,5,0,5,3,0,0,0,0,0,0,1,0,0,1,0,1,0,0,0,0,0,0,0,0,0,0,0,0,0,0,0,0
011250105002047,0,0,0,0,0,0,0,0,0,0,0,0,0,0,0,0,0,0,0,0,0,0,0,0,0,0,0,0,0,0,0,0
011250105002044,5,0,0,0,0,0,0,0,0,0,0,0,0,0,0,0,0,0,0,0,0,0,0,0,0,0,0,0,0,0,0,0
011250105002037,0,0,0,0,0,0,0,0,0,0,0,0,0,0,0,0,0,0,0,0,0,0,0,0,0,0,0,0,0,0,0,0
011250105002034,2,0,0,0,0,0,0,0,0,0,0,0,0,0,0,0,2,0,0,0,0,0,0,0,0,0,0,0,0,0,0,0
011250105002031,0,0,0,0,0,0,0,0,0,0,0,0,0,0,0,0,0,0,0,0,0,0,0,0,0,0,0,0,0,0,0,0
011250105002022,0,0,0,0,0,0,0,0,0,0,0,0,0,0,0,0,0,0,0,0,0,0,0,0,0,0,0,0,0,0,0,0
011250105002021,0,0,0,0,0,0,0,0,0,0,0,0,0,0,0,0,0,0,0,0,0,0,0,0,0,0,0,0,0,0,0,0
011250105002020,0,0,0,0,0,0,0,0,0,0,0,0,0,0,0,0,0,0,0,0,0,0,0,0,0,0,0,0,0,0,0,0
011250105002019,0,0,0,0,0,0,0,0,0,0,0,0,0,0,0,0,0,0,0,0,0,0,0,0,0,0,0,0,0,0,0,0
011250105002018,0,0,0,0,0,0,0,0,0,0,0,0,0,0,0,0,0,0,0,0,0,0,0,0,0,0,0,0,0,0,0,0
011250105002017,0,0,0,0,0,0,0,0,0,0,0,0,0,0,0,0,0,0,0,0,0,0,0,0,0,0,0,0,0,0,0,0
011250105002016,0,0,0,0,0,0,0,0,0,0,0,0,0,0,0,0,0,0,0,0,0,0,0,0,0,0,0,0,0,0,0,0
011250105002008,49,0,45,42,5,0,0,0,0,0,0,0,0,0,0,5,32,0,32,42,0,0,0,0,0,0,0,0,0,0,0,0
011250105002007,0,0,0,0,0,0,0,0,0,0,0,0,0,0,0,0,0,0,0,0,0,0,0,0,0,0,0,0,0,0,0,0
011250105002006,0,0,0,0,0,0,0,0,0,0,0,0,0,0,0,0,0,0,0,0,0,0,0,0,0,0,0,0,0,0,0,0
011250105002003,0,0,0,0,0,0,0,0,0,0,0,0,0,0,0,0,0,0,0,0,0,0,0,0,0,0,0,0,0,0,0,0
011250105002002,0,0,0,0,0,0,0,0,0,0,0,0,0,0,0,0,0,0,0,0,0,0,0,0,0,0,0,0,0,0,0,0
011250105002001,0,0,0,0,0,0,0,0,0,0,0,0,0,0,0,0,0,0,0,0,0,0,0,0,0,0,0,0,0,0,0,0
011250105002000,0,0,0,0,0,0,0,0,0,0,0,0,0,0,0,0,0,0,0,0,0,0,0,0,0,0,0,0,0,0,0,0
011250105001069,0,0,0,0,0,0,0,0,0,0,0,0,0,0,0,0,0,0,0,0,0,0,0,0,0,0,0,0,0,0,0,0
011250105001068,2,0,2,3,0,0,0,0,0,0,0,0,0,0,0,0,3,0,3,3,0,0,0,0,0,0,0,0,0,0,0,0
011250105001067,0,0,0,0,0,0,0,0,0,0,0,0,0,0,0,0,0,0,0,0,0,0,0,0,0,0,0,0,0,0,0,0
011250105001064,2,0,2,0,2,0,0,0,0,0,0,0,0,0,0,2,0,0,0,0,0,0,0,0,0,0,0,0,0,0,0,0
011250105001059,12,1,11,10,1,0,0,0,0,0,0,0,0,0,0,1,11,0,9,9,0,0,0,0,0,0,0,0,0,0,0,0
011250105001054,0,0,0,0,0,0,0,0,0,0,0,0,0,0,0,0,0,0,0,0,0,0,0,0,0,0,0,0,0,0,0,0
011250105001053,0,0,0,0,0,0,0,0,0,0,0,0,0,0,0,0,0,0,0,0,0,0,0,0,0,0,0,0,0,0,0,0
011250105001046,9,5,0,0,0,0,0,0,0,0,0,0,0,0,0,0,5,0,0,0,0,0,0,0,0,0,0,0,0,0,0,0
011250105001043,0,0,0,0,0,0,0,0,0,0,0,0,0,0,0,0,0,0,0,0,0,0,0,0,0,0,0,0,0,0,0,0
011250105001041,0,0,0,0,0,0,0,0,0,0,0,0,0,0,0,0,0,0,0,0,0,0,0,0,0,0,0,0,0,0,0,0
011250105001040,5,1,5,4,0,0,0,0,0,0,0,0,0,0,0,0,4,0,5,5,0,0,0,0,0,0,0,0,0,0,0,0
011250105001039,0,0,0,0,0,0,0,0,0,0,0,0,0,0,0,0,0,0,0,0,0,0,0,0,0,0,0,0,0,0,0,0
011250105001035,19,0,21,17,4,0,0,0,0,0,0,0,0,0,0,5,12,0,13,13,0,0,0,0,0,0,0,0,0,0,0,0
011250105001034,0,0,0,0,0,0,0,0,0,0,0,0,0,0,0,0,0,0,0,0,0,0,0,0,0,0,0,0,0,0,0,0
011250105001030,5,0,5,3,2,0,0,0,0,0,0,0,0,0,0,2,3,0,4,3,0,0,0,0,0,0,0,0,0,0,0,0
011250105001029,16,1,15,15,1,0,0,0,0,0,0,0,0,0,0,1,13,0,12,12,0,0,0,0,0,0,0,0,0,0,0,0
011250105001028,0,0,0,0,0,0,0,0,0,0,0,0,0,0,0,0,0,0,0,0,0,0,0,0,0,0,0,0,0,0,0,0
011250105001027,0,0,0,0,0,0,0,0,0,0,0,0,0,0,0,0,0,0,0,0,0,0,0,0,0,0,0,0,0,0,0,0
011250105001026,0,0,0,0,0,0,0,0,0,0,0,0,0,0,0,0,0,0,0,0,0,0,0,0,0,0,0,0,0,0,0,0
011250105001025,1,1,0,0,0,0,0,0,0,0,0,0,0,0,0,0,0,0,0,0,0,0,0,0,0,0,0,0,0,0,0,0
011250105001024,0,0,0,0,0,0,0,0,0,0,0,0,0,0,0,0,0,0,0,0,0,0,0,0,0,0,0,0,0,0,0,0
011250105001023,3,1,2,2,0,0,0,0,0,0,0,0,0,0,0,0,3,0,2,2,0,0,0,0,0,0,0,0,0,0,0,0
011250105001020,0,0,0,0,0,0,0,0,0,0,0,0,0,0,0,0,0,0,0,0,0,0,0,0,0,0,0,0,0,0,0,0
011250105001019,0,0,0,0,0,0,0,0,0,0,0,0,0,0,0,0,0,0,0,0,0,0,0,0,0,0,0,0,0,0,0,0
011250105001018,5,1,4,4,0,0,0,0,0,0,0,0,0,0,0,0,5,0,5,5,0,0,0,0,0,0,0,0,0,0,0,0
011250105001015,0,0,0,0,0,0,0,0,0,0,0,0,0,0,0,0,0,0,0,0,0,0,0,0,0,0,0,0,0,0,0,0
011250105001013,4,1,2,3,0,0,0,0,0,0,0,0,0,0,0,0,4,0,3,3,0,0,0,0,0,0,0,0,0,0,0,0
011250105001011,0,0,0,0,0,0,0,0,0,0,0,0,0,0,0,0,0,0,0,0,0,0,0,0,0,0,0,0,0,0,0,0
011250105001008,0,0,0,0,0,0,0,0,0,0,0,0,0,0,0,0,0,0,0,0,0,0,0,0,0,0,0,0,0,0,0,0
011250105001004,6,3,1,0,0,0,0,0,0,0,0,0,0,0,0,0,1,0,1,0,0,0,0,0,0,0,0,0,0,0,0,0
011250105001002,16,7,3,4,0,0,0,0,0,0,0,0,0,0,0,0,10,0,2,2,0,0,0,0,0,0,0,0,0,0,0,0
011250104072041,0,0,0,0,0,0,0,0,0,0,0,0,0,0,0,0,0,0,0,0,0,0,0,0,0,0,0,0,0,0,0,0
011250104072040,0,0,0,0,0,0,0,0,0,0,0,0,0,0,0,0,0,0,0,0,0,0,0,0,0,0,0,0,0,0,0,0
011250104072039,0,0,0,0,0,0,0,0,0,0,0,0,0,0,0,0,0,0,0,0,0,0,0,0,0,0,0,0,0,0,0,0
011250104072037,15,8,10,7,0,0,0,0,0,0,0,0,0,0,0,0,14,6,10,8,0,0,0,0,0,0,0,0,0,0,0,0
011250104072036,31,6,27,26,0,0,0,0,0,0,0,0,0,0,0,0,20,0,20,17,0,0,0,0,0,0,0,0,0,0,0,0
011250104072035,18,3,16,17,0,0,0,0,0,0,0,0,0,0,0,0,17,4,15,17,0,0,0,0,0,0,0,0,0,0,0,0
011250104072032,0,0,0,0,0,0,0,0,0,0,0,0,0,0,0,0,0,0,0,0,0,0,0,0,0,0,0,0,0,0,0,0
011250104072031,0,0,0,0,0,0,0,0,0,0,0,0,0,0,0,0,0,0,0,0,0,0,0,0,0,0,0,0,0,0,0,0
011250104072030,7,0,7,8,0,0,0,0,0,0,0,0,0,0,0,0,8,0,7,9,0,0,0,0,0,0,0,0,0,0,0,0
011250104072029,0,0,0,0,0,0,0,0,0,0,0,0,0,0,0,0,0,0,0,0,0,0,0,0,0,0,0,0,0,0,0,0
011250104072028,0,0,0,0,0,0,0,0,0,0,0,0,0,0,0,0,0,0,0,0,0,0,0,0,0,0,0,0,0,0,0,0
011250104072024,16,1,14,16,0,0,0,0,0,0,0,0,0,0,0,0,13,0,13,14,0,0,0,0,0,0,0,0,0,0,0,0
011250104072023,25,1,23,26,0,0,0,0,0,0,0,0,0,0,0,0,20,2,19,20,0,0,0,0,0,0,0,0,0,0,0,0
011250104072022,210,15,197,226,0,0,0,0,0,0,0,0,0,0,0,0,184,19,171,195,0,0,0,0,0,0,0,0,0,0,0,0
011250104072021,5,0,5,5,0,0,0,0,0,0,0,0,0,0,0,0,5,0,5,5,0,0,0,0,0,0,0,0,0,0,0,0
011250104072019,22,6,18,21,0,0,0,0,0,0,0,0,0,0,0,0,17,0,17,19,0,0,0,0,0,0,0,0,0,0,0,0
011250104072018,76,8,70,77,0,0,0,0,0,0,0,0,0,0,0,0,57,4,53,61,0,0,0,0,0,0,0,0,0,0,0,0
011250104072013,23,5,20,21,0,0,0,0,0,0,0,0,0,0,0,0,20,0,20,22,0,0,0,0,0,0,0,0,0,0,0,0
011250104072011,33,0,32,29,0,0,0,0,0,0,0,0,0,0,0,1,31,0,30,30,0,0,0,0,0,0,0,0,0,0,0,0
011250104072009,43,6,39,42,0,0,0,0,0,0,0,0,0,0,0,0,38,8,34,37,0,0,0,0,0,0,0,0,0,0,0,0
011250104072006,0,0,0,0,0,0,0,0,0,0,0,0,0,0,0,0,0,0,0,0,0,0,0,0,0,0,0,0,0,0,0,0
011250104072005,0,0,0,0,0,0,0,0,0,0,0,0,0,0,0,0,0,0,0,0,0,0,0,0,0,0,0,0,0,0,0,0
011250104072004,0,0,0,0,0,0,0,0,0,0,0,0,0,0,0,0,0,0,0,0,0,0,0,0,0,0,0,0,0,0,0,0
011250104072003,0,0,0,0,0,0,0,0,0,0,0,0,0,0,0,0,0,0,0,0,0,0,0,0,0,0,0,0,0,0,0,0
011250104072002,0,0,0,0,0,0,0,0,0,0,0,0,0,0,0,0,0,0,0,0,0,0,0,0,0,0,0,0,0,0,0,0
011250104072001,0,0,0,0,0,0,0,0,0,0,0,0,0,0,0,0,0,0,0,0,0,0,0,0,0,0,0,0,0,0,0,0
011250104072000,0,0,0,0,0,0,0,0,0,0,0,0,0,0,0,0,0,0,0,0,0,0,0,0,0,0,0,0,0,0,0,0
011250104071011,0,0,0,0,0,0,0,0,0,0,0,0,0,0,0,0,0,0,0,0,0,0,0,0,0,0,0,0,0,0,0,0
011250104071010,10,7,7,4,1,0,1,0,0,0,0,0,0,0,1,1,6,8,4,4,0,0,0,0,0,0,0,0,0,0,0,0
011250104071009,0,0,0,0,0,0,0,0,0,0,0,0,0,0,0,0,0,0,0,0,0,0,0,0,0,0,0,0,0,0,0,0
011250104071007,0,0,0,0,0,0,0,0,0,0,0,0,0,0,0,0,0,0,0,0,0,0,0,0,0,0,0,0,0,0,0,0
011250104071006,0,0,0,0,0,0,0,0,0,0,0,0,0,0,0,0,0,0,0,0,0,0,0,0,0,0,0,0,0,0,0,0
011250104071003,0,0,0,0,0,0,0,0,0,0,0,0,0,0,0,0,0,0,0,0,0,0,0,0,0,0,0,0,0,0,0,0
011250104063041,0,0,0,0,0,0,0,0,0,0,0,0,0,0,0,0,0,0,0,0,0,0,0,0,0,0,0,0,0,0,0,0
011250104063040,0,0,0,0,0,0,0,0,0,0,0,0,0,0,0,0,0,0,0,0,0,0,0,0,0,0,0,0,0,0,0,0
011250104063039,0,0,0,0,0,0,0,0,0,0,0,0,0,0,0,0,0,0,0,0,0,0,0,0,0,0,0,0,0,0,0,0
011250104063036,0,0,0,0,0,0,0,0,0,0,0,0,0,0,0,0,0,0,0,0,0,0,0,0,0,0,0,0,0,0,0,0
011250104063035,34,0,35,36,0,0,0,0,0,0,0,0,0,0,1,0,21,0,21,24,0,0,0,0,0,0,0,0,0,0,0,0
011250104063030,0,0,0,0,0,0,0,0,0,0,0,0,0,0,0,0,0,0,0,0,0,0,0,0,0,0,0,0,0,0,0,0
011250104063029,17,0,17,8,2,0,2,0,0,0,0,0,0,0,2,2,14,0,14,7,0,0,0,0,0,0,0,0,0,0,0,0
011250104063027,0,0,0,0,0,0,0,0,0,0,0,0,0,0,0,0,0,0,0,0,0,0,0,0,0,0,0,0,0,0,0,0
011250104063026,0,0,0,0,0,0,0,0,0,0,0,0,0,0,0,0,0,0,0,0,0,0,0,0,0,0,0,0,0,0,0,0
011250104063025,0,0,0,0,0,0,0,0,0,0,0,0,0,0,0,0,0,0,0,0,0,0,0,0,0,0,0,0,0,0,0,0
011250104063022,31,0,31,29,0,0,1,0,0,0,0,0,0,0,1,1,28,0,29,27,0,0,0,0,0,0,0,0,0,0,0,0
011250104063019,5,0,5,5,0,0,0,0,0,0,0,0,0,0,0,0,5,0,5,6,0,0,0,0,0,0,0,0,0,0,0,0
011250104063018,0,0,0,0,0,0,0,0,0,0,0,0,0,0,0,0,0,0,0,0,0,0,0,0,0,0,0,0,0,0,0,0
011250104063016,24,0,24,25,0,0,0,0,0,0,0,0,0,0,0,0,18,0,18,21,0,0,0,0,0,0,0,0,0,0,0,0
011250104063015,15,0,16,17,0,0,0,0,0,0,0,0,0,0,0,0,16,0,16,18,0,0,0,0,0,0,0,0,0,0,0,0
011250104063014,0,0,0,0,0,0,0,0,0,0,0,0,0,0,0,0,0,0,0,0,0,0,0,0,0,0,0,0,0,0,0,0
011250104063013,6,0,6,0,3,0,0,0,0,0,0,0,0,0,0,3,0,0,0,0,0,0,0,0,0,0,0,0,0,0,0,0
011250104063012,0,0,0,0,0,0,0,0,0,0,0,0,0,0,0,0,0,0,0,0,0,0,0,0,0,0,0,0,0,0,0,0
011250104063009,0,0,0,0,0,0,0,0,0,0,0,0,0,0,0,0,0,0,0,0,0,0,0,0,0,0,0,0,0,0,0,0
011250104063008,0,0,0,0,0,0,0,0,0,0,0,0,0,0,0,0,0,0,0,0,0,0,0,0,0,0,0,0,0,0,0,0
011250104063007,0,0,0,0,0,0,0,0,0,0,0,0,0,0,0,0,0,0,0,0,0,0,0,0,0,0,0,0,0,0,0,0
011250104063006,0,0,0,0,0,0,0,0,0,0,0,0,0,0,0,0,0,0,0,0,0,0,0,0,0,0,0,0,0,0,0,0
011250104063005,8,0,7,5,0,0,0,0,0,0,0,0,0,0,0,0,3,0,2,2,0,0,0,0,0,0,0,0,0,0,0,0
011250104063004,12,0,13,7,0,0,2,0,0,0,0,0,0,0,1,0,13,0,13,7,0,0,0,0,0,0,0,0,0,0,0,0
011250104063003,0,0,0,0,0,0,0,0,0,0,0,0,0,0,0,0,0,0,0,0,0,0,0,0,0,0,0,0,0,0,0,0
011250104063000,185,0,186,192,0,0,2,0,0,0,0,0,0,0,2,0,143,0,142,154,0,0,0,0,0,0,0,0,0,0,0,0
011250104062029,0,0,0,0,0,0,0,0,0,0,0,0,0,0,0,0,0,0,0,0,0,0,0,0,0,0,0,0,0,0,0,0
011250104062028,18,3,15,7,0,0,2,0,0,0,0,0,0,0,3,0,8,0,8,1,0,0,2,0,0,0,0,0,0,0,3,0
011250104062027,0,0,0,0,0,0,0,0,0,0,0,0,0,0,0,0,0,0,0,0,0,0,0,0,0,0,0,0,0,0,0,0
011250104062026,0,0,0,0,0,0,0,0,0,0,0,0,0,0,0,0,0,0,0,0,0,0,0,0,0,0,0,0,0,0,0,0
011250104062025,0,0,0,0,0,0,0,0,0,0,0,0,0,0,0,0,0,0,0,0,0,0,0,0,0,0,0,0,0,0,0,0
011250104062024,0,0,0,0,0,0,0,0,0,0,0,0,0,0,0,0,0,0,0,0,0,0,0,0,0,0,0,0,0,0,0,0
011250104062022,36,0,36,35,0,0,1,0,0,0,0,0,0,0,1,0,32,0,32,32,0,0,1,0,0,0,0,0,0,0,1,0
011250104062021,69,5,65,63,0,0,0,0,0,0,0,0,0,0,0,0,51,3,47,44,0,0,0,0,0,0,0,0,0,0,0,0
011250104062019,0,0,0,0,0,0,0,0,0,0,0,0,0,0,0,0,0,0,0,0,0,0,0,0,0,0,0,0,0,0,0,0
011250104062018,0,0,0,0,0,0,0,0,0,0,0,0,0,0,0,0,0,0,0,0,0,0,0,0,0,0,0,0,0,0,0,0
011250104062016,202,3,199,209,0,0,0,0,0,0,0,0,0,0,0,0,120,2,118,125,0,0,0,0,0,0,0,0,0,0,0,0
011250104062015,21,4,17,17,0,0,0,0,0,0,0,0,0,0,0,0,17,1,16,17,0,0,0,0,0,0,0,0,0,0,0,0
011250104062012,0,0,0,0,0,0,0,0,0,0,0,0,0,0,0,0,0,0,0,0,0,0,0,0,0,0,0,0,0,0,0,0
011250104062011,55,0,55,58,0,0,0,0,0,0,0,0,0,0,0,0,32,0,32,35,0,0,0,0,0,0,0,0,0,0,0,0
011250104062010,0,0,0,0,0,0,0,0,0,0,0,0,0,0,0,0,0,0,0,0,0,0,0,0,0,0,0,0,0,0,0,0
011250104062008,0,0,0,0,0,0,0,0,0,0,0,0,0,0,0,0,0,0,0,0,0,0,0,0,0,0,0,0,0,0,0,0
011250104062007,0,0,0,0,0,0,0,0,0,0,0,0,0,0,0,0,0,0,0,0,0,0,0,0,0,0,0,0,0,0,0,0
011250104062005,21,4,16,12,5,0,0,0,0,0,0,0,0,0,0,4,9,0,9,10,0,0,0,0,0,0,0,0,0,0,0,0
011250104062004,0,0,0,0,0,0,0,0,0,0,0,0,0,0,0,0,0,0,0,0,0,0,0,0,0,0,0,0,0,0,0,0
011250104062003,0,0,0,0,0,0,0,0,0,0,0,0,0,0,0,0,0,0,0,0,0,0,0,0,0,0,0,0,0,0,0,0
011250104062002,0,0,0,0,0,0,0,0,0,0,0,0,0,0,0,0,0,0,0,0,0,0,0,0,0,0,0,0,0,0,0,0
011250104062001,0,0,0,0,0,0,0,0,0,0,0,0,0,0,0,0,0,0,0,0,0,0,0,0,0,0,0,0,0,0,0,0
011250104062000,0,0,0,0,0,0,0,0,0,0,0,0,0,0,0,0,0,0,0,0,0,0,0,0,0,0,0,0,0,0,0,0
011250104061017,0,0,0,0,0,0,0,0,0,0,0,0,0,0,0,0,0,0,0,0,0,0,0,0,0,0,0,0,0,0,0,0
011250104061016,0,0,0,0,0,0,0,0,0,0,0,0,0,0,0,0,0,0,0,0,0,0,0,0,0,0,0,0,0,0,0,0
011250104061015,55,0,57,59,0,0,0,0,0,0,0,0,0,0,0,0,32,0,32,32,0,0,0,0,0,0,0,0,0,0,0,0
011250104061013,59,0,61,56,2,0,4,0,0,0,0,0,0,0,3,3,41,0,42,38,0,0,6,0,0,0,0,0,0,0,6,0
011250104061012,0,0,0,0,0,0,0,0,0,0,0,0,0,0,0,0,0,0,0,0,0,0,0,0,0,0,0,0,0,0,0,0
011250104061011,30,0,30,28,0,0,2,0,0,0,0,0,0,0,2,0,17,0,17,17,0,0,0,0,0,0,0,0,0,0,0,0
011250104061010,0,0,0,0,0,0,0,0,0,0,0,0,0,0,0,0,0,0,0,0,0,0,0,0,0,0,0,0,0,0,0,0
011250104061008,51,0,53,46,0,0,7,0,0,0,0,0,0,0,7,0,28,0,29,23,0,0,9,0,0,0,0,0,0,0,9,0
011250104061007,50,0,51,45,4,0,0,0,0,0,0,0,0,0,0,3,27,0,28,25,0,0,0,0,0,0,0,0,0,0,0,0
011250104061006,245,0,246,244,2,0,4,0,0,0,1,0,0,1,3,2,154,0,158,152,0,0,5,0,0,0,0,0,0,0,5,0
011250104061005,84,0,75,71,0,0,0,0,0,0,0,0,0,0,1,6,54,0,46,45,0,0,0,0,0,0,0,0,0,0,0,0
011250104061002,3,0,3,0,0,0,0,0,0,0,0,0,0,0,0,1,1,0,1,0,0,0,0,0,0,0,0,0,0,0,0,0
011250104052045,0,0,0,0,0,0,0,0,0,0,0,0,0,0,0,0,0,0,0,0,0,0,0,0,0,0,0,0,0,0,0,0
011250104052044,0,0,0,0,0,0,0,0,0,0,0,0,0,0,0,0,0,0,0,0,0,0,0,0,0,0,0,0,0,0,0,0
011250104052043,0,0,0,0,0,0,0,0,0,0,0,0,0,0,0,0,0,0,0,0,0,0,0,0,0,0,0,0,0,0,0,0
011250104052042,0,0,0,0,0,0,0,0,0,0,0,0,0,0,0,0,0,0,0,0,0,0,0,0,0,0,0,0,0,0,0,0
011250104052041,0,0,0,0,0,0,0,0,0,0,0,0,0,0,0,0,0,0,0,0,0,0,0,0,0,0,0,0,0,0,0,0
011250104052040,0,0,0,0,0,0,0,0,0,0,0,0,0,0,0,0,0,0,0,0,0,0,0,0,0,0,0,0,0,0,0,0
011250104052039,0,0,0,0,0,0,0,0,0,0,0,0,0,0,0,0,0,0,0,0,0,0,0,0,0,0,0,0,0,0,0,0
011250104052038,0,0,0,0,0,0,0,0,0,0,0,0,0,0,0,0,0,0,0,0,0,0,0,0,0,0,0,0,0,0,0,0
011250104052037,0,0,0,0,0,0,0,0,0,0,0,0,0,0,0,0,0,0,0,0,0,0,0,0,0,0,0,0,0,0,0,0
011250104052036,0,0,0,0,0,0,0,0,0,0,0,0,0,0,0,0,0,0,0,0,0,0,0,0,0,0,0,0,0,0,0,0
011250104052035,0,0,0,0,0,0,0,0,0,0,0,0,0,0,0,0,0,0,0,0,0,0,0,0,0,0,0,0,0,0,0,0
011250104052034,0,0,0,0,0,0,0,0,0,0,0,0,0,0,0,0,0,0,0,0,0,0,0,0,0,0,0,0,0,0,0,0
011250104052033,0,0,0,0,0,0,0,0,0,0,0,0,0,0,0,0,0,0,0,0,0,0,0,0,0,0,0,0,0,0,0,0
011250104052032,0,0,0,0,0,0,0,0,0,0,0,0,0,0,0,0,0,0,0,0,0,0,0,0,0,0,0,0,0,0,0,0
011250104052031,0,0,0,0,0,0,0,0,0,0,0,0,0,0,0,0,0,0,0,0,0,0,0,0,0,0,0,0,0,0,0,0
011250104052030,0,0,0,0,0,0,0,0,0,0,0,0,0,0,0,0,0,0,0,0,0,0,0,0,0,0,0,0,0,0,0,0
011250104052029,0,0,0,0,0,0,0,0,0,0,0,0,0,0,0,0,0,0,0,0,0,0,0,0,0,0,0,0,0,0,0,0
011250104052028,0,0,0,0,0,0,0,0,0,0,0,0,0,0,0,0,0,0,0,0,0,0,0,0,0,0,0,0,0,0,0,0
011250104052027,0,0,0,0,0,0,0,0,0,0,0,0,0,0,0,0,0,0,0,0,0,0,0,0,0,0,0,0,0,0,0,0
011250104052024,0,0,0,0,0,0,0,0,0,0,0,0,0,0,0,0,0,0,0,0,0,0,0,0,0,0,0,0,0,0,0,0
011250104052017,0,0,0,0,0,0,0,0,0,0,0,0,0,0,0,0,0,0,0,0,0,0,0,0,0,0,0,0,0,0,0,0
011250104052016,0,0,0,0,0,0,0,0,0,0,0,0,0,0,0,0,0,0,0,0,0,0,0,0,0,0,0,0,0,0,0,0
011250104052015,0,0,0,0,0,0,0,0,0,0,0,0,0,0,0,0,0,0,0,0,0,0,0,0,0,0,0,0,0,0,0,0
011250104052014,8,5,3,0,0,0,0,0,0,0,0,0,0,0,0,0,7,2,3,0,0,0,0,0,0,0,0,0,0,0,0,0
011250104052013,10,4,5,5,0,0,0,0,0,0,0,0,0,0,0,0,4,0,4,5,0,0,0,0,0,0,0,0,0,0,0,0
011250104052012,26,1,26,28,0,0,0,0,0,0,0,0,0,0,0,0,22,1,23,25,0,0,0,0,0,0,0,0,0,0,0,0
011250104052010,0,0,0,0,0,0,0,0,0,0,0,0,0,0,0,0,0,0,0,0,0,0,0,0,0,0,0,0,0,0,0,0
011250104052009,0,0,0,0,0,0,0,0,0,0,0,0,0,0,0,0,0,0,0,0,0,0,0,0,0,0,0,0,0,0,0,0
011250104052008,0,0,0,0,0,0,0,0,0,0,0,0,0,0,0,0,0,0,0,0,0,0,0,0,0,0,0,0,0,0,0,0
011250104052007,0,0,0,0,0,0,0,0,0,0,0,0,0,0,0,0,0,0,0,0,0,0,0,0,0,0,0,0,0,0,0,0
011250104052006,5,0,5,3,2,0,0,0,0,0,0,0,0,0,0,2,0,0,0,0,0,0,0,0,0,0,0,0,0,0,0,0
011250104052005,0,0,0,0,0,0,0,0,0,0,0,0,0,0,0,0,0,0,0,0,0,0,0,0,0,0,0,0,0,0,0,0
011250104052004,0,0,0,0,0,0,0,0,0,0,0,0,0,0,0,0,0,0,0,0,0,0,0,0,0,0,0,0,0,0,0,0
011250104052003,8,2,6,2,0,0,0,0,0,8,0,0,0,0,0,2,4,1,3,0,0,0,0,0,0,0,0,0,0,0,0,0
011250104052002,0,0,0,0,0,0,0,0,0,0,0,0,0,0,0,0,0,0,0,0,0,0,0,0,0,0,0,0,0,0,0,0
011250104052000,0,0,0,0,0,0,0,0,0,0,0,0,0,0,0,0,0,0,0,0,0,0,0,0,0,0,0,0,0,0,0,0
011250104051127,0,0,0,0,0,0,0,0,0,0,0,0,0,0,0,0,0,0,0,0,0,0,0,0,0,0,0,0,0,0,0,0
011250104051126,0,0,0,0,0,0,0,0,0,0,0,0,0,0,0,0,0,0,0,0,0,0,0,0,0,0,0,0,0,0,0,0
011250104051125,0,0,0,0,0,0,0,0,0,0,0,0,0,0,0,0,0,0,0,0,0,0,0,0,0,0,0,0,0,0,0,0
011250104051124,0,0,0,0,0,0,0,0,0,0,0,0,0,0,0,0,0,0,0,0,0,0,0,0,0,0,0,0,0,0,0,0
011250104051123,0,0,0,0,0,0,0,0,0,0,0,0,0,0,0,0,0,0,0,0,0,0,0,0,0,0,0,0,0,0,0,0
011250104051122,0,0,0,0,0,0,0,0,0,0,0,0,0,0,0,0,0,0,0,0,0,0,0,0,0,0,0,0,0,0,0,0
011250104051121,0,0,0,0,0,0,0,0,0,0,0,0,0,0,0,0,0,0,0,0,0,0,0,0,0,0,0,0,0,0,0,0
011250104051119,13,0,8,3,2,0,1,0,0,0,0,0,0,0,1,2,9,1,6,4,0,0,0,0,0,0,0,0,0,0,0,0
011250104051118,63,0,64,56,0,0,4,0,0,0,0,0,0,0,3,0,44,0,43,37,0,0,2,0,0,0,0,0,0,0,2,0
011250104051117,16,0,16,7,0,0,6,0,0,0,0,0,0,0,5,0,9,0,9,6,0,0,2,0,0,0,0,0,0,0,2,0
011250104051116,13,0,10,6,2,0,1,0,0,0,0,0,0,0,1,2,8,0,7,6,0,0,1,0,0,0,0,0,0,0,1,0
011250104051115,0,0,0,0,0,0,0,0,0,0,0,0,0,0,0,0,0,0,0,0,0,0,0,0,0,0,0,0,0,0,0,0
011250104051114,26,0,26,22,0,0,2,0,0,0,0,0,0,0,3,0,19,0,20,20,0,0,0,0,0,0,0,0,0,0,0,0
011250104051113,0,0,0,0,0,0,0,0,0,0,0,0,0,0,0,0,0,0,0,0,0,0,0,0,0,0,0,0,0,0,0,0
011250104051112,0,0,0,0,0,0,0,0,0,0,0,0,0,0,0,0,0,0,0,0,0,0,0,0,0,0,0,0,0,0,0,0
011250104051111,0,0,0,0,0,0,0,0,0,0,0,0,0,0,0,0,0,0,0,0,0,0,0,0,0,0,0,0,0,0,0,0
011250104051110,0,0,0,0,0,0,0,0,0,0,0,0,0,0,0,0,0,0,0,0,0,0,0,0,0,0,0,0,0,0,0,0
011250104051109,0,0,0,0,0,0,0,0,0,0,0,0,0,0,0,0,0,0,0,0,0,0,0,0,0,0,0,0,0,0,0,0
011250104051108,0,0,0,0,0,0,0,0,0,0,0,0,0,0,0,0,0,0,0,0,0,0,0,0,0,0,0,0,0,0,0,0
011250104051107,0,0,0,0,0,0,0,0,0,0,0,0,0,0,0,0,0,0,0,0,0,0,0,0,0,0,0,0,0,0,0,0
011250104051106,0,0,0,0,0,0,0,0,0,0,0,0,0,0,0,0,0,0,0,0,0,0,0,0,0,0,0,0,0,0,0,0
011250104051103,48,0,48,41,0,0,5,0,0,0,0,0,0,0,5,0,37,0,36,31,0,0,3,0,0,0,0,0,0,0,3,0
011250104051101,78,0,82,62,0,0,9,0,0,0,1,0,0,1,8,5,49,0,50,36,0,0,6,0,0,0,1,0,0,1,5,0
011250104051099,0,0,0,0,0,0,0,0,0,0,0,0,0,0,0,0,0,0,0,0,0,0,0,0,0,0,0,0,0,0,0,0
011250104051098,0,0,0,0,0,0,0,0,0,0,0,0,0,0,0,0,0,0,0,0,0,0,0,0,0,0,0,0,0,0,0,0
011250104051097,0,0,0,0,0,0,0,0,0,0,0,0,0,0,0,0,0,0,0,0,0,0,0,0,0,0,0,0,0,0,0,0
011250104051096,0,0,0,0,0,0,0,0,0,0,0,0,0,0,0,0,0,0,0,0,0,0,0,0,0,0,0,0,0,0,0,0
011250104051095,0,0,0,0,0,0,0,0,0,0,0,0,0,0,0,0,0,0,0,0,0,0,0,0,0,0,0,0,0,0,0,0
011250104051094,0,0,0,0,0,0,0,0,0,0,0,0,0,0,0,0,0,0,0,0,0,0,0,0,0,0,0,0,0,0,0,0
011250104051093,0,0,0,0,0,0,0,0,0,0,0,0,0,0,0,0,0,0,0,0,0,0,0,0,0,0,0,0,0,0,0,0
011250104051092,0,0,0,0,0,0,0,0,0,0,0,0,0,0,0,0,0,0,0,0,0,0,0,0,0,0,0,0,0,0,0,0
011250104051089,0,0,0,0,0,0,0,0,0,0,0,0,0,0,0,0,0,0,0,0,0,0,0,0,0,0,0,0,0,0,0,0
011250104051088,0,0,0,0,0,0,0,0,0,0,0,0,0,0,0,0,0,0,0,0,0,0,0,0,0,0,0,0,0,0,0,0
011250104051086,0,0,0,0,0,0,0,0,0,0,0,0,0,0,0,0,0,0,0,0,0,0,0,0,0,0,0,0,0,0,0,0
011250104051085,99,0,103,97,0,0,5,0,0,0,0,0,0,0,4,0,77,0,79,76,0,0,2,0,0,0,0,0,0,0,2,0
011250104051082,0,0,0,0,0,0,0,0,0,0,0,0,0,0,0,0,0,0,0,0,0,0,0,0,0,0,0,0,0,0,0,0
011250104051081,0,0,0,0,0,0,0,0,0,0,0,0,0,0,0,0,0,0,0,0,0,0,0,0,0,0,0,0,0,0,0,0
011250104051080,0,0,0,0,0,0,0,0,0,0,0,0,0,0,0,0,0,0,0,0,0,0,0,0,0,0,0,0,0,0,0,0
011250104051079,0,0,0,0,0,0,0,0,0,0,0,0,0,0,0,0,0,0,0,0,0,0,0,0,0,0,0,0,0,0,0,0
011250104051077,0,0,0,0,0,0,0,0,0,0,0,0,0,0,0,0,0,0,0,0,0,0,0,0,0,0,0,0,0,0,0,0
011250104051076,20,0,21,17,0,0,3,0,0,0,0,0,0,0,3,0,15,0,15,14,0,0,1,0,0,0,0,0,0,0,1,0
011250104051075,0,0,0,0,0,0,0,0,0,0,0,0,0,0,0,0,0,0,0,0,0,0,0,0,0,0,0,0,0,0,0,0
011250104051073,0,0,0,0,0,0,0,0,0,0,0,0,0,0,0,0,0,0,0,0,0,0,0,0,0,0,0,0,0,0,0,0
011250104051072,0,0,0,0,0,0,0,0,0,0,0,0,0,0,0,0,0,0,0,0,0,0,0,0,0,0,0,0,0,0,0,0
011250104051071,0,0,0,0,0,0,0,0,0,0,0,0,0,0,0,0,0,0,0,0,0,0,0,0,0,0,0,0,0,0,0,0
011250104051070,0,0,0,0,0,0,0,0,0,0,0,0,0,0,0,0,0,0,0,0,0,0,0,0,0,0,0,0,0,0,0,0
011250104051069,0,0,0,0,0,0,0,0,0,0,0,0,0,0,0,0,0,0,0,0,0,0,0,0,0,0,0,0,0,0,0,0
011250104051068,0,0,0,0,0,0,0,0,0,0,0,0,0,0,0,0,0,0,0,0,0,0,0,0,0,0,0,0,0,0,0,0
011250104051067,0,0,0,0,0,0,0,0,0,0,0,0,0,0,0,0,0,0,0,0,0,0,0,0,0,0,0,0,0,0,0,0
011250104051066,3,0,1,0,0,0,0,0,0,0,0,0,0,0,0,2,2,0,0,0,0,0,0,0,0,0,0,0,0,0,0,0
011250104051065,0,0,0,0,0,0,0,0,0,0,0,0,0,0,0,0,0,0,0,0,0,0,0,0,0,0,0,0,0,0,0,0
011250104051063,0,0,0,0,0,0,0,0,0,0,0,0,0,0,0,0,0,0,0,0,0,0,0,0,0,0,0,0,0,0,0,0
011250104051062,10,0,9,5,0,0,2,0,0,0,0,0,0,0,3,0,9,0,9,5,0,0,2,0,0,0,0,0,0,0,2,0
011250104051058,0,0,0,0,0,0,0,0,0,0,0,0,0,0,0,0,0,0,0,0,0,0,0,0,0,0,0,0,0,0,0,0
011250104051057,0,0,0,0,0,0,0,0,0,0,0,0,0,0,0,0,0,0,0,0,0,0,0,0,0,0,0,0,0,0,0,0
011250104051054,13,1,7,2,0,0,0,0,0,0,1,0,0,1,1,0,8,1,5,0,0,0,0,0,0,0,1,0,0,1,0,0
011250104051053,0,0,0,0,0,0,0,0,0,0,0,0,0,0,0,0,0,0,0,0,0,0,0,0,0,0,0,0,0,0,0,0
011250104051052,0,0,0,0,0,0,0,0,0,0,0,0,0,0,0,0,0,0,0,0,0,0,0,0,0,0,0,0,0,0,0,0
011250104051051,0,0,0,0,0,0,0,0,0,0,0,0,0,0,0,0,0,0,0,0,0,0,0,0,0,0,0,0,0,0,0,0
011250104051050,3,0,3,2,0,0,0,0,0,0,0,0,0,0,0,0,3,0,4,2,0,0,0,0,0,0,0,0,0,0,0,0
011250104051049,35,0,37,38,0,0,0,0,0,0,0,0,0,0,0,0,31,0,31,32,0,0,0,0,0,0,0,0,0,0,0,0
011250104051048,0,0,0,0,0,0,0,0,0,0,0,0,0,0,0,0,0,0,0,0,0,0,0,0,0,0,0,0,0,0,0,0
011250104051047,0,0,0,0,0,0,0,0,0,0,0,0,0,0,0,0,0,0,0,0,0,0,0,0,0,0,0,0,0,0,0,0
011250104051046,0,0,0,0,0,0,0,0,0,0,0,0,0,0,0,0,0,0,0,0,0,0,0,0,0,0,0,0,0,0,0,0
011250104051045,49,0,49,49,0,0,1,0,0,0,0,0,0,0,1,0,43,0,42,43,0,0,0,0,0,0,0,0,0,0,0,0
011250104051044,3,0,3,3,0,0,0,0,0,0,0,0,0,0,0,0,3,0,3,4,0,0,0,0,0,0,0,0,0,0,0,0
011250104051043,0,0,0,0,0,0,0,0,0,0,0,0,0,0,0,0,0,0,0,0,0,0,0,0,0,0,0,0,0,0,0,0
011250104051041,10,0,5,2,0,0,0,0,0,0,0,0,0,0,0,0,5,0,5,2,0,0,0,0,0,0,0,0,0,0,0,0
011250104051040,0,0,0,0,0,0,0,0,0,0,0,0,0,0,0,0,0,0,0,0,0,0,0,0,0,0,0,0,0,0,0,0
011250104051039,76,1,71,69,0,0,1,0,0,0,0,0,0,0,1,2,53,1,49,50,0,0,0,0,0,0,0,0,0,0,0,0
011250104051038,45,0,46,46,2,0,0,0,0,0,0,0,0,0,0,2,21,0,22,23,0,0,0,0,0,0,0,0,0,0,0,0
011250104051037,45,0,45,45,0,0,0,0,0,0,0,0,0,0,0,0,38,0,37,37,0,0,0,0,0,0,0,0,0,0,0,0
011250104051036,40,0,36,27,2,0,5,0,0,0,0,0,0,0,4,3,31,1,28,21,0,0,4,0,0,0,0,0,0,0,3,0
011250104051034,0,0,0,0,0,0,0,0,0,0,0,0,0,0,0,0,0,0,0,0,0,0,0,0,0,0,0,0,0,0,0,0
011250104051032,0,0,0,0,0,0,0,0,0,0,0,0,0,0,0,0,0,0,0,0,0,0,0,0,0,0,0,0,0,0,0,0
011250104051030,21,0,20,15,2,0,0,0,0,0,0,0,0,0,1,7,17,0,15,15,0,0,0,0,0,0,0,0,0,0,0,0
011250104051029,128,0,128,125,0,0,0,0,0,0,0,1,0,0,3,0,79,0,79,77,0,0,0,0,0,0,0,1,0,0,2,0
011250104051028,0,0,0,0,0,0,0,0,0,0,0,0,0,0,0,0,0,0,0,0,0,0,0,0,0,0,0,0,0,0,0,0
011250104051026,0,0,0,0,0,0,0,0,0,0,0,0,0,0,0,0,0,0,0,0,0,0,0,0,0,0,0,0,0,0,0,0
011250104051024,0,0,0,0,0,0,0,0,0,0,0,0,0,0,0,0,0,0,0,0,0,0,0,0,0,0,0,0,0,0,0,0
011250104051023,18,0,15,15,0,0,0,0,0,0,0,0,0,0,0,0,19,1,15,15,0,0,0,0,0,0,0,0,0,0,0,0
011250104051022,0,0,0,0,0,0,0,0,0,0,0,0,0,0,0,0,0,0,0,0,0,0,0,0,0,0,0,0,0,0,0,0
011250104051021,0,0,0,0,0,0,0,0,0,0,0,0,0,0,0,0,0,0,0,0,0,0,0,0,0,0,0,0,0,0,0,0
011250104051020,59,0,61,54,0,0,5,0,0,0,0,0,0,0,4,0,46,0,48,40,0,0,4,0,0,0,0,0,0,0,4,0
011250104051018,1,0,0,0,0,0,0,0,0,0,0,0,0,0,0,0,1,0,0,0,0,0,0,0,0,0,0,0,0,0,0,0
011250104051016,0,0,0,0,0,0,0,0,0,0,0,0,0,0,0,0,0,0,0,0,0,0,0,0,0,0,0,0,0,0,0,0
011250104051015,0,0,0,0,0,0,0,0,0,0,0,0,0,0,0,0,0,0,0,0,0,0,0,0,0,0,0,0,0,0,0,0
011250104051014,0,0,0,0,0,0,0,0,0,0,0,0,0,0,0,0,0,0,0,0,0,0,0,0,0,0,0,0,0,0,0,0
011250104051013,0,0,0,0,0,0,0,0,0,0,0,0,0,0,0,0,0,0,0,0,0,0,0,0,0,0,0,0,0,0,0,0
011250104051012,5,0,4,5,0,0,0,0,0,0,0,0,0,0,0,0,5,0,5,5,0,0,0,0,0,0,0,0,0,0,0,0
011250104051011,17,0,16,5,2,0,3,0,0,0,0,0,0,0,3,2,6,0,5,0,0,0,0,0,0,0,0,0,0,0,0,0
011250104051010,15,0,16,14,0,0,0,0,0,0,0,0,0,0,1,0,16,0,16,14,0,0,0,0,0,0,0,1,0,0,1,0
011250104051008,157,0,162,163,0,0,1,0,0,0,0,0,0,0,1,0,134,0,137,138,0,0,1,0,0,0,0,0,0,0,1,0
011250104051006,0,0,0,0,0,0,0,0,0,0,0,0,0,0,0,0,0,0,0,0,0,0,0,0,0,0,0,0,0,0,0,0
011250104051004,0,0,0,0,0,0,0,0,0,0,0,0,0,0,0,0,0,0,0,0,0,0,0,0,0,0,0,0,0,0,0,0
011250104051003,0,0,0,0,0,0,0,0,0,0,0,0,0,0,0,0,0,0,0,0,0,0,0,0,0,0,0,0,0,0,0,0
011250104051002,25,0,20,21,0,0,0,0,0,0,0,0,0,0,0,0,19,0,17,18,0,0,0,0,0,0,0,0,0,0,0,0
011250104051000,0,0,0,0,0,0,0,0,0,0,0,0,0,0,0,0,0,0,0,0,0,0,0,0,0,0,0,0,0,0,0,0
011250104043030,0,0,0,0,0,0,0,0,0,0,0,0,0,0,0,0,0,0,0,0,0,0,0,0,0,0,0,0,0,0,0,0
011250104043029,0,0,0,0,0,0,0,0,0,0,0,0,0,0,0,0,0,0,0,0,0,0,0,0,0,0,0,0,0,0,0,0
011250104043028,0,0,0,0,0,0,0,0,0,0,0,0,0,0,0,0,0,0,0,0,0,0,0,0,0,0,0,0,0,0,0,0
011250104043027,2,0,2,1,1,0,0,0,0,0,0,0,0,0,0,1,1,0,1,1,0,0,0,0,0,0,0,0,0,0,0,0
011250104043026,0,0,0,0,0,0,0,0,0,0,0,0,0,0,0,0,0,0,0,0,0,0,0,0,0,0,0,0,0,0,0,0
011250104043025,0,0,0,0,0,0,0,0,0,0,0,0,0,0,0,0,0,0,0,0,0,0,0,0,0,0,0,0,0,0,0,0
011250104043024,0,0,0,0,0,0,0,0,0,0,0,0,0,0,0,0,0,0,0,0,0,0,0,0,0,0,0,0,0,0,0,0
011250104043023,0,0,0,0,0,0,0,0,0,0,0,0,0,0,0,0,0,0,0,0,0,0,0,0,0,0,0,0,0,0,0,0
011250104043022,7,0,7,5,1,0,0,0,0,0,0,1,0,0,16,0,5,0,6,6,0,0,0,0,0,0,0,0,0,0,0,0
011250104043019,0,0,0,0,0,0,0,0,0,0,0,0,0,0,0,0,0,0,0,0,0,0,0,0,0,0,0,0,0,0,0,0
011250104043017,0,0,0,0,0,0,0,0,0,0,0,0,0,0,0,0,0,0,0,0,0,0,0,0,0,0,0,0,0,0,0,0
011250104043015,0,0,0,0,0,0,0,0,0,0,0,0,0,0,0,0,0,0,0,0,0,0,0,0,0,0,0,0,0,0,0,0
011250104043014,0,0,0,0,0,0,0,0,0,0,0,0,0,0,0,0,0,0,0,0,0,0,0,0,0,0,0,0,0,0,0,0
011250104043012,0,0,0,0,0,0,0,0,0,0,0,0,0,0,0,0,0,0,0,0,0,0,0,0,0,0,0,0,0,0,0,0
011250104043009,25,0,26,23,2,0,0,0,0,0,0,3,0,0,0,2,18,0,18,18,0,0,0,0,0,0,0,2,0,0,0,0
011250104043007,16,0,14,12,1,0,0,0,0,0,0,2,0,0,0,0,16,0,14,13,0,0,0,0,0,0,0,1,0,0,0,0
011250104043002,36,0,37,37,0,0,0,0,0,0,0,4,0,0,0,0,27,0,29,29,0,0,0,0,0,0,0,3,0,0,0,0
011250104043000,0,0,0,0,0,0,0,0,0,0,0,0,0,0,0,0,0,0,0,0,0,0,0,0,0,0,0,0,0,0,0,0
011250104042038,0,0,0,0,0,0,0,0,0,0,0,0,0,0,0,0,0,0,0,0,0,0,0,0,0,0,0,0,0,0,0,0
011250104042037,0,0,0,0,0,0,0,0,0,0,0,0,0,0,0,0,0,0,0,0,0,0,0,0,0,0,0,0,0,0,0,0
011250104042036,0,0,0,0,0,0,0,0,0,0,0,0,0,0,0,0,0,0,0,0,0,0,0,0,0,0,0,0,0,0,0,0
011250104042035,0,0,0,0,0,0,0,0,0,0,0,0,0,0,0,0,0,0,0,0,0,0,0,0,0,0,0,0,0,0,0,0
011250104042034,0,0,0,0,0,0,0,0,0,0,0,0,0,0,0,0,0,0,0,0,0,0,0,0,0,0,0,0,0,0,0,0
011250104042033,11,0,12,13,1,0,0,0,0,0,0,0,0,0,0,1,12,0,13,14,0,0,0,0,0,0,0,0,0,0,0,0
011250104042030,17,0,17,20,0,0,0,0,0,0,3,0,0,2,0,0,16,0,16,16,0,0,0,0,0,0,3,0,0,2,0,0
011250104042028,0,0,0,0,0,0,0,0,0,0,0,0,0,0,0,0,0,0,0,0,0,0,0,0,0,0,0,0,0,0,0,0
011250104042020,0,0,0,0,0,0,0,0,0,0,0,0,0,0,0,0,0,0,0,0,0,0,0,0,0,0,0,0,0,0,0,0
011250104042019,2,0,1,0,0,0,0,0,0,0,0,0,0,0,0,0,0,0,0,0,0,0,0,0,0,0,0,0,0,0,0,0
011250104042016,0,0,0,0,0,0,0,0,0,0,0,0,0,0,0,0,0,0,0,0,0,0,0,0,0,0,0,0,0,0,0,0
011250104042014,14,0,13,6,6,0,0,0,0,0,0,0,0,0,0,6,8,0,6,7,0,0,0,0,0,0,0,0,0,0,0,0
011250104042013,0,0,0,0,0,0,0,0,0,0,0,0,0,0,0,0,0,0,0,0,0,0,0,0,0,0,0,0,0,0,0,0
011250104042010,0,0,0,0,0,0,0,0,0,0,0,0,0,0,0,0,0,0,0,0,0,0,0,0,0,0,0,0,0,0,0,0
011250104042008,0,0,0,0,0,0,0,0,0,0,0,0,0,0,0,0,0,0,0,0,0,0,0,0,0,0,0,0,0,0,0,0
011250104042006,32,0,33,31,4,0,0,0,0,0,7,5,0,5,1,4,33,0,33,33,0,0,0,0,0,0,7,10,0,5,2,0
011250104042003,0,0,0,0,0,0,0,0,0,0,0,0,0,0,0,0,0,0,0,0,0,0,0,0,0,0,0,0,0,0,0,0
011250104042001,2,0,0,0,0,0,0,0,0,0,0,0,0,0,0,0,0,0,0,0,0,0,0,0,0,0,0,0,0,0,0,0
011250104041030,0,0,0,0,0,0,0,0,0,0,0,0,0,0,0,0,0,0,0,0,0,0,0,0,0,0,0,0,0,0,0,0
011250104041029,0,0,0,0,0,0,0,0,0,0,0,0,0,0,0,0,0,0,0,0,0,0,0,0,0,0,0,0,0,0,0,0
011250104041028,0,0,0,0,0,0,0,0,0,0,0,0,0,0,0,0,0,0,0,0,0,0,0,0,0,0,0,0,0,0,0,0
011250104041027,0,0,0,0,0,0,0,0,0,0,0,0,0,0,0,0,0,0,0,0,0,0,0,0,0,0,0,0,0,0,0,0
011250104041025,0,0,0,0,0,0,0,0,0,0,0,0,0,0,0,0,0,0,0,0,0,0,0,0,0,0,0,0,0,0,0,0
011250104041024,0,0,0,0,0,0,0,0,0,0,0,0,0,0,0,0,0,0,0,0,0,0,0,0,0,0,0,0,0,0,0,0
011250104041022,0,0,0,0,0,0,0,0,0,0,0,0,0,0,0,0,0,0,0,0,0,0,0,0,0,0,0,0,0,0,0,0
011250104041013,0,0,0,0,0,0,0,0,0,0,0,0,0,0,0,0,0,0,0,0,0,0,0,0,0,0,0,0,0,0,0,0
011250104041011,12,2,5,0,4,0,0,0,0,0,0,0,0,0,0,4,3,1,0,0,0,0,0,0,0,0,0,0,0,0,0,0
011250104041009,2,0,1,0,0,0,0,0,0,0,0,0,0,0,0,1,1,0,0,0,0,0,0,0,0,0,0,0,0,0,0,0
011250104041001,0,0,0,0,0,0,0,0,0,0,0,0,0,0,0,0,0,0,0,0,0,0,0,0,0,0,0,0,0,0,0,0
011250104033036,0,0,0,0,0,0,0,0,0,0,0,0,0,0,0,0,0,0,0,0,0,0,0,0,0,0,0,0,0,0,0,0
011250104033034,32,0,29,25,1,0,0,0,0,5,0,0,0,0,0,4,27,0,26,24,0,0,0,0,0,0,0,0,0,0,0,0
011250104033033,18,0,11,11,0,0,0,0,0,0,0,0,0,0,0,0,15,0,11,11,0,0,0,0,0,0,0,0,0,0,0,0
011250104033031,31,0,33,34,0,0,0,0,0,0,0,0,0,0,0,0,29,0,30,30,0,0,0,0,0,0,0,0,0,0,0,0
011250104033029,24,0,21,16,1,0,0,0,0,0,0,0,0,0,0,1,13,0,12,11,0,0,0,0,0,0,0,0,0,0,0,0
011250104033027,14,0,13,11,3,0,0,0,0,0,0,0,0,0,0,2,10,0,11,11,0,0,0,0,0,0,0,0,0,0,0,0
011250104033025,0,0,0,0,0,0,0,0,0,0,0,0,0,0,0,0,0,0,0,0,0,0,0,0,0,0,0,0,0,0,0,0
011250104033024,3,0,2,2,0,0,0,0,0,0,0,0,0,0,0,0,0,0,0,0,0,0,0,0,0,0,0,0,0,0,0,0
011250104033020,11,0,11,11,0,0,0,0,0,0,0,0,0,0,0,0,12,0,11,11,0,0,0,0,0,0,0,0,0,0,0,0
011250104033016,6,0,5,5,0,0,0,0,0,0,0,0,0,0,0,0,2,0,2,2,0,0,0,0,0,0,0,0,0,0,0,0
011250104033015,12,0,6,1,0,0,1,0,0,0,0,0,0,0,4,0,5,0,5,0,0,0,1,0,0,0,0,0,0,0,4,0
011250104033014,0,0,0,0,0,0,0,0,0,0,0,0,0,0,0,0,0,0,0,0,0,0,0,0,0,0,0,0,0,0,0,0
011250104033013,30,0,32,26,3,0,0,0,0,0,0,0,0,0,0,2,26,0,27,23,0,0,0,0,0,0,0,0,0,0,0,0
011250104033011,22,0,20,18,0,0,0,0,0,0,0,5,0,0,1,0,20,0,18,17,0,0,0,0,0,0,0,0,0,0,0,0
011250104033008,9,0,10,10,0,0,0,0,0,0,0,0,0,0,0,0,5,0,5,5,0,0,0,0,0,0,0,0,0,0,0,0
011250104033003,0,0,0,0,0,0,0,0,0,0,0,0,0,0,0,0,0,0,0,0,0,0,0,0,0,0,0,0,0,0,0,0
011250104033002,0,0,0,0,0,0,0,0,0,0,0,0,0,0,0,0,0,0,0,0,0,0,0,0,0,0,0,0,0,0,0,0
011250104033001,0,0,0,0,0,0,0,0,0,0,0,0,0,0,0,0,0,0,0,0,0,0,0,0,0,0,0,0,0,0,0,0
011250104033000,0,0,0,0,0,0,0,0,0,0,0,0,0,0,0,0,0,0,0,0,0,0,0,0,0,0,0,0,0,0,0,0
011250104032029,0,0,0,0,0,0,0,0,0,0,0,0,0,0,0,0,0,0,0,0,0,0,0,0,0,0,0,0,0,0,0,0
011250104032028,0,0,0,0,0,0,0,0,0,0,0,0,0,0,0,0,0,0,0,0,0,0,0,0,0,0,0,0,0,0,0,0
011250104032026,0,0,0,0,0,0,0,0,0,0,0,0,0,0,0,0,0,0,0,0,0,0,0,0,0,0,0,0,0,0,0,0
011250104032015,0,0,0,0,0,0,0,0,0,0,0,0,0,0,0,0,0,0,0,0,0,0,0,0,0,0,0,0,0,0,0,0
011250104032013,0,0,0,0,0,0,0,0,0,0,0,0,0,0,0,0,0,0,0,0,0,0,0,0,0,0,0,0,0,0,0,0
011250104032012,11,0,8,4,3,0,0,0,0,0,0,0,0,0,0,4,4,0,4,5,0,0,0,0,0,0,0,0,0,0,0,0
011250104032011,0,0,0,0,0,0,0,0,0,0,0,0,0,0,0,0,0,0,0,0,0,0,0,0,0,0,0,0,0,0,0,0
011250104032009,0,0,0,0,0,0,0,0,0,0,0,0,0,0,0,0,0,0,0,0,0,0,0,0,0,0,0,0,0,0,0,0
011250104032008,0,0,0,0,0,0,0,0,0,0,0,0,0,0,0,0,0,0,0,0,0,0,0,0,0,0,0,0,0,0,0,0
011250104032001,0,0,0,0,0,0,0,0,0,0,0,0,0,0,0,0,0,0,0,0,0,0,0,0,0,0,0,0,0,0,0,0
011250104032000,0,0,0,0,0,0,0,0,0,0,0,0,0,0,0,0,0,0,0,0,0,0,0,0,0,0,0,0,0,0,0,0
011250104031023,11,4,4,1,0,0,0,0,0,0,0,0,0,0,0,3,7,2,0,0,0,0,0,0,0,0,0,0,0,0,0,0
011250104031018,0,0,0,0,0,0,0,0,0,0,0,0,0,0,0,0,0,0,0,0,0,0,0,0,0,0,0,0,0,0,0,0
011250104031016,0,0,0,0,0,0,0,0,0,0,0,0,0,0,0,0,0,0,0,0,0,0,0,0,0,0,0,0,0,0,0,0
011250104031013,0,0,0,0,0,0,0,0,0,0,0,0,0,0,0,0,0,0,0,0,0,0,0,0,0,0,0,0,0,0,0,0
011250104031012,0,0,0,0,0,0,0,0,0,0,0,0,0,0,0,0,0,0,0,0,0,0,0,0,0,0,0,0,0,0,0,0
011250104031010,0,0,0,0,0,0,0,0,0,0,0,0,0,0,0,0,0,0,0,0,0,0,0,0,0,0,0,0,0,0,0,0
011250104031009,0,0,0,0,0,0,0,0,0,0,0,0,0,0,0,0,0,0,0,0,0,0,0,0,0,0,0,0,0,0,0,0
011250104031008,16,2,13,9,0,0,0,0,0,0,0,0,0,0,0,0,18,1,15,10,0,0,0,0,0,0,0,0,0,0,0,0
011250104031007,0,0,0,0,0,0,0,0,0,0,0,0,0,0,0,0,0,0,0,0,0,0,0,0,0,0,0,0,0,0,0,0
011250104031005,0,0,0,0,0,0,0,0,0,0,0,0,0,0,0,0,0,0,0,0,0,0,0,0,0,0,0,0,0,0,0,0
011250104031004,0,0,0,0,0,0,0,0,0,0,0,0,0,0,0,0,0,0,0,0,0,0,0,0,0,0,0,0,0,0,0,0
011250104031003,0,0,0,0,0,0,0,0,0,0,0,0,0,0,0,0,0,0,0,0,0,0,0,0,0,0,0,0,0,0,0,0
011250104031002,0,0,0,0,0,0,0,0,0,0,0,0,0,0,0,0,0,0,0,0,0,0,0,0,0,0,0,0,0,0,0,0
011250104031001,0,0,0,0,0,0,0,0,0,0,0,0,0,0,0,0,0,0,0,0,0,0,0,0,0,0,0,0,0,0,0,0
011250104031000,0,0,0,0,0,0,0,0,0,0,0,0,0,0,0,0,0,0,0,0,0,0,0,0,0,0,0,0,0,0,0,0
011250103052091,0,0,0,0,0,0,0,0,0,0,0,0,0,0,0,0,0,0,0,0,0,0,0,0,0,0,0,0,0,0,0,0
011250103052089,0,0,0,0,0,0,0,0,0,0,0,0,0,0,0,0,0,0,0,0,0,0,0,0,0,0,0,0,0,0,0,0
011250103052088,0,0,0,0,0,0,0,0,0,0,0,0,0,0,0,0,0,0,0,0,0,0,0,0,0,0,0,0,0,0,0,0
011250103052086,0,0,0,0,0,0,0,0,0,0,0,0,0,0,0,0,0,0,0,0,0,0,0,0,0,0,0,0,0,0,0,0
011250103052084,5,0,5,6,0,0,0,0,0,0,0,0,0,0,0,0,4,0,4,5,0,0,0,0,0,0,0,0,0,0,0,0
011250103052083,0,0,0,0,0,0,0,0,0,0,0,0,0,0,0,0,0,0,0,0,0,0,0,0,0,0,0,0,0,0,0,0
011250103052082,16,1,14,15,0,0,0,0,0,0,0,0,0,0,0,0,12,0,12,13,0,0,0,0,0,0,0,0,0,0,0,0
011250103052081,3,1,3,1,0,0,0,0,0,0,0,0,0,0,0,0,1,0,1,1,0,0,0,0,0,0,0,0,0,0,0,0
011250103052080,14,1,12,14,0,0,0,0,0,0,0,0,0,0,0,0,7,1,5,6,0,0,0,0,0,0,0,0,0,0,0,0
011250103052079,0,0,0,0,0,0,0,0,0,0,0,0,0,0,0,0,0,0,0,0,0,0,0,0,0,0,0,0,0,0,0,0
011250103052078,0,0,0,0,0,0,0,0,0,0,0,0,0,0,0,0,0,0,0,0,0,0,0,0,0,0,0,0,0,0,0,0
011250103052077,0,0,0,0,0,0,0,0,0,0,0,0,0,0,0,0,0,0,0,0,0,0,0,0,0,0,0,0,0,0,0,0
011250103052076,0,0,0,0,0,0,0,0,0,0,0,0,0,0,0,0,0,0,0,0,0,0,0,0,0,0,0,0,0,0,0,0
011250103052075,36,0,36,45,0,0,0,0,0,0,0,0,0,0,0,0,27,0,27,32,0,0,0,0,0,0,0,0,0,0,0,0
011250103052074,3,0,4,4,0,0,0,0,0,0,0,0,0,0,0,0,3,0,3,3,0,0,0,0,0,0,0,0,0,0,0,0
011250103052073,8,0,8,10,0,0,0,0,0,0,0,0,0,0,0,0,7,0,7,9,0,0,0,0,0,0,0,0,0,0,0,0
011250103052072,34,1,33,41,0,0,0,0,0,0,0,0,0,0,0,0,25,1,24,29,0,0,0,0,0,0,0,0,0,0,0,0
011250103052071,0,0,0,0,0,0,0,0,0,0,0,0,0,0,0,0,0,0,0,0,0,0,0,0,0,0,0,0,0,0,0,0
011250103052070,0,0,0,0,0,0,0,0,0,0,0,0,0,0,0,0,0,0,0,0,0,0,0,0,0,0,0,0,0,0,0,0
011250103052069,10,0,10,7,0,0,0,0,0,0,0,0,0,0,0,0,8,0,8,6,0,0,0,0,0,0,0,0,0,0,0,0
011250103052068,0,0,0,0,0,0,0,0,0,0,0,0,0,0,0,0,0,0,0,0,0,0,0,0,0,0,0,0,0,0,0,0
011250103052067,0,0,0,0,0,0,0,0,0,0,0,0,0,0,0,0,0,0,0,0,0,0,0,0,0,0,0,0,0,0,0,0
011250103052066,0,0,0,0,0,0,0,0,0,0,0,0,0,0,0,0,0,0,0,0,0,0,0,0,0,0,0,0,0,0,0,0
011250103052065,0,0,0,0,0,0,0,0,0,0,0,0,0,0,0,0,0,0,0,0,0,0,0,0,0,0,0,0,0,0,0,0
011250103052062,9,0,9,10,0,0,0,0,0,0,0,0,0,0,0,0,6,0,7,8,0,0,0,0,0,0,0,0,0,0,0,0
011250103052061,0,0,0,0,0,0,0,0,0,0,0,0,0,0,0,0,0,0,0,0,0,0,0,0,0,0,0,0,0,0,0,0
011250103052060,0,0,0,0,0,0,0,0,0,0,0,0,0,0,0,0,0,0,0,0,0,0,0,0,0,0,0,0,0,0,0,0
011250103052059,0,0,0,0,0,0,0,0,0,0,0,0,0,0,0,0,0,0,0,0,0,0,0,0,0,0,0,0,0,0,0,0
011250103052058,0,0,0,0,0,0,0,0,0,0,0,0,0,0,0,0,0,0,0,0,0,0,0,0,0,0,0,0,0,0,0,0
011250103052057,0,0,0,0,0,0,0,0,0,0,0,0,0,0,0,0,0,0,0,0,0,0,0,0,0,0,0,0,0,0,0,0
011250103052056,0,0,0,0,0,0,0,0,0,0,0,0,0,0,0,0,0,0,0,0,0,0,0,0,0,0,0,0,0,0,0,0
011250103052055,0,0,0,0,0,0,0,0,0,0,0,0,0,0,0,0,0,0,0,0,0,0,0,0,0,0,0,0,0,0,0,0
011250103052054,0,0,0,0,0,0,0,0,0,0,0,0,0,0,0,0,0,0,0,0,0,0,0,0,0,0,0,0,0,0,0,0
011250103052053,4,0,4,1,0,0,0,0,0,0,0,0,0,0,0,0,3,0,3,1,0,0,0,0,0,0,0,0,0,0,0,0
011250103052052,0,0,0,0,0,0,0,0,0,0,0,0,0,0,0,0,0,0,0,0,0,0,0,0,0,0,0,0,0,0,0,0
011250103052047,23,3,18,13,0,0,0,0,0,0,0,0,0,0,0,1,15,1,12,12,0,0,0,0,0,0,0,0,0,0,0,0
011250103052046,3,0,2,3,0,0,0,0,0,0,0,0,0,0,0,0,2,0,1,2,0,0,0,0,0,0,0,0,0,0,0,0
011250103052043,0,0,0,0,0,0,0,0,0,0,0,0,0,0,0,0,0,0,0,0,0,0,0,0,0,0,0,0,0,0,0,0
011250103052041,23,0,22,28,0,0,0,0,0,0,0,0,0,0,0,0,17,0,17,20,0,0,0,0,0,0,0,0,0,0,0,0
011250103052039,21,0,21,26,0,0,0,0,0,0,0,0,0,0,0,0,17,0,17,21,0,0,0,0,0,0,0,0,0,0,0,0
011250103052038,8,0,8,8,0,0,0,0,0,0,0,0,0,0,0,0,6,0,6,7,0,0,0,0,0,0,0,0,0,0,0,0
011250103052037,20,1,19,24,0,0,0,0,0,0,0,0,0,0,0,0,17,0,17,21,0,0,0,0,0,0,0,0,0,0,0,0
011250103052036,0,0,0,0,0,0,0,0,0,0,0,0,0,0,0,0,0,0,0,0,0,0,0,0,0,0,0,0,0,0,0,0
011250103052034,10,0,10,12,0,0,0,0,0,0,0,0,0,0,0,0,8,0,9,10,0,0,0,0,0,0,0,0,0,0,0,0
011250103052033,0,0,0,0,0,0,0,0,0,0,0,0,0,0,0,0,0,0,0,0,0,0,0,0,0,0,0,0,0,0,0,0
011250103052032,8,1,6,6,0,0,0,0,0,0,0,0,0,0,0,0,2,0,2,2,0,0,0,0,0,0,0,0,0,0,0,0
011250103052031,0,0,0,0,0,0,0,0,0,0,0,0,0,0,0,0,0,0,0,0,0,0,0,0,0,0,0,0,0,0,0,0
011250103052029,15,0,15,19,0,0,0,0,0,0,0,0,0,0,0,0,10,0,10,12,0,0,0,0,0,0,0,0,0,0,0,0
011250103052028,0,0,0,0,0,0,0,0,0,0,0,0,0,0,0,0,0,0,0,0,0,0,0,0,0,0,0,0,0,0,0,0
011250103052026,0,0,0,0,0,0,0,0,0,0,0,0,0,0,0,0,0,0,0,0,0,0,0,0,0,0,0,0,0,0,0,0
011250103052025,0,0,0,0,0,0,0,0,0,0,0,0,0,0,0,0,0,0,0,0,0,0,0,0,0,0,0,0,0,0,0,0
011250103052022,0,0,0,0,0,0,0,0,0,0,0,0,0,0,0,0,0,0,0,0,0,0,0,0,0,0,0,0,0,0,0,0
011250103052021,0,0,0,0,0,0,0,0,0,0,0,0,0,0,0,0,0,0,0,0,0,0,0,0,0,0,0,0,0,0,0,0
011250103052020,0,0,0,0,0,0,0,0,0,0,0,0,0,0,0,0,0,0,0,0,0,0,0,0,0,0,0,0,0,0,0,0
011250103052019,0,0,0,0,0,0,0,0,0,0,0,0,0,0,0,0,0,0,0,0,0,0,0,0,0,0,0,0,0,0,0,0
011250103052018,0,0,0,0,0,0,0,0,0,0,0,0,0,0,0,0,0,0,0,0,0,0,0,0,0,0,0,0,0,0,0,0
011250103052017,0,0,0,0,0,0,0,0,0,0,0,0,0,0,0,0,0,0,0,0,0,0,0,0,0,0,0,0,0,0,0,0
011250103052015,189,5,184,231,0,0,0,0,0,0,0,0,0,0,0,0,145,2,143,171,0,0,0,0,0,0,0,0,0,0,0,0
011250103052014,67,2,65,78,0,0,0,0,0,0,0,17,0,0,10,0,46,0,47,52,0,0,0,0,0,0,0,17,0,0,10,0
011250103052013,0,0,0,0,0,0,0,0,0,0,0,0,0,0,0,0,0,0,0,0,0,0,0,0,0,0,0,0,0,0,0,0
011250103052011,25,0,26,32,0,0,0,0,0,0,0,0,0,0,0,0,18,0,18,21,0,0,0,0,0,0,0,0,0,0,0,0
011250103052009,9,1,7,9,0,0,0,0,0,0,0,0,0,0,0,0,5,0,5,6,0,0,0,0,0,0,0,0,0,0,0,0
011250103052008,5,1,4,4,0,0,0,0,0,0,0,0,0,0,0,0,3,0,3,3,0,0,0,0,0,0,0,0,0,0,0,0
011250103052007,15,1,14,18,0,0,0,0,0,0,0,0,0,0,0,0,9,0,8,10,0,0,0,0,0,0,0,0,0,0,0,0
011250103052006,13,0,13,17,0,0,0,0,0,0,0,0,0,0,0,0,7,0,7,9,0,0,0,0,0,0,0,0,0,0,0,0
011250103052004,26,0,27,33,0,0,0,0,0,0,0,0,0,0,0,0,20,0,21,25,0,0,0,0,0,0,0,0,0,0,0,0
011250103052003,8,0,8,10,0,0,0,0,0,0,0,0,0,0,0,0,7,0,7,9,0,0,0,0,0,0,0,0,0,0,0,0
011250103052002,6,0,6,3,0,0,0,0,0,0,0,0,0,0,0,0,5,0,5,1,0,0,0,0,0,0,0,0,0,0,0,0
011250103052001,97,0,99,122,0,0,0,0,0,0,0,0,0,0,0,0,75,0,77,92,0,0,0,0,0,0,0,0,0,0,0,0
011250103052000,29,0,29,37,0,0,0,0,0,0,0,0,0,0,0,0,24,0,25,29,0,0,0,0,0,0,0,0,0,0,0,0
011250103051031,0,0,0,0,0,0,0,0,0,0,0,0,0,0,0,0,0,0,0,0,0,0,0,0,0,0,0,0,0,0,0,0
011250103051030,27,1,26,24,0,0,0,0,0,0,0,0,0,0,0,0,19,0,20,17,0,0,0,0,0,0,0,0,0,0,0,0
011250103051029,23,2,21,23,0,0,0,0,0,0,0,0,0,0,0,0,16,1,13,14,0,0,0,0,0,0,0,0,0,0,0,0
011250103051028,12,2,9,9,0,0,0,0,0,0,0,0,0,0,0,0,8,1,7,8,0,0,0,0,0,0,0,0,0,0,0,0
011250103051027,54,0,54,50,0,0,0,0,0,0,0,0,0,0,0,0,39,0,40,37,0,0,0,0,0,0,0,0,0,0,0,0
011250103051026,18,0,18,18,0,0,0,0,0,0,0,0,0,0,0,0,16,0,16,16,0,0,0,0,0,0,0,0,0,0,0,0
011250103051025,54,1,53,55,0,0,0,0,0,0,0,0,0,0,0,0,55,1,55,56,0,0,0,0,0,0,0,0,0,0,0,0
011250103051024,6,0,6,1,0,0,0,0,0,0,0,0,0,0,0,0,4,0,4,1,0,0,0,0,0,0,0,0,0,0,0,0
011250103051023,8,0,8,8,0,0,0,0,0,0,0,0,0,0,0,0,5,0,5,5,0,0,0,0,0,0,0,0,0,0,0,0
011250103051022,16,1,15,17,0,0,0,0,0,0,0,0,0,0,0,0,16,0,15,16,0,0,0,0,0,0,0,0,0,0,0,0
011250103051021,16,0,17,13,0,0,0,0,0,0,0,0,0,0,0,0,11,0,11,8,0,0,0,0,0,0,0,0,0,0,0,0
011250103051020,56,0,57,50,0,0,0,0,0,0,0,0,0,0,0,0,42,0,43,35,0,0,0,0,0,0,0,0,0,0,0,0
011250103051019,415,3,414,417,0,0,0,0,0,0,0,0,0,0,0,0,338,1,342,343,0,0,0,0,0,0,0,0,0,0,0,0
011250103051018,137,0,138,150,0,0,0,0,0,0,0,0,0,0,0,0,110,0,113,121,0,0,0,0,0,0,0,0,0,0,0,0
011250103051017,130,1,130,134,0,0,0,0,0,0,0,0,0,0,0,0,101,0,101,102,0,0,0,0,0,0,0,0,0,0,0,0
011250103051016,26,2,24,24,0,0,0,0,0,0,0,0,0,0,0,0,19,0,20,21,0,0,0,0,0,0,0,0,0,0,0,0
011250103051015,0,0,0,0,0,0,0,0,0,0,0,0,0,0,0,0,0,0,0,0,0,0,0,0,0,0,0,0,0,0,0,0
011250103051014,26,2,22,18,0,0,0,0,0,0,0,0,0,0,0,0,25,2,22,17,0,0,0,0,0,0,0,0,0,0,0,0
011250103051013,0,0,0,0,0,0,0,0,0,0,0,0,0,0,0,0,0,0,0,0,0,0,0,0,0,0,0,0,0,0,0,0
011250103051012,119,0,120,122,0,0,0,0,0,0,0,0,0,0,0,0,104,0,106,110,0,0,0,0,0,0,0,0,0,0,0,0
011250103051011,14,1,13,10,0,0,0,0,0,0,0,0,0,0,0,0,13,0,12,11,0,0,0,0,0,0,0,0,0,0,0,0
011250103051010,71,2,68,72,0,0,0,0,0,0,0,0,0,0,0,0,49,2,46,49,0,0,0,0,0,0,0,0,0,0,0,0
011250103051009,38,4,32,33,0,0,0,0,0,0,0,0,0,0,0,0,36,2,32,34,0,0,0,0,0,0,0,0,0,0,0,0
011250103051008,46,1,45,40,0,0,0,0,0,0,0,0,0,0,0,0,28,0,28,24,0,0,0,0,0,0,0,0,0,0,0,0
011250103051007,165,2,164,162,0,0,0,0,0,0,0,0,0,0,0,0,131,1,131,131,0,0,0,0,0,0,0,0,0,0,0,0
011250103051006,15,1,14,13,0,0,0,0,0,0,0,0,0,0,0,0,14,0,15,13,0,0,0,0,0,0,0,0,0,0,0,0
011250103051005,21,6,13,8,0,0,0,0,0,0,0,0,0,0,0,0,14,4,6,4,0,0,0,0,0,0,0,0,0,0,0,0
011250103051004,34,1,33,33,0,0,0,0,0,0,0,0,0,0,0,0,34,0,33,33,0,0,0,0,0,0,0,0,0,0,0,0
011250103051003,26,0,26,26,0,0,0,0,0,0,0,0,0,0,0,0,24,0,24,26,0,0,0,0,0,0,0,0,0,0,0,0
011250103051002,0,0,0,0,0,0,0,0,0,0,0,0,0,0,0,0,0,0,0,0,0,0,0,0,0,0,0,0,0,0,0,0
011250103051001,83,1,82,87,0,0,0,0,0,0,0,0,0,0,0,0,59,0,60,64,0,0,0,0,0,0,0,0,0,0,0,0
011250103051000,89,1,88,93,0,0,0,0,0,0,0,0,0,0,0,0,55,0,55,59,0,0,0,0,0,0,0,0,0,0,0,0
011250103042038,15,0,16,11,0,0,0,0,0,0,0,0,0,0,2,0,10,0,10,9,0,0,0,0,0,0,0,0,0,0,0,0
011250103042036,15,0,16,15,0,0,0,0,0,0,0,0,0,0,0,1,9,0,9,10,0,0,0,0,0,0,0,0,0,0,0,0
011250103042035,8,0,8,3,0,0,4,0,0,0,0,0,0,0,3,0,6,0,6,3,0,0,2,0,0,0,0,0,0,0,2,0
011250103042034,10,0,7,3,0,0,0,0,0,0,0,0,0,0,0,1,8,0,6,3,0,0,0,0,0,0,0,0,0,0,0,0
011250103042033,0,0,0,0,0,0,0,0,0,0,0,0,0,0,0,0,0,0,0,0,0,0,0,0,0,0,0,0,0,0,0,0
011250103042032,0,0,0,0,0,0,0,0,0,0,0,0,0,0,0,0,0,0,0,0,0,0,0,0,0,0,0,0,0,0,0,0
011250103042031,13,0,13,13,0,0,0,0,0,0,0,0,0,0,0,0,11,0,12,12,0,0,0,0,0,0,0,0,0,0,0,0
011250103042030,13,0,13,14,0,0,0,0,0,0,0,0,0,0,0,0,11,0,11,12,0,0,0,0,0,0,0,0,0,0,0,0
011250103042029,11,0,10,11,0,0,0,0,0,0,0,0,0,0,0,0,8,0,9,9,0,0,0,0,0,0,0,0,0,0,0,0
011250103042024,135,0,136,142,0,0,0,0,0,0,0,0,0,0,0,0,97,0,97,106,0,0,0,0,0,0,0,0,0,0,0,0
011250103042023,11,0,11,12,0,0,0,0,0,0,0,0,0,0,0,0,7,0,7,8,0,0,0,0,0,0,0,0,0,0,0,0
011250103042022,0,0,0,0,0,0,0,0,0,0,0,0,0,0,0,0,0,0,0,0,0,0,0,0,0,0,0,0,0,0,0,0
011250103042019,9,0,8,2,3,0,0,0,0,0,0,0,0,0,1,3,1,0,1,1,0,0,0,0,0,0,0,0,0,0,0,0
011250103042018,6,0,6,7,0,0,0,0,0,0,0,0,0,0,0,0,5,0,6,6,0,0,0,0,0,0,0,0,0,0,0,0
011250103042017,23,0,23,26,0,0,0,0,0,0,0,0,0,0,0,0,20,0,21,23,0,0,0,0,0,0,0,0,0,0,0,0
011250103042015,10,0,9,10,0,0,0,0,0,0,0,0,0,0,0,0,8,0,8,9,0,0,0,0,0,0,0,0,0,0,0,0
011250103042011,6,0,6,5,0,0,0,0,0,0,0,0,0,0,0,0,3,0,3,2,0,0,0,0,0,0,0,0,0,0,0,0
011250103042007,3,0,0,0,0,0,0,0,0,0,0,0,0,0,0,0,0,0,0,0,0,0,0,0,0,0,0,0,0,0,0,0
011250103042005,15,0,16,17,0,0,0,0,0,0,0,0,0,0,0,0,9,0,9,10,0,0,0,0,0,0,0,0,0,0,0,0
011250103042004,0,0,0,0,0,0,0,0,0,0,0,0,0,0,0,0,0,0,0,0,0,0,0,0,0,0,0,0,0,0,0,0
011250103042003,0,0,0,0,0,0,0,0,0,0,0,0,0,0,0,0,0,0,0,0,0,0,0,0,0,0,0,0,0,0,0,0
011250103042001,0,0,0,0,0,0,0,0,0,0,0,0,0,0,0,0,0,0,0,0,0,0,0,0,0,0,0,0,0,0,0,0
011250103041065,0,0,0,0,0,0,0,0,0,0,0,0,0,0,0,0,0,0,0,0,0,0,0,0,0,0,0,0,0,0,0,0
011250103041064,17,1,13,9,0,0,0,0,0,0,0,0,0,0,0,0,10,1,7,6,0,0,0,0,0,0,0,0,0,0,0,0
011250103041062,0,0,0,0,0,0,0,0,0,0,0,0,0,0,0,0,0,0,0,0,0,0,0,0,0,0,0,0,0,0,0,0
011250103041061,0,0,0,0,0,0,0,0,0,0,0,0,0,0,0,0,0,0,0,0,0,0,0,0,0,0,0,0,0,0,0,0
011250103041060,0,0,0,0,0,0,0,0,0,0,0,0,0,0,0,0,0,0,0,0,0,0,0,0,0,0,0,0,0,0,0,0
011250103041059,26,0,29,22,0,0,0,0,0,0,0,0,0,0,0,0,20,0,22,21,0,0,0,0,0,0,0,0,0,0,0,0
011250103041058,31,1,28,16,0,0,0,0,0,0,0,0,0,0,0,0,19,0,20,16,0,0,0,0,0,0,0,0,0,0,0,0
011250103041057,82,1,88,66,0,0,0,0,0,0,0,0,0,0,0,0,54,1,57,55,0,0,0,0,0,0,0,0,0,0,0,0
011250103041056,0,0,0,0,0,0,0,0,0,0,0,0,0,0,0,0,0,0,0,0,0,0,0,0,0,0,0,0,0,0,0,0
011250103041055,0,0,0,0,0,0,0,0,0,0,0,0,0,0,0,0,0,0,0,0,0,0,0,0,0,0,0,0,0,0,0,0
011250103041054,4,0,4,2,0,0,0,0,0,0,0,0,0,0,0,0,3,0,3,2,0,0,0,0,0,0,0,0,0,0,0,0
011250103041053,6,0,4,0,0,0,0,0,0,0,0,0,0,0,0,0,0,0,0,0,0,0,0,0,0,0,0,0,0,0,0,0
011250103041052,0,0,0,0,0,0,0,0,0,0,0,0,0,0,0,0,0,0,0,0,0,0,0,0,0,0,0,0,0,0,0,0
011250103041051,0,0,0,0,0,0,0,0,0,0,0,0,0,0,0,0,0,0,0,0,0,0,0,0,0,0,0,0,0,0,0,0
011250103041045,9,0,10,7,0,0,0,0,0,0,0,0,0,0,0,0,4,0,5,3,0,0,0,0,0,0,0,0,0,0,0,0
011250103041042,33,3,16,7,0,0,0,0,0,0,0,0,0,0,0,0,17,2,1,1,0,0,0,0,0,0,0,0,0,0,0,0
011250103041037,0,0,0,0,0,0,0,0,0,0,0,0,0,0,0,0,0,0,0,0,0,0,0,0,0,0,0,0,0,0,0,0
011250103041036,22,1,22,17,0,0,0,0,0,0,0,0,0,0,0,0,16,1,15,15,0,0,0,0,0,0,0,0,0,0,0,0
011250103041035,7,0,9,7,0,0,0,0,0,0,0,0,0,0,0,0,5,0,6,6,0,0,0,0,0,0,0,0,0,0,0,0
011250103041030,38,1,41,24,9,0,0,0,0,0,0,0,0,0,0,9,23,0,25,24,0,0,0,0,0,0,0,0,0,0,0,0
011250103041029,38,0,42,27,4,0,0,0,0,0,0,0,0,0,1,4,22,0,25,23,0,0,0,0,0,0,0,0,0,0,1,0
011250103041023,56,2,52,39,0,0,2,0,0,0,0,0,0,0,1,0,46,1,42,40,0,0,2,0,0,0,0,0,0,0,1,0
011250103041017,5,0,4,1,0,0,0,0,0,0,0,0,0,0,0,2,2,0,2,1,0,0,0,0,0,0,0,0,0,0,0,0
011250103041015,23,0,26,15,7,0,5,0,0,0,0,0,0,0,3,7,14,0,16,14,0,0,5,0,0,0,0,0,0,0,3,0
011250103041014,7,0,6,4,0,0,0,0,0,0,0,0,0,0,0,0,3,0,3,3,0,0,0,0,0,0,0,0,0,0,0,0
011250103041012,0,0,0,0,0,0,0,0,0,0,0,0,0,0,0,0,0,0,0,0,0,0,0,0,0,0,0,0,0,0,0,0
011250103041011,0,0,0,0,0,0,0,0,0,0,0,0,0,0,0,0,0,0,0,0,0,0,0,0,0,0,0,0,0,0,0,0
011250103041010,0,0,0,0,0,0,0,0,0,0,0,0,0,0,0,0,0,0,0,0,0,0,0,0,0,0,0,0,0,0,0,0
011250103041009,0,0,0,0,0,0,0,0,0,0,0,0,0,0,0,0,0,0,0,0,0,0,0,0,0,0,0,0,0,0,0,0
011250103041008,10,0,12,9,0,0,0,0,0,0,0,0,0,0,0,0,8,0,9,9,0,0,0,0,0,0,0,0,0,0,0,0
011250103041006,0,0,0,0,0,0,0,0,0,0,0,0,0,0,0,0,0,0,0,0,0,0,0,0,0,0,0,0,0,0,0,0
011250103041005,35,0,39,28,4,0,0,0,0,0,0,0,0,0,0,4,18,0,19,18,0,0,0,0,0,0,0,0,0,0,0,0
011250103041004,37,0,43,23,7,0,0,0,0,0,0,0,0,0,0,7,24,0,28,20,0,0,0,0,0,0,0,0,0,0,0,0
011250103041002,10,1,6,1,0,0,4,0,0,0,0,0,0,0,2,0,4,0,5,1,0,0,4,0,0,0,0,0,0,0,3,0
011250103041001,10,0,9,7,0,0,0,0,0,0,0,0,0,0,0,0,5,0,6,6,0,0,0,0,0,0,0,0,0,0,0,0
011250103033039,14,0,14,8,4,0,0,0,0,0,0,0,0,0,0,4,13,0,13,8,0,0,0,0,0,0,0,0,0,0,0,0
011250103033038,7,0,7,5,0,0,0,0,0,0,0,0,0,0,0,0,7,0,7,5,0,0,0,0,0,0,0,0,0,0,0,0
011250103033036,0,0,0,0,0,0,0,0,0,0,0,0,0,0,0,0,0,0,0,0,0,0,0,0,0,0,0,0,0,0,0,0
011250103033035,8,0,8,4,0,0,0,0,0,0,0,0,0,0,0,0,7,0,7,4,0,0,0,0,0,0,0,0,0,0,0,0
011250103033034,0,0,0,0,0,0,0,0,0,0,0,0,0,0,0,0,0,0,0,0,0,0,0,0,0,0,0,0,0,0,0,0
011250103033033,0,0,0,0,0,0,0,0,0,0,0,0,0,0,0,0,0,0,0,0,0,0,0,0,0,0,0,0,0,0,0,0
011250103033032,13,0,13,8,0,0,0,0,0,0,0,0,0,0,0,0,8,0,8,5,0,0,0,0,0,0,0,0,0,0,0,0
011250103033031,0,0,0,0,0,0,0,0,0,0,0,0,0,0,0,0,0,0,0,0,0,0,0,0,0,0,0,0,0,0,0,0
011250103033028,0,0,0,0,0,0,0,0,0,0,0,0,0,0,0,0,0,0,0,0,0,0,0,0,0,0,0,0,0,0,0,0
011250103033027,0,0,0,0,0,0,0,0,0,0,0,0,0,0,0,0,0,0,0,0,0,0,0,0,0,0,0,0,0,0,0,0
011250103033026,20,0,20,13,0,0,0,0,0,0,0,0,0,0,0,0,16,0,16,10,0,0,0,0,0,0,0,0,0,0,0,0
011250103033025,8,0,8,4,0,0,0,0,0,0,0,0,0,0,0,1,3,0,3,2,0,0,0,0,0,0,0,0,0,0,0,0
011250103033024,3,0,3,2,0,0,0,0,0,0,0,0,0,0,0,0,2,0,2,1,0,0,0,0,0,0,0,0,0,0,0,0
011250103033023,0,0,0,0,0,0,0,0,0,0,0,0,0,0,0,0,0,0,0,0,0,0,0,0,0,0,0,0,0,0,0,0
011250103033020,36,1,35,23,0,0,0,0,0,0,0,0,0,0,0,0,28,0,28,18,0,0,0,0,0,0,0,0,0,0,0,0
011250103033019,0,0,0,0,0,0,0,0,0,0,0,0,0,0,0,0,0,0,0,0,0,0,0,0,0,0,0,0,0,0,0,0
011250103033017,8,1,8,4,0,0,0,0,0,0,0,0,0,0,0,0,5,0,5,3,0,0,0,0,0,0,0,0,0,0,0,0
011250103033015,8,3,5,2,3,0,0,0,0,0,0,0,0,0,0,3,5,3,4,2,0,0,0,0,0,0,0,0,0,0,0,0
011250103033014,13,0,13,8,0,0,0,0,0,0,0,0,0,0,0,0,6,0,6,4,0,0,0,0,0,0,0,0,0,0,0,0
011250103033013,0,0,0,0,0,0,0,0,0,0,0,0,0,0,0,0,0,0,0,0,0,0,0,0,0,0,0,0,0,0,0,0
011250103033011,37,0,37,24,0,0,0,0,0,0,0,0,0,0,0,0,29,0,29,18,0,0,0,0,0,0,0,0,0,0,0,0
011250103033010,0,0,0,0,0,0,0,0,0,0,0,0,0,0,0,0,0,0,0,0,0,0,0,0,0,0,0,0,0,0,0,0
011250103033009,6,1,5,1,5,0,0,0,0,0,0,0,0,0,0,6,3,1,2,1,0,0,0,0,0,0,0,0,0,0,0,0
011250103033004,0,0,0,0,0,0,0,0,0,0,0,0,0,0,0,0,0,0,0,0,0,0,0,0,0,0,0,0,0,0,0,0
011250103033001,0,0,0,0,0,0,0,0,0,0,0,0,0,0,0,0,0,0,0,0,0,0,0,0,0,0,0,0,0,0,0,0
011250103033000,14,0,14,8,3,0,0,0,0,0,0,0,0,0,0,3,14,0,13,8,0,0,0,0,0,0,0,0,0,0,0,0
011250103032068,0,0,0,0,0,0,0,0,0,0,0,0,0,0,0,0,0,0,0,0,0,0,0,0,0,0,0,0,0,0,0,0
011250103032067,0,0,0,0,0,0,0,0,0,0,0,0,0,0,0,0,0,0,0,0,0,0,0,0,0,0,0,0,0,0,0,0
011250103032066,2,0,3,1,0,0,0,0,0,0,0,0,0,0,0,0,1,0,1,1,0,0,0,0,0,0,0,0,0,0,0,0
011250103032065,0,0,0,0,0,0,0,0,0,0,0,0,0,0,0,0,0,0,0,0,0,0,0,0,0,0,0,0,0,0,0,0
011250103032064,2,0,1,1,0,0,0,0,0,0,0,0,0,0,0,0,1,0,1,1,0,0,0,0,0,0,0,0,0,0,0,0
011250103032063,0,0,0,0,0,0,0,0,0,0,0,0,0,0,0,0,0,0,0,0,0,0,0,0,0,0,0,0,0,0,0,0
011250103032062,0,0,0,0,0,0,0,0,0,0,0,0,0,0,0,0,0,0,0,0,0,0,0,0,0,0,0,0,0,0,0,0
011250103032061,0,0,0,0,0,0,0,0,0,0,0,0,0,0,0,0,0,0,0,0,0,0,0,0,0,0,0,0,0,0,0,0
011250103032060,0,0,0,0,0,0,0,0,0,0,0,0,0,0,0,0,0,0,0,0,0,0,0,0,0,0,0,0,0,0,0,0
011250103032059,0,0,0,0,0,0,0,0,0,0,0,0,0,0,0,0,0,0,0,0,0,0,0,0,0,0,0,0,0,0,0,0
011250103032057,0,0,0,0,0,0,0,0,0,0,0,0,0,0,0,0,0,0,0,0,0,0,0,0,0,0,0,0,0,0,0,0
011250103032056,0,0,0,0,0,0,0,0,0,0,0,0,0,0,0,0,0,0,0,0,0,0,0,0,0,0,0,0,0,0,0,0
011250103032055,1,0,0,0,0,0,0,0,0,0,0,0,0,0,0,0,1,0,0,0,0,0,0,0,0,0,0,0,0,0,0,0
011250103032054,0,0,0,0,0,0,0,0,0,0,0,0,0,0,0,0,0,0,0,0,0,0,0,0,0,0,0,0,0,0,0,0
011250103032053,0,0,0,0,0,0,0,0,0,0,0,0,0,0,0,0,0,0,0,0,0,0,0,0,0,0,0,0,0,0,0,0
011250103032052,0,0,0,0,0,0,0,0,0,0,0,0,0,0,0,0,0,0,0,0,0,0,0,0,0,0,0,0,0,0,0,0
011250103032051,0,0,0,0,0,0,0,0,0,0,0,0,0,0,0,0,0,0,0,0,0,0,0,0,0,0,0,0,0,0,0,0
011250103032050,0,0,0,0,0,0,0,0,0,0,0,0,0,0,0,0,0,0,0,0,0,0,0,0,0,0,0,0,0,0,0,0
011250103032049,0,0,0,0,0,0,0,0,0,0,0,0,0,0,0,0,0,0,0,0,0,0,0,0,0,0,0,0,0,0,0,0
011250103032048,0,0,0,0,0,0,0,0,0,0,0,0,0,0,0,0,0,0,0,0,0,0,0,0,0,0,0,0,0,0,0,0
011250103032047,0,0,0,0,0,0,0,0,0,0,0,0,0,0,0,0,0,0,0,0,0,0,0,0,0,0,0,0,0,0,0,0
011250103032046,0,0,0,0,0,0,0,0,0,0,0,0,0,0,0,0,0,0,0,0,0,0,0,0,0,0,0,0,0,0,0,0
011250103032045,0,0,0,0,0,0,0,0,0,0,0,0,0,0,0,0,0,0,0,0,0,0,0,0,0,0,0,0,0,0,0,0
011250103032044,7,0,7,0,0,0,0,0,0,0,0,0,0,0,0,8,0,0,0,0,0,0,0,0,0,0,0,0,0,0,0,0
011250103032043,0,0,0,0,0,0,0,0,0,0,0,0,0,0,0,0,0,0,0,0,0,0,0,0,0,0,0,0,0,0,0,0
011250103032041,0,0,0,0,0,0,0,0,0,0,0,0,0,0,0,0,0,0,0,0,0,0,0,0,0,0,0,0,0,0,0,0
011250103032038,30,0,29,19,9,0,0,0,0,0,0,0,0,0,0,8,17,0,16,11,0,0,0,0,0,0,0,0,0,0,0,0
011250103032037,0,0,0,0,0,0,0,0,0,0,0,0,0,0,0,0,0,0,0,0,0,0,0,0,0,0,0,0,0,0,0,0
011250103032036,0,0,0,0,0,0,0,0,0,0,0,0,0,0,0,0,0,0,0,0,0,0,0,0,0,0,0,0,0,0,0,0
011250103032035,16,0,16,13,0,0,0,0,0,0,0,0,0,0,0,0,14,0,14,10,0,0,0,0,0,0,0,0,0,0,0,0
011250103032033,5,0,5,4,0,0,0,0,0,0,0,0,0,0,0,0,4,0,4,3,0,0,0,0,0,0,0,0,0,0,0,0
011250103032030,0,0,0,0,0,0,0,0,0,0,0,0,0,0,0,0,0,0,0,0,0,0,0,0,0,0,0,0,0,0,0,0
011250103032026,52,0,51,40,0,0,0,0,0,0,0,0,0,0,0,0,47,0,47,33,0,0,0,0,0,0,1,0,0,0,0,0
011250103032025,0,0,0,0,0,0,0,0,0,0,0,0,0,0,0,0,0,0,0,0,0,0,0,0,0,0,0,0,0,0,0,0
011250103032024,15,0,15,12,0,0,0,0,0,0,0,0,0,0,0,0,16,0,16,12,0,0,0,0,0,0,0,0,0,0,0,0
011250103032023,14,0,14,3,17,0,0,0,0,0,0,0,0,0,0,16,5,0,5,3,0,0,0,0,0,0,0,0,0,0,0,0
011250103032022,0,0,0,0,0,0,0,0,0,0,0,0,0,0,0,0,0,0,0,0,0,0,0,0,0,0,0,0,0,0,0,0
011250103032021,0,0,0,0,0,0,0,0,0,0,0,0,0,0,0,0,0,0,0,0,0,0,0,0,0,0,0,0,0,0,0,0
011250103032020,0,0,0,0,0,0,0,0,0,0,0,0,0,0,0,0,0,0,0,0,0,0,0,0,0,0,0,0,0,0,0,0
011250103032019,0,0,0,0,0,0,0,0,0,0,0,0,0,0,0,0,0,0,0,0,0,0,0,0,0,0,0,0,0,0,0,0
011250103032018,0,0,0,0,0,0,0,0,0,0,0,0,0,0,0,0,0,0,0,0,0,0,0,0,0,0,0,0,0,0,0,0
011250103032017,0,0,0,0,0,0,0,0,0,0,0,0,0,0,0,0,0,0,0,0,0,0,0,0,0,0,0,0,0,0,0,0
011250103032016,0,0,0,0,0,0,0,0,0,0,0,0,0,0,0,0,0,0,0,0,0,0,0,0,0,0,0,0,0,0,0,0
011250103032015,13,0,13,7,0,0,0,0,0,0,1,0,0,1,0,0,11,0,11,7,0,0,0,0,0,0,0,0,0,0,0,0
011250103032009,0,0,0,0,0,0,0,0,0,0,0,0,0,0,0,0,0,0,0,0,0,0,0,0,0,0,0,0,0,0,0,0
011250103032008,15,0,15,6,0,0,0,0,0,0,2,0,0,1,0,0,14,0,14,5,0,0,0,0,0,0,2,0,0,2,0,0
011250103032007,0,0,0,0,0,0,0,0,0,0,0,0,0,0,0,0,0,0,0,0,0,0,0,0,0,0,0,0,0,0,0,0
011250103032006,0,0,0,0,0,0,0,0,0,0,0,0,0,0,0,0,0,0,0,0,0,0,0,0,0,0,0,0,0,0,0,0
011250103032005,0,0,0,0,0,0,0,0,0,0,0,0,0,0,0,0,0,0,0,0,0,0,0,0,0,0,0,0,0,0,0,0
011250103032004,0,0,0,0,0,0,0,0,0,0,0,0,0,0,0,0,0,0,0,0,0,0,0,0,0,0,0,0,0,0,0,0
011250103032003,0,0,0,0,0,0,0,0,0,0,0,0,0,0,0,0,0,0,0,0,0,0,0,0,0,0,0,0,0,0,0,0
011250103032002,0,0,0,0,0,0,0,0,0,0,0,0,0,0,0,0,0,0,0,0,0,0,0,0,0,0,0,0,0,0,0,0
011250103032000,0,0,0,0,0,0,0,0,0,0,0,0,0,0,0,0,0,0,0,0,0,0,0,0,0,0,0,0,0,0,0,0
011250103031033,10,10,7,4,2,0,0,0,0,0,0,0,0,0,0,2,7,5,4,4,0,0,0,0,0,0,0,0,0,0,0,0
011250103031032,3,0,3,3,0,0,0,0,0,0,0,0,0,0,0,0,3,0,3,3,0,0,0,0,0,0,0,0,0,0,0,0
011250103031031,0,0,0,0,0,0,0,0,0,0,0,0,0,0,0,0,0,0,0,0,0,0,0,0,0,0,0,0,0,0,0,0
011250103031030,0,0,0,0,0,0,0,0,0,0,0,0,0,0,0,0,0,0,0,0,0,0,0,0,0,0,0,0,0,0,0,0
011250103031029,0,0,0,0,0,0,0,0,0,0,0,0,0,0,0,0,0,0,0,0,0,0,0,0,0,0,0,0,0,0,0,0
011250103031025,0,0,0,0,0,0,0,0,0,0,0,0,0,0,0,0,0,0,0,0,0,0,0,0,0,0,0,0,0,0,0,0
011250103031024,0,0,0,0,0,0,0,0,0,0,0,0,0,0,0,0,0,0,0,0,0,0,0,0,0,0,0,0,0,0,0,0
011250103031018,2,0,2,0,1,0,0,0,0,0,0,0,0,0,0,1,1,0,1,0,0,0,0,0,0,0,0,0,0,0,0,0
011250103031017,0,0,0,0,0,0,0,0,0,0,0,0,0,0,0,0,0,0,0,0,0,0,0,0,0,0,0,0,0,0,0,0
011250103031016,0,0,0,0,0,0,0,0,0,0,0,0,0,0,0,0,0,0,0,0,0,0,0,0,0,0,0,0,0,0,0,0
011250103031012,2,2,2,1,0,0,0,0,0,0,0,0,0,0,0,0,2,1,1,1,0,0,0,0,0,0,0,0,0,0,0,0
011250103031008,0,0,0,0,0,0,0,0,0,0,0,0,0,0,0,0,0,0,0,0,0,0,0,0,0,0,0,0,0,0,0,0
011250103031004,23,0,23,19,0,0,0,0,0,0,0,0,0,0,0,0,22,0,22,20,0,0,0,0,0,0,0,0,0,0,0,0
011250103031002,0,0,0,0,0,0,0,0,0,0,0,0,0,0,0,0,0,0,0,0,0,0,0,0,0,0,0,0,0,0,0,0
011250103023159,0,0,0,0,0,0,0,0,0,0,0,0,0,0,0,0,0,0,0,0,0,0,0,0,0,0,0,0,0,0,0,0
011250103023158,0,0,0,0,0,0,0,0,0,0,0,0,0,0,0,0,0,0,0,0,0,0,0,0,0,0,0,0,0,0,0,0
011250103023157,0,0,0,0,0,0,0,0,0,0,0,0,0,0,0,0,0,0,0,0,0,0,0,0,0,0,0,0,0,0,0,0
011250103023156,0,0,0,0,0,0,0,0,0,0,0,0,0,0,0,0,0,0,0,0,0,0,0,0,0,0,0,0,0,0,0,0
011250103023155,0,0,0,0,0,0,0,0,0,0,0,0,0,0,0,0,0,0,0,0,0,0,0,0,0,0,0,0,0,0,0,0
011250103023154,0,0,0,0,0,0,0,0,0,0,0,0,0,0,0,0,0,0,0,0,0,0,0,0,0,0,0,0,0,0,0,0
011250103023153,0,0,0,0,0,0,0,0,0,0,0,0,0,0,0,0,0,0,0,0,0,0,0,0,0,0,0,0,0,0,0,0
011250103023150,0,0,0,0,0,0,0,0,0,0,0,0,0,0,0,0,0,0,0,0,0,0,0,0,0,0,0,0,0,0,0,0
011250103023149,0,0,0,0,0,0,0,0,0,0,0,0,0,0,0,0,0,0,0,0,0,0,0,0,0,0,0,0,0,0,0,0
011250103023148,0,0,0,0,0,0,0,0,0,0,0,0,0,0,0,0,0,0,0,0,0,0,0,0,0,0,0,0,0,0,0,0
011250103023147,0,0,0,0,0,0,0,0,0,0,0,0,0,0,0,0,0,0,0,0,0,0,0,0,0,0,0,0,0,0,0,0
011250103023146,0,0,0,0,0,0,0,0,0,0,0,0,0,0,0,0,0,0,0,0,0,0,0,0,0,0,0,0,0,0,0,0
011250103023145,0,0,0,0,0,0,0,0,0,0,0,0,0,0,0,0,0,0,0,0,0,0,0,0,0,0,0,0,0,0,0,0
011250103023144,0,0,0,0,0,0,0,0,0,0,0,0,0,0,0,0,0,0,0,0,0,0,0,0,0,0,0,0,0,0,0,0
011250103023143,0,0,0,0,0,0,0,0,0,0,0,0,0,0,0,0,0,0,0,0,0,0,0,0,0,0,0,0,0,0,0,0
011250103023142,0,0,0,0,0,0,0,0,0,0,0,0,0,0,0,0,0,0,0,0,0,0,0,0,0,0,0,0,0,0,0,0
011250103023141,10,0,10,15,0,0,0,0,0,0,0,0,0,0,0,0,10,0,11,14,0,0,0,0,0,0,0,0,0,0,0,0
011250103023140,0,0,0,0,0,0,0,0,0,0,0,0,0,0,0,0,0,0,0,0,0,0,0,0,0,0,0,0,0,0,0,0
011250103023139,0,0,0,0,0,0,0,0,0,0,0,0,0,0,0,0,0,0,0,0,0,0,0,0,0,0,0,0,0,0,0,0
011250103023138,0,0,0,0,0,0,0,0,0,0,0,0,0,0,0,0,0,0,0,0,0,0,0,0,0,0,0,0,0,0,0,0
011250103023137,0,0,0,0,0,0,0,0,0,0,0,0,0,0,0,0,0,0,0,0,0,0,0,0,0,0,0,0,0,0,0,0
011250103023136,0,0,0,0,0,0,0,0,0,0,0,0,0,0,0,0,0,0,0,0,0,0,0,0,0,0,0,0,0,0,0,0
011250103023135,0,0,0,0,0,0,0,0,0,0,0,0,0,0,0,0,0,0,0,0,0,0,0,0,0,0,0,0,0,0,0,0
011250103023134,0,0,0,0,0,0,0,0,0,0,0,0,0,0,0,0,0,0,0,0,0,0,0,0,0,0,0,0,0,0,0,0
011250103023133,0,0,0,0,0,0,0,0,0,0,0,0,0,0,0,0,0,0,0,0,0,0,0,0,0,0,0,0,0,0,0,0
011250103023132,0,0,0,0,0,0,0,0,0,0,0,0,0,0,0,0,0,0,0,0,0,0,0,0,0,0,0,0,0,0,0,0
011250103023131,0,0,0,0,0,0,0,0,0,0,0,0,0,0,0,0,0,0,0,0,0,0,0,0,0,0,0,0,0,0,0,0
011250103023130,14,0,15,15,1,0,0,0,0,0,0,0,0,0,0,1,8,0,6,7,0,0,0,0,0,0,0,0,0,0,0,0
011250103023128,0,0,0,0,0,0,0,0,0,0,0,0,0,0,0,0,0,0,0,0,0,0,0,0,0,0,0,0,0,0,0,0
011250103023127,0,0,0,0,0,0,0,0,0,0,0,0,0,0,0,0,0,0,0,0,0,0,0,0,0,0,0,0,0,0,0,0
011250103023126,0,0,0,0,0,0,0,0,0,0,0,0,0,0,0,0,0,0,0,0,0,0,0,0,0,0,0,0,0,0,0,0
011250103023125,0,0,0,0,0,0,0,0,0,0,0,0,0,0,0,0,0,0,0,0,0,0,0,0,0,0,0,0,0,0,0,0
011250103023124,0,0,0,0,0,0,0,0,0,0,0,0,0,0,0,0,0,0,0,0,0,0,0,0,0,0,0,0,0,0,0,0
011250103023123,0,0,0,0,0,0,0,0,0,0,0,0,0,0,0,0,0,0,0,0,0,0,0,0,0,0,0,0,0,0,0,0
011250103023122,0,0,0,0,0,0,0,0,0,0,0,0,0,0,0,0,0,0,0,0,0,0,0,0,0,0,0,0,0,0,0,0
011250103023121,10,0,10,12,0,0,0,0,0,0,1,0,0,0,0,0,12,0,13,14,0,0,0,0,0,0,1,0,0,0,0,0
011250103023120,0,0,0,0,0,0,0,0,0,0,0,0,0,0,0,0,0,0,0,0,0,0,0,0,0,0,0,0,0,0,0,0
011250103023119,0,0,0,0,0,0,0,0,0,0,0,0,0,0,0,0,0,0,0,0,0,0,0,0,0,0,0,0,0,0,0,0
011250103023118,0,0,0,0,0,0,0,0,0,0,0,0,0,0,0,0,0,0,0,0,0,0,0,0,0,0,0,0,0,0,0,0
011250103023116,10,0,9,13,0,0,0,0,0,0,0,0,0,0,0,0,12,0,12,15,0,0,0,0,0,0,0,0,0,0,0,0
011250103023115,0,0,0,0,0,0,0,0,0,0,0,0,0,0,0,0,0,0,0,0,0,0,0,0,0,0,0,0,0,0,0,0
011250103023114,0,0,0,0,0,0,0,0,0,0,0,0,0,0,0,0,0,0,0,0,0,0,0,0,0,0,0,0,0,0,0,0
011250103023113,9,0,8,11,0,0,0,0,0,0,0,0,0,0,0,0,8,0,10,13,0,0,0,0,0,0,0,0,0,0,0,0
011250103023112,0,0,0,0,0,0,0,0,0,0,0,0,0,0,0,0,0,0,0,0,0,0,0,0,0,0,0,0,0,0,0,0
011250103023111,0,0,0,0,0,0,0,0,0,0,0,0,0,0,0,0,0,0,0,0,0,0,0,0,0,0,0,0,0,0,0,0
011250103023110,0,0,0,0,0,0,0,0,0,0,0,0,0,0,0,0,0,0,0,0,0,0,0,0,0,0,0,0,0,0,0,0
011250103023109,2,0,2,2,0,0,0,0,0,0,0,0,0,0,0,0,2,0,2,3,0,0,0,0,0,0,0,0,0,0,0,0
011250103023108,0,0,0,0,0,0,0,0,0,0,0,0,0,0,0,0,0,0,0,0,0,0,0,0,0,0,0,0,0,0,0,0
011250103023107,0,0,0,0,0,0,0,0,0,0,0,0,0,0,0,0,0,0,0,0,0,0,0,0,0,0,0,0,0,0,0,0
011250103023106,0,0,0,0,0,0,0,0,0,0,0,0,0,0,0,0,0,0,0,0,0,0,0,0,0,0,0,0,0,0,0,0
011250103023105,2,0,3,4,0,0,0,0,0,0,0,0,0,0,0,0,0,0,0,0,0,0,0,0,0,0,0,0,0,0,0,0
011250103023104,0,0,0,0,0,0,0,0,0,0,0,0,0,0,0,0,0,0,0,0,0,0,0,0,0,0,0,0,0,0,0,0
011250103023103,0,0,0,0,0,0,0,0,0,0,0,0,0,0,0,0,0,0,0,0,0,0,0,0,0,0,0,0,0,0,0,0
011250103023102,0,0,0,0,0,0,0,0,0,0,0,0,0,0,0,0,0,0,0,0,0,0,0,0,0,0,0,0,0,0,0,0
011250103023101,0,0,0,0,0,0,0,0,0,0,0,0,0,0,0,0,0,0,0,0,0,0,0,0,0,0,0,0,0,0,0,0
011250103023100,0,0,0,0,0,0,0,0,0,0,0,0,0,0,0,0,0,0,0,0,0,0,0,0,0,0,0,0,0,0,0,0
011250103023099,0,0,0,0,0,0,0,0,0,0,0,0,0,0,0,0,0,0,0,0,0,0,0,0,0,0,0,0,0,0,0,0
011250103023098,0,0,0,0,0,0,0,0,0,0,0,0,0,0,0,0,0,0,0,0,0,0,0,0,0,0,0,0,0,0,0,0
011250103023097,0,0,0,0,0,0,0,0,0,0,0,0,0,0,0,0,0,0,0,0,0,0,0,0,0,0,0,0,0,0,0,0
011250103023096,0,0,0,0,0,0,0,0,0,0,0,0,0,0,0,0,0,0,0,0,0,0,0,0,0,0,0,0,0,0,0,0
011250103023095,0,0,0,0,0,0,0,0,0,0,0,0,0,0,0,0,0,0,0,0,0,0,0,0,0,0,0,0,0,0,0,0
011250103023094,0,0,0,0,0,0,0,0,0,0,0,0,0,0,0,0,0,0,0,0,0,0,0,0,0,0,0,0,0,0,0,0
011250103023093,0,0,0,0,0,0,0,0,0,0,0,0,0,0,0,0,0,0,0,0,0,0,0,0,0,0,0,0,0,0,0,0
011250103023092,0,0,0,0,0,0,0,0,0,0,0,0,0,0,0,0,0,0,0,0,0,0,0,0,0,0,0,0,0,0,0,0
011250103023091,0,0,0,0,0,0,0,0,0,0,0,0,0,0,0,0,0,0,0,0,0,0,0,0,0,0,0,0,0,0,0,0
011250103023090,0,0,0,0,0,0,0,0,0,0,0,0,0,0,0,0,0,0,0,0,0,0,0,0,0,0,0,0,0,0,0,0
011250103023089,0,0,0,0,0,0,0,0,0,0,0,0,0,0,0,0,0,0,0,0,0,0,0,0,0,0,0,0,0,0,0,0
011250103023088,0,0,0,0,0,0,0,0,0,0,0,0,0,0,0,0,0,0,0,0,0,0,0,0,0,0,0,0,0,0,0,0
011250103023087,0,0,0,0,0,0,0,0,0,0,0,0,0,0,0,0,0,0,0,0,0,0,0,0,0,0,0,0,0,0,0,0
011250103023086,0,0,0,0,0,0,0,0,0,0,0,0,0,0,0,0,0,0,0,0,0,0,0,0,0,0,0,0,0,0,0,0
011250103023085,0,0,0,0,0,0,0,0,0,0,0,0,0,0,0,0,0,0,0,0,0,0,0,0,0,0,0,0,0,0,0,0
011250103023084,0,0,0,0,0,0,0,0,0,0,0,0,0,0,0,0,0,0,0,0,0,0,0,0,0,0,0,0,0,0,0,0
011250103023083,0,0,0,0,0,0,0,0,0,0,0,0,0,0,0,0,0,0,0,0,0,0,0,0,0,0,0,0,0,0,0,0
011250103023082,0,0,0,0,0,0,0,0,0,0,0,0,0,0,0,0,0,0,0,0,0,0,0,0,0,0,0,0,0,0,0,0
011250103023081,0,0,0,0,0,0,0,0,0,0,0,0,0,0,0,0,0,0,0,0,0,0,0,0,0,0,0,0,0,0,0,0
011250103023080,0,0,0,0,0,0,0,0,0,0,0,0,0,0,0,0,0,0,0,0,0,0,0,0,0,0,0,0,0,0,0,0
011250103023079,0,0,0,0,0,0,0,0,0,0,0,0,0,0,0,0,0,0,0,0,0,0,0,0,0,0,0,0,0,0,0,0
011250103023078,0,0,0,0,0,0,0,0,0,0,0,0,0,0,0,0,0,0,0,0,0,0,0,0,0,0,0,0,0,0,0,0
011250103023077,0,0,0,0,0,0,0,0,0,0,0,0,0,0,0,0,0,0,0,0,0,0,0,0,0,0,0,0,0,0,0,0
011250103023076,0,0,0,0,0,0,0,0,0,0,0,0,0,0,0,0,0,0,0,0,0,0,0,0,0,0,0,0,0,0,0,0
011250103023075,5,0,6,9,0,0,0,0,0,0,0,0,0,0,0,0,5,0,5,7,0,0,0,0,0,0,0,0,0,0,0,0
011250103023074,2,0,2,2,0,0,0,0,0,0,0,0,0,0,0,0,2,0,2,3,0,0,0,0,0,0,0,0,0,0,0,0
011250103023073,0,0,0,0,0,0,0,0,0,0,0,0,0,0,0,0,0,0,0,0,0,0,0,0,0,0,0,0,0,0,0,0
011250103023072,0,0,0,0,0,0,0,0,0,0,0,0,0,0,0,0,0,0,0,0,0,0,0,0,0,0,0,0,0,0,0,0
011250103023071,41,0,42,59,0,0,0,0,0,0,0,0,0,0,0,0,32,0,30,39,0,0,0,0,0,0,0,0,0,0,0,0
011250103023070,0,0,0,0,0,0,0,0,0,0,0,0,0,0,0,0,0,0,0,0,0,0,0,0,0,0,0,0,0,0,0,0
011250103023069,0,0,0,0,0,0,0,0,0,0,0,0,0,0,0,0,0,0,0,0,0,0,0,0,0,0,0,0,0,0,0,0
011250103023068,6,0,6,9,0,0,0,0,0,0,0,0,0,0,0,0,8,0,8,10,0,0,0,0,0,0,0,0,0,0,0,0
011250103023066,0,0,0,0,0,0,0,0,0,0,0,0,0,0,0,0,0,0,0,0,0,0,0,0,0,0,0,0,0,0,0,0
011250103023065,32,0,37,51,0,0,0,0,0,0,0,0,0,0,0,0,34,0,38,48,0,0,0,0,0,0,0,0,0,0,0,0
011250103023064,8,0,6,9,0,0,0,0,0,0,0,0,0,0,0,0,8,0,8,10,0,0,0,0,0,0,0,0,0,0,0,0
011250103023062,10,0,11,13,0,0,0,0,0,0,0,0,0,0,0,0,12,0,14,15,0,0,0,0,0,0,0,0,0,0,0,0
011250103023061,6,0,7,10,0,0,0,0,0,0,0,0,0,0,0,0,7,0,9,11,0,0,0,0,0,0,0,0,0,0,0,0
011250103023060,22,0,26,37,0,0,0,0,0,0,0,0,0,0,0,0,21,0,24,30,0,0,0,0,0,0,0,0,0,0,0,0
011250103023059,23,0,27,38,0,0,0,0,0,0,0,0,0,0,0,0,21,0,24,30,0,0,0,0,0,0,0,0,0,0,0,0
011250103023058,47,0,55,78,0,0,0,0,0,0,0,0,0,0,0,0,40,0,46,59,0,0,0,0,0,0,0,0,0,0,0,0
011250103023056,19,0,22,29,0,0,0,0,0,0,1,0,0,1,0,0,16,0,18,21,0,0,0,0,0,0,1,0,0,1,0,0
011250103023054,10,0,12,17,0,0,0,0,0,0,0,0,0,0,0,0,8,0,10,12,0,0,0,0,0,0,0,0,0,0,0,0
011250103023053,8,0,9,12,0,0,0,0,0,0,0,0,0,0,0,0,9,0,10,12,0,0,0,0,0,0,0,0,0,0,0,0
011250103023052,38,0,37,46,0,0,0,0,0,0,1,0,0,1,0,0,34,0,33,36,0,0,0,0,0,0,2,0,0,1,0,0
011250103023051,5,0,6,9,0,0,0,0,0,0,0,0,0,0,0,0,5,0,5,7,0,0,0,0,0,0,0,0,0,0,0,0
011250103023050,7,0,9,12,0,0,0,0,0,0,0,0,0,0,0,0,9,0,11,14,0,0,0,0,0,0,0,0,0,0,0,0
011250103023049,6,0,7,10,0,0,0,0,0,0,0,0,0,0,0,0,7,0,9,11,0,0,0,0,0,0,0,0,0,0,0,0
011250103023048,7,0,9,7,0,0,0,0,0,0,0,0,0,0,0,1,1,0,1,1,0,0,0,0,0,0,0,0,0,0,0,0
011250103023047,0,0,0,0,0,0,0,0,0,0,0,0,0,0,0,0,0,0,0,0,0,0,0,0,0,0,0,0,0,0,0,0
011250103023046,0,0,0,0,0,0,0,0,0,0,0,0,0,0,0,0,0,0,0,0,0,0,0,0,0,0,0,0,0,0,0,0
011250103023045,0,0,0,0,0,0,0,0,0,0,0,0,0,0,0,0,0,0,0,0,0,0,0,0,0,0,0,0,0,0,0,0
011250103023044,0,0,0,0,0,0,0,0,0,0,0,0,0,0,0,0,0,0,0,0,0,0,0,0,0,0,0,0,0,0,0,0
011250103023043,0,0,0,0,0,0,0,0,0,0,0,0,0,0,0,0,0,0,0,0,0,0,0,0,0,0,0,0,0,0,0,0
011250103023042,0,0,0,0,0,0,0,0,0,0,0,0,0,0,0,0,0,0,0,0,0,0,0,0,0,0,0,0,0,0,0,0
011250103023041,0,0,0,0,0,0,0,0,0,0,0,0,0,0,0,0,0,0,0,0,0,0,0,0,0,0,0,0,0,0,0,0
011250103023039,0,0,0,0,0,0,0,0,0,0,0,0,0,0,0,0,0,0,0,0,0,0,0,0,0,0,0,0,0,0,0,0
011250103023038,0,0,0,0,0,0,0,0,0,0,0,0,0,0,0,0,0,0,0,0,0,0,0,0,0,0,0,0,0,0,0,0
011250103023037,0,0,0,0,0,0,0,0,0,0,0,0,0,0,0,0,0,0,0,0,0,0,0,0,0,0,0,0,0,0,0,0
011250103023036,0,0,0,0,0,0,0,0,0,0,0,0,0,0,0,0,0,0,0,0,0,0,0,0,0,0,0,0,0,0,0,0
011250103023035,0,0,0,0,0,0,0,0,0,0,0,0,0,0,0,0,0,0,0,0,0,0,0,0,0,0,0,0,0,0,0,0
011250103023031,0,0,0,0,0,0,0,0,0,0,0,0,0,0,0,0,0,0,0,0,0,0,0,0,0,0,0,0,0,0,0,0
011250103023030,0,0,0,0,0,0,0,0,0,0,0,0,0,0,0,0,0,0,0,0,0,0,0,0,0,0,0,0,0,0,0,0
011250103023029,0,0,0,0,0,0,0,0,0,0,0,0,0,0,0,0,0,0,0,0,0,0,0,0,0,0,0,0,0,0,0,0
011250103023028,13,0,15,21,0,0,0,0,0,0,0,0,0,0,0,0,10,0,12,15,0,0,0,0,0,0,0,0,0,0,0,0
011250103023027,16,0,19,27,0,0,0,0,0,0,0,0,0,0,0,0,21,0,24,30,0,0,0,0,0,0,0,0,0,0,0,0
011250103023025,0,0,0,0,0,0,0,0,0,0,0,0,0,0,0,0,0,0,0,0,0,0,0,0,0,0,0,0,0,0,0,0
011250103023024,0,0,0,0,0,0,0,0,0,0,0,0,0,0,0,0,0,0,0,0,0,0,0,0,0,0,0,0,0,0,0,0
011250103023023,0,0,0,0,0,0,0,0,0,0,0,0,0,0,0,0,0,0,0,0,0,0,0,0,0,0,0,0,0,0,0,0
011250103023022,14,0,9,5,0,0,0,0,0,3,0,0,0,0,0,0,2,0,0,0,0,0,0,0,0,0,0,0,0,0,0,0
011250103023021,0,0,0,0,0,0,0,0,0,0,0,0,0,0,0,0,0,0,0,0,0,0,0,0,0,0,0,0,0,0,0,0
011250103023020,0,0,0,0,0,0,0,0,0,0,0,0,0,0,0,0,0,0,0,0,0,0,0,0,0,0,0,0,0,0,0,0
011250103023019,0,0,0,0,0,0,0,0,0,0,0,0,0,0,0,0,0,0,0,0,0,0,0,0,0,0,0,0,0,0,0,0
011250103023018,5,0,6,9,0,0,0,0,0,0,0,0,0,0,0,0,7,0,7,10,0,0,0,0,0,0,0,0,0,0,0,0
011250103023017,0,0,0,0,0,0,0,0,0,0,0,0,0,0,0,0,0,0,0,0,0,0,0,0,0,0,0,0,0,0,0,0
011250103023016,10,0,8,10,0,0,0,0,0,0,0,0,0,0,0,0,12,0,10,11,0,0,0,0,0,0,0,0,0,0,0,0
011250103023015,10,0,10,11,0,0,0,0,0,0,0,0,0,0,0,0,6,0,6,4,0,0,0,0,0,0,0,0,0,0,0,0
011250103023014,0,0,0,0,0,0,0,0,0,0,0,0,0,0,0,0,0,0,0,0,0,0,0,0,0,0,0,0,0,0,0,0
011250103023013,2,0,3,4,0,0,0,0,0,0,0,0,0,0,0,0,3,0,3,4,0,0,0,0,0,0,0,0,0,0,0,0
011250103023012,0,0,0,0,0,0,0,0,0,0,0,0,0,0,0,0,0,0,0,0,0,0,0,0,0,0,0,0,0,0,0,0
011250103023011,0,0,0,0,0,0,0,0,0,0,0,0,0,0,0,0,0,0,0,0,0,0,0,0,0,0,0,0,0,0,0,0
011250103023010,0,0,0,0,0,0,0,0,0,0,0,0,0,0,0,0,0,0,0,0,0,0,0,0,0,0,0,0,0,0,0,0
011250103023009,0,0,0,0,0,0,0,0,0,0,0,0,0,0,0,0,0,0,0,0,0,0,0,0,0,0,0,0,0,0,0,0
011250103023008,0,0,0,0,0,0,0,0,0,0,0,0,0,0,0,0,0,0,0,0,0,0,0,0,0,0,0,0,0,0,0,0
011250103023007,0,0,0,0,0,0,0,0,0,0,0,0,0,0,0,0,0,0,0,0,0,0,0,0,0,0,0,0,0,0,0,0
011250103023005,0,0,0,0,0,0,0,0,0,0,0,0,0,0,0,0,0,0,0,0,0,0,0,0,0,0,0,0,0,0,0,0
011250103023004,0,0,0,0,0,0,0,0,0,0,0,0,0,0,0,0,0,0,0,0,0,0,0,0,0,0,0,0,0,0,0,0
011250103023003,0,0,0,0,0,0,0,0,0,0,0,0,0,0,0,0,0,0,0,0,0,0,0,0,0,0,0,0,0,0,0,0
011250103023002,0,0,0,0,0,0,0,0,0,0,0,0,0,0,0,0,0,0,0,0,0,0,0,0,0,0,0,0,0,0,0,0
011250103023001,0,0,0,0,0,0,0,0,0,0,0,0,0,0,0,0,0,0,0,0,0,0,0,0,0,0,0,0,0,0,0,0
011250103022051,41,0,46,41,0,0,0,0,0,0,0,0,0,0,0,0,34,0,37,33,0,0,0,0,0,0,0,0,0,0,0,0
011250103022050,9,1,7,6,0,0,0,0,0,0,0,0,0,0,0,0,8,1,6,6,0,0,0,0,0,0,0,0,0,0,0,0
011250103022049,5,0,5,4,0,0,0,0,0,0,0,0,0,0,0,0,4,0,5,4,0,0,0,0,0,0,0,0,0,0,0,0
011250103022047,69,0,75,62,0,0,0,0,0,0,0,0,0,1,0,0,51,0,56,50,0,0,0,0,0,0,0,0,0,0,0,0
011250103022046,0,0,0,0,0,0,0,0,0,0,0,0,0,0,0,0,0,0,0,0,0,0,0,0,0,0,0,0,0,0,0,0
011250103022045,33,0,36,27,0,0,0,0,0,0,0,0,0,1,0,0,23,0,25,19,0,0,0,0,0,0,0,0,0,1,0,0
011250103022042,16,0,17,13,3,0,0,0,0,0,0,0,0,0,0,4,14,0,15,12,0,0,0,0,0,0,0,0,0,0,0,0
011250103022041,0,0,0,0,0,0,0,0,0,0,0,0,0,0,0,0,0,0,0,0,0,0,0,0,0,0,0,0,0,0,0,0
011250103022040,9,0,9,6,0,0,0,0,0,0,0,0,0,1,0,0,8,0,8,6,0,0,0,0,0,0,0,0,0,1,0,0
011250103022038,4,1,3,0,9,0,0,0,0,0,0,0,0,0,0,13,0,0,0,0,0,0,0,0,0,0,0,0,0,0,0,0
011250103022037,69,2,70,62,0,0,0,0,0,0,0,0,0,0,0,0,59,1,59,52,0,0,0,0,0,0,0,0,0,0,0,0
011250103022036,5,0,5,5,0,0,0,0,0,0,0,0,0,0,0,0,5,0,6,5,0,0,0,0,0,0,0,0,0,0,0,0
011250103022035,0,0,0,0,0,0,0,0,0,0,0,0,0,0,0,0,0,0,0,0,0,0,0,0,0,0,0,0,0,0,0,0
011250103022033,71,1,75,65,3,0,0,0,0,0,0,0,0,0,0,4,53,1,56,51,0,0,0,0,0,0,0,0,0,0,0,0
011250103022032,23,0,26,21,0,0,0,0,0,9,0,0,0,0,0,4,17,0,18,17,0,0,0,0,0,0,0,0,0,0,0,0
011250103022031,5,1,4,2,6,0,0,0,0,0,0,0,0,0,0,9,2,0,3,3,0,0,0,0,0,0,0,0,0,0,0,0
011250103022030,5,0,5,5,0,0,0,0,0,0,0,0,0,0,0,0,5,0,5,5,0,0,0,0,0,0,0,0,0,0,0,0
011250103022029,9,1,7,5,0,0,0,0,0,0,0,0,0,0,0,0,8,0,7,5,0,0,0,0,0,0,0,0,0,0,0,0
011250103022028,0,0,0,0,0,0,0,0,0,0,0,0,0,0,0,0,0,0,0,0,0,0,0,0,0,0,0,0,0,0,0,0
011250103022027,76,0,84,73,3,0,0,0,0,0,0,0,0,0,0,4,66,0,71,65,0,0,0,0,0,0,0,0,0,0,0,0
011250103022026,0,0,0,0,0,0,0,0,0,0,0,0,0,0,0,0,0,0,0,0,0,0,0,0,0,0,0,0,0,0,0,0
011250103022025,0,0,0,0,0,0,0,0,0,0,0,0,0,0,0,0,0,0,0,0,0,0,0,0,0,0,0,0,0,0,0,0
011250103022024,0,0,0,0,0,0,0,0,0,0,0,0,0,0,0,0,0,0,0,0,0,0,0,0,0,0,0,0,0,0,0,0
011250103022023,0,0,0,0,0,0,0,0,0,0,0,0,0,0,0,0,0,0,0,0,0,0,0,0,0,0,0,0,0,0,0,0
011250103022022,12,0,11,8,0,0,0,0,0,0,0,0,0,0,0,0,10,0,9,8,0,0,0,0,0,0,0,0,0,0,0,0
011250103022020,0,0,0,0,0,0,0,0,0,0,0,0,0,0,0,0,0,0,0,0,0,0,0,0,0,0,0,0,0,0,0,0
011250103022019,17,0,18,16,0,0,0,0,0,0,0,0,0,0,0,0,15,0,15,13,0,0,0,0,0,0,0,0,0,0,0,0
011250103022018,57,1,60,52,0,0,0,0,0,0,0,0,0,0,0,0,40,1,41,37,0,0,0,0,0,0,0,0,0,0,0,0
011250103022016,13,0,14,12,0,0,0,0,0,0,0,0,0,0,0,0,11,0,12,11,0,0,0,0,0,0,0,0,0,0,0,0
011250103022015,2,0,3,2,0,0,0,0,0,0,0,0,0,0,0,0,2,0,3,2,0,0,0,0,0,0,0,0,0,0,0,0
011250103022014,33,3,27,24,0,0,0,0,0,0,0,0,0,0,0,0,24,1,20,18,0,0,0,0,0,0,0,0,0,0,0,0
011250103022012,28,0,31,27,0,0,0,0,0,0,0,0,0,0,0,0,17,0,18,17,0,0,0,0,0,0,0,0,0,0,0,0
011250103022011,5,0,6,6,0,0,0,0,0,0,0,0,0,0,0,0,0,0,0,0,0,0,0,0,0,0,0,0,0,0,0,0
011250103022010,13,1,11,9,0,0,0,0,0,0,0,0,0,0,0,0,7,0,7,7,0,0,0,0,0,0,0,0,0,0,0,0
011250103022009,24,0,26,23,0,0,0,0,0,0,0,0,0,0,0,0,20,0,22,20,0,0,0,0,0,0,0,0,0,0,0,0
011250103022005,49,1,50,44,0,0,0,0,0,0,0,0,0,0,0,0,42,0,45,40,0,0,0,0,0,0,0,0,0,0,0,0
011250103022004,41,1,42,37,0,0,0,0,0,0,0,0,0,0,0,0,32,0,35,31,0,0,0,0,0,0,0,0,0,0,0,0
011250103022003,0,0,0,0,0,0,0,0,0,0,0,0,0,0,0,0,0,0,0,0,0,0,0,0,0,0,0,0,0,0,0,0
011250103022002,0,0,0,0,0,0,0,0,0,0,0,0,0,0,0,0,0,0,0,0,0,0,0,0,0,0,0,0,0,0,0,0
011250103022001,0,0,0,0,0,0,0,0,0,0,0,0,0,0,0,0,0,0,0,0,0,0,0,0,0,0,0,0,0,0,0,0
011250103022000,0,0,0,0,0,0,0,0,0,0,0,0,0,0,0,0,0,0,0,0,0,0,0,0,0,0,0,0,0,0,0,0
011250103021033,0,0,0,0,0,0,0,0,0,0,0,0,0,0,0,0,0,0,0,0,0,0,0,0,0,0,0,0,0,0,0,0
011250103021032,17,5,13,12,0,0,0,0,0,0,0,0,0,0,0,1,8,2,5,5,0,0,0,0,0,0,0,0,0,0,0,0
011250103021031,0,0,0,0,0,0,0,0,0,0,0,0,0,0,0,0,0,0,0,0,0,0,0,0,0,0,0,0,0,0,0,0
011250103021030,3,0,3,3,0,0,0,0,0,0,0,0,0,0,0,0,2,0,2,2,0,0,0,0,0,0,0,0,0,0,0,0
011250103021028,15,1,14,16,0,0,0,0,0,0,0,0,0,0,0,0,13,1,13,13,0,0,0,0,0,0,0,0,0,0,0,0
011250103021027,5,0,5,5,0,0,0,0,0,0,0,0,0,0,0,0,2,0,2,2,0,0,0,0,0,0,0,0,0,0,0,0
011250103021026,17,4,13,14,0,0,0,0,0,0,0,0,0,0,0,0,4,0,4,4,0,0,0,0,0,0,0,0,0,0,0,0
011250103021025,11,6,6,5,0,0,0,0,0,0,3,0,0,11,0,0,7,1,6,4,0,0,0,0,0,0,3,0,0,9,0,0
011250103021024,7,2,5,6,0,0,0,0,0,0,0,0,0,0,0,0,4,0,4,4,0,0,0,0,0,0,0,0,0,0,0,0
011250103021022,6,0,6,6,0,0,0,0,0,0,1,0,0,5,0,0,5,0,6,5,0,0,0,0,0,0,2,0,0,5,0,0
011250103021021,4,2,3,0,0,0,0,0,0,0,1,0,0,5,0,0,4,1,3,0,0,0,0,0,0,0,1,0,0,5,0,0
011250103021017,18,0,18,20,0,0,0,0,0,0,0,0,0,0,0,0,13,0,13,14,0,0,0,0,0,0,0,0,0,0,0,0
011250103021015,38,3,36,40,0,0,0,0,0,0,0,0,0,0,0,0,25,0,26,28,0,0,0,0,0,0,0,0,0,0,0,0
011250103021014,0,0,0,0,0,0,0,0,0,0,0,0,0,0,0,0,0,0,0,0,0,0,0,0,0,0,0,0,0,0,0,0
011250103021011,39,5,35,34,0,0,0,0,0,3,4,0,0,16,0,1,28,1,26,25,0,0,0,0,0,0,4,0,0,14,0,0
011250103021010,0,0,0,0,0,0,0,0,0,0,0,0,0,0,0,0,0,0,0,0,0,0,0,0,0,0,0,0,0,0,0,0
011250103021008,7,0,7,8,0,0,0,0,0,0,0,0,0,0,0,0,5,0,5,5,0,0,0,0,0,0,0,0,0,0,0,0
011250103021007,0,0,0,0,0,0,0,0,0,0,0,0,0,0,0,0,0,0,0,0,0,0,0,0,0,0,0,0,0,0,0,0
011250103021006,9,1,8,8,0,0,0,0,0,3,0,0,0,0,0,1,7,0,6,7,0,0,0,0,0,0,0,0,0,0,0,0
011250103021005,14,1,13,14,0,0,0,0,0,0,0,0,0,0,0,0,7,0,6,7,0,0,0,0,0,0,0,0,0,0,0,0
011250103021004,5,0,5,6,0,0,0,0,0,0,0,0,0,0,0,0,1,0,1,2,0,0,0,0,0,0,0,0,0,0,0,0
011250103021002,4,0,4,3,0,0,0,0,0,3,0,0,0,0,0,1,3,0,3,3,0,0,0,0,0,0,0,0,0,0,0,0
011250103021000,47,3,44,48,0,0,0,0,0,2,0,0,0,0,0,1,30,1,28,30,0,0,0,0,0,0,0,0,0,0,0,0
011250102062072,0,0,0,0,0,0,0,0,0,0,0,0,0,0,0,0,0,0,0,0,0,0,0,0,0,0,0,0,0,0,0,0
011250102062069,4,0,0,0,0,0,0,0,0,0,0,0,0,0,0,0,0,0,0,0,0,0,0,0,0,0,0,0,0,0,0,0
011250102062063,17,0,17,17,1,0,0,0,0,0,0,0,0,0,0,1,6,0,7,7,0,0,0,0,0,0,0,0,0,0,0,0
011250102062062,35,0,37,39,0,0,0,0,0,0,0,0,0,0,0,0,28,0,29,30,0,0,0,0,0,0,0,0,0,0,0,0
011250102062061,65,0,66,64,3,0,0,0,0,0,0,0,0,0,0,4,42,1,41,43,0,0,0,0,0,0,0,0,0,0,0,0
011250102062058,64,0,67,60,0,0,0,0,0,0,0,0,0,0,0,0,49,0,50,43,0,0,0,0,0,0,0,0,0,0,0,0
011250102062057,42,0,42,32,3,0,0,0,0,0,4,0,0,4,0,3,39,1,38,32,0,0,0,0,0,0,6,0,0,6,0,0
011250102062053,0,0,0,0,0,0,0,0,0,0,0,0,0,0,0,0,0,0,0,0,0,0,0,0,0,0,0,0,0,0,0,0
011250102062052,6,0,7,7,0,0,0,0,0,0,0,0,0,0,0,0,6,0,7,7,0,0,0,0,0,0,0,0,0,0,0,0
011250102062050,25,0,26,27,0,0,0,0,0,0,0,0,0,0,0,0,19,0,20,19,0,0,0,0,0,0,0,0,0,0,0,0
011250102062049,56,0,58,56,0,0,0,0,0,0,2,0,0,2,0,0,47,0,47,47,0,0,0,0,0,0,3,0,0,3,0,0
011250102062047,104,0,110,113,0,0,0,0,0,0,0,0,0,0,0,0,83,0,86,91,0,0,0,0,0,0,0,0,0,0,0,0
011250102062046,7,0,7,7,0,0,0,0,0,0,0,0,0,0,0,0,6,0,7,7,0,0,0,0,0,0,0,0,0,0,0,0
011250102062045,58,0,62,57,0,0,0,0,0,0,6,0,0,6,0,0,41,0,42,42,0,0,0,0,0,0,3,0,0,3,0,0
011250102062039,0,0,0,0,0,0,0,0,0,0,0,0,0,0,0,0,0,0,0,0,0,0,0,0,0,0,0,0,0,0,0,0
011250102062038,0,0,0,0,0,0,0,0,0,0,0,0,0,0,0,0,0,0,0,0,0,0,0,0,0,0,0,0,0,0,0,0
011250102062036,0,0,0,0,0,0,0,0,0,0,0,0,0,0,0,0,0,0,0,0,0,0,0,0,0,0,0,0,0,0,0,0
011250102062035,16,0,17,4,5,0,0,0,0,0,0,0,0,1,0,7,3,0,3,1,0,0,0,0,0,0,0,0,0,2,0,0
011250102062034,0,0,0,0,0,0,0,0,0,0,0,0,0,0,0,0,0,0,0,0,0,0,0,0,0,0,0,0,0,0,0,0
011250102062033,11,0,10,3,0,0,0,0,0,0,0,0,0,0,0,0,9,0,9,3,0,0,0,0,0,0,0,0,0,0,0,0
011250102062030,0,0,0,0,0,0,0,0,0,0,0,0,0,0,0,0,0,0,0,0,0,0,0,0,0,0,0,0,0,0,0,0
011250102062029,4,0,3,1,0,0,0,0,0,0,1,0,0,1,0,0,1,0,1,1,0,0,0,0,0,0,0,0,0,0,0,0
011250102062025,0,0,0,0,0,0,0,0,0,0,0,0,0,0,0,0,0,0,0,0,0,0,0,0,0,0,0,0,0,0,0,0
011250102062023,0,0,0,0,0,0,0,0,0,0,0,0,0,0,0,0,0,0,0,0,0,0,0,0,0,0,0,0,0,0,0,0
011250102062021,64,0,68,71,1,0,0,0,0,0,0,0,0,0,0,1,48,0,50,53,0,0,0,0,0,0,0,0,0,0,0,0
011250102062020,68,0,67,66,1,0,0,0,0,0,0,0,0,1,0,1,57,0,56,57,0,0,0,0,0,0,0,0,0,1,0,0
011250102062019,1,0,0,0,0,0,0,0,0,0,0,0,0,0,0,0,0,0,0,0,0,0,0,0,0,0,0,0,0,0,0,0
011250102062018,1,0,0,0,0,0,0,0,0,0,0,0,0,0,0,0,1,0,0,0,0,0,0,0,0,0,0,0,0,0,0,0
011250102062016,38,0,39,35,0,0,0,0,0,9,0,0,0,0,0,1,34,0,34,30,0,0,0,0,0,0,0,0,0,0,0,0
011250102062010,9,0,9,10,0,0,0,0,0,0,0,0,0,0,0,0,9,0,9,10,0,0,0,0,0,0,0,0,0,0,0,0
011250102062008,5,0,5,6,0,0,0,0,0,0,0,0,0,0,0,0,1,0,1,1,0,0,0,0,0,0,0,0,0,0,0,0
011250102062003,0,0,0,0,0,0,0,0,0,0,0,0,0,0,0,0,0,0,0,0,0,0,0,0,0,0,0,0,0,0,0,0
011250102061045,0,0,0,0,0,0,0,0,0,0,0,0,0,0,0,0,0,0,0,0,0,0,0,0,0,0,0,0,0,0,0,0
011250102061040,27,0,28,25,0,0,0,0,0,0,0,0,0,0,0,0,28,0,28,26,0,0,0,0,0,0,0,0,0,0,0,0
011250102061038,94,0,98,97,3,0,0,0,0,0,0,0,0,0,0,3,64,0,67,74,0,0,0,0,0,0,0,0,0,0,0,0
011250102061037,6,0,6,4,0,0,0,0,0,0,0,0,0,0,0,0,6,0,6,4,0,0,0,0,0,0,0,0,0,0,0,0
011250102061036,5,0,5,2,3,0,0,0,0,0,0,0,0,0,0,3,2,0,1,1,0,0,0,0,0,0,0,0,0,0,0,0
011250102061033,0,0,0,0,0,0,0,0,0,0,0,0,0,0,0,0,0,0,0,0,0,0,0,0,0,0,0,0,0,0,0,0
011250102061032,4,0,4,4,0,0,0,0,0,0,0,0,0,0,0,0,1,0,1,1,0,0,0,0,0,0,0,0,0,0,0,0
011250102061030,0,0,0,0,0,0,0,0,0,0,0,0,0,0,0,0,0,0,0,0,0,0,0,0,0,0,0,0,0,0,0,0
011250102061027,15,0,16,17,0,0,0,0,0,0,0,0,0,0,0,0,14,0,15,17,0,0,0,0,0,0,0,0,0,0,0,0
011250102061025,1,0,0,0,0,0,0,0,0,0,0,0,0,0,0,0,0,0,0,0,0,0,0,0,0,0,0,0,0,0,0,0
011250102061024,0,0,0,0,0,0,0,0,0,0,0,0,0,0,0,0,0,0,0,0,0,0,0,0,0,0,0,0,0,0,0,0
011250102061018,103,0,108,112,1,0,0,0,0,4,0,0,0,0,0,3,92,0,96,104,0,0,0,0,0,0,0,0,0,0,0,0
011250102061015,0,0,0,0,0,0,0,0,0,0,0,0,0,0,0,0,0,0,0,0,0,0,0,0,0,0,0,0,0,0,0,0
011250102061014,0,0,0,0,0,0,0,0,0,0,0,0,0,0,0,0,0,0,0,0,0,0,0,0,0,0,0,0,0,0,0,0
011250102061006,0,0,0,0,0,0,0,0,0,0,0,0,0,0,0,0,0,0,0,0,0,0,0,0,0,0,0,0,0,0,0,0
011250102061004,4,0,3,0,0,0,0,0,0,0,0,0,0,0,0,0,0,0,0,0,0,0,0,0,0,0,0,0,0,0,0,0
011250102061002,0,0,0,0,0,0,0,0,0,0,0,0,0,0,0,0,0,0,0,0,0,0,0,0,0,0,0,0,0,0,0,0
011250102061001,0,0,0,0,0,0,0,0,0,0,0,0,0,0,0,0,0,0,0,0,0,0,0,0,0,0,0,0,0,0,0,0
011250102061000,11,0,10,11,0,0,0,0,0,0,0,0,0,0,0,0,11,0,9,10,0,0,0,0,0,0,0,0,0,0,0,0
011250102052062,2,0,2,1,1,0,0,0,0,0,0,0,0,0,0,1,1,0,1,1,0,0,0,0,0,0,0,0,0,0,0,0
011250102052060,0,0,0,0,0,0,0,0,0,0,0,0,0,0,0,0,0,0,0,0,0,0,0,0,0,0,0,0,0,0,0,0
011250102052058,0,0,0,0,0,0,0,0,0,0,0,0,0,0,0,0,0,0,0,0,0,0,0,0,0,0,0,0,0,0,0,0
011250102052057,46,0,40,38,2,0,0,0,0,0,0,0,0,0,0,3,29,0,29,31,0,0,0,0,0,0,0,0,0,0,0,0
011250102052056,7,0,6,5,0,0,0,0,0,0,0,0,0,0,0,0,5,0,5,5,0,0,0,0,0,0,0,0,0,0,0,0
011250102052054,25,3,20,19,0,0,0,0,0,0,1,0,0,1,0,0,22,0,22,22,0,0,0,0,0,0,0,0,0,0,0,0
011250102052053,0,0,0,0,0,0,0,0,0,0,0,0,0,0,0,0,0,0,0,0,0,0,0,0,0,0,0,0,0,0,0,0
011250102052052,0,0,0,0,0,0,0,0,0,0,0,0,0,0,0,0,0,0,0,0,0,0,0,0,0,0,0,0,0,0,0,0
011250102052049,8,9,5,3,1,0,0,0,0,0,0,0,0,0,0,1,4,1,3,3,0,0,0,0,0,0,0,0,0,0,0,0
011250102052046,44,3,37,37,0,0,0,0,0,0,1,0,0,0,0,0,31,0,31,32,0,0,0,0,0,0,0,0,0,0,0,0
011250102052045,34,12,26,24,0,0,0,0,0,0,1,0,0,1,0,0,23,0,23,22,0,0,0,0,0,0,0,0,0,0,0,0
011250102052042,7,0,6,4,0,0,0,0,0,0,0,0,0,0,0,0,6,0,6,5,0,0,0,0,0,0,0,0,0,0,0,0
011250102052040,45,20,32,32,1,0,0,0,0,0,0,0,0,0,0,2,24,0,25,26,0,0,0,0,0,0,0,0,0,0,0,0
011250102052035,54,0,46,43,4,0,0,0,0,0,0,0,0,0,0,4,39,0,40,42,0,0,0,0,0,0,0,0,0,0,0,0
011250102052034,37,0,32,31,0,0,0,0,0,0,0,0,0,1,0,0,28,0,29,28,0,0,0,0,0,0,0,0,0,0,0,0
011250102052032,0,0,0,0,0,0,0,0,0,0,0,0,0,0,0,0,0,0,0,0,0,0,0,0,0,0,0,0,0,0,0,0
011250102052030,20,0,17,17,0,0,0,0,0,0,0,0,0,0,0,0,16,0,16,17,0,0,0,0,0,0,0,0,0,0,0,0
011250102052028,19,0,16,12,2,0,0,0,0,0,1,0,0,1,0,3,12,0,13,11,0,0,0,0,0,0,0,0,0,0,0,0
011250102052025,23,3,19,17,2,0,0,0,0,0,0,0,0,0,0,3,15,0,14,15,0,0,0,0,0,0,0,0,0,0,0,0
011250102052024,1,0,1,1,0,0,0,0,0,0,0,0,0,0,0,0,0,0,0,0,0,0,0,0,0,0,0,0,0,0,0,0
011250102052021,8,15,2,0,0,0,0,0,0,0,0,0,0,0,1,0,4,2,0,0,0,0,0,0,0,0,0,0,0,0,0,0
011250102052018,0,0,0,0,0,0,0,0,0,0,0,0,0,0,0,0,0,0,0,0,0,0,0,0,0,0,0,0,0,0,0,0
011250102052016,81,122,35,30,0,0,0,0,0,0,3,0,0,2,0,0,54,8,38,34,0,0,0,0,0,0,1,0,0,1,0,0
011250102052015,0,0,0,0,0,0,0,0,0,0,0,0,0,0,0,0,0,0,0,0,0,0,0,0,0,0,0,0,0,0,0,0
011250102052014,0,0,0,0,0,0,0,0,0,0,0,0,0,0,0,0,0,0,0,0,0,0,0,0,0,0,0,0,0,0,0,0
011250102052013,0,0,0,0,0,0,0,0,0,0,0,0,0,0,0,0,0,0,0,0,0,0,0,0,0,0,0,0,0,0,0,0
011250102052010,0,0,0,0,0,0,0,0,0,0,0,0,0,0,0,0,0,0,0,0,0,0,0,0,0,0,0,0,0,0,0,0
011250102052008,33,12,25,20,0,0,1,0,0,0,1,0,0,1,1,0,26,2,23,18,0,0,1,0,0,0,1,0,0,1,1,0
011250102051034,0,0,0,0,0,0,0,0,0,0,0,0,0,0,0,0,0,0,0,0,0,0,0,0,0,0,0,0,0,0,0,0
011250102051033,0,0,0,0,0,0,0,0,0,0,0,0,0,0,0,0,0,0,0,0,0,0,0,0,0,0,0,0,0,0,0,0
011250102051028,0,0,0,0,0,0,0,0,0,0,0,0,0,0,0,0,0,0,0,0,0,0,0,0,0,0,0,0,0,0,0,0
011250102051025,61,0,62,55,0,0,0,0,0,0,0,0,0,0,0,0,45,0,46,39,0,0,0,0,0,0,0,1,0,0,1,0
011250102051024,96,1,95,94,0,0,0,0,0,0,0,0,0,0,0,0,69,0,69,69,0,0,0,0,0,0,0,0,0,0,0,0
011250102051020,43,6,36,28,0,0,0,0,0,0,0,0,0,0,0,0,34,1,32,25,0,0,0,0,0,0,0,1,0,0,0,0
011250102051019,0,0,0,0,0,0,0,0,0,0,0,0,0,0,0,0,0,0,0,0,0,0,0,0,0,0,0,0,0,0,0,0
011250102051016,110,3,107,104,0,0,0,0,0,0,0,0,0,0,0,0,67,2,64,68,0,0,0,0,0,0,0,0,0,0,0,0
011250102051015,87,8,77,77,1,0,0,0,0,0,0,0,0,0,0,1,56,0,56,55,0,0,0,0,0,0,0,0,0,0,0,0
011250102051013,0,0,0,0,0,0,0,0,0,0,0,0,0,0,0,0,0,0,0,0,0,0,0,0,0,0,0,0,0,0,0,0
011250102051011,8,5,2,0,2,0,0,0,0,0,0,0,0,0,0,2,4,2,0,0,0,0,0,0,0,0,0,0,0,0,0,0
011250102051010,5,1,4,0,0,0,0,0,0,0,0,0,0,0,0,0,5,0,4,0,0,0,0,0,0,0,0,0,0,0,0,0
011250102051008,0,0,0,0,0,0,0,0,0,0,0,0,0,0,0,0,0,0,0,0,0,0,0,0,0,0,0,0,0,0,0,0
011250102051005,9,5,4,2,0,0,0,0,0,0,0,0,0,0,0,0,7,2,2,3,0,0,0,0,0,0,0,0,0,0,0,0
011250102051004,6,0,6,5,0,0,0,0,0,0,0,0,0,0,0,0,4,0,4,3,0,0,0,0,0,0,0,0,0,0,0,0
011250102051003,0,0,0,0,0,0,0,0,0,0,0,0,0,0,0,0,0,0,0,0,0,0,0,0,0,0,0,0,0,0,0,0
011250102051002,0,0,0,0,0,0,0,0,0,0,0,0,0,0,0,0,0,0,0,0,0,0,0,0,0,0,0,0,0,0,0,0
011250102051001,0,0,0,0,0,0,0,0,0,0,0,0,0,0,0,0,0,0,0,0,0,0,0,0,0,0,0,0,0,0,0,0
011250102044024,0,0,0,0,0,0,0,0,0,0,0,0,0,0,0,0,0,0,0,0,0,0,0,0,0,0,0,0,0,0,0,0
011250102044022,0,0,0,0,0,0,0,0,0,0,0,0,0,0,0,0,0,0,0,0,0,0,0,0,0,0,0,0,0,0,0,0
011250102044021,0,0,0,0,0,0,0,0,0,0,0,0,0,0,0,0,0,0,0,0,0,0,0,0,0,0,0,0,0,0,0,0
011250102044017,35,0,34,33,0,0,0,0,0,0,0,0,0,0,0,0,30,0,31,28,0,0,0,0,0,0,0,0,0,0,0,0
011250102044015,12,0,13,9,0,0,0,0,0,0,0,0,0,0,0,0,9,0,9,5,0,0,0,0,0,0,0,0,0,0,0,0
011250102044011,29,0,30,28,0,0,0,0,0,0,0,0,0,0,0,2,17,0,17,16,0,0,0,0,0,0,0,0,0,0,0,0
011250102044010,17,0,13,8,0,0,0,0,0,0,0,0,0,0,0,0,12,0,7,4,0,0,0,0,0,0,0,0,0,0,0,0
011250102044009,22,0,23,15,0,0,0,0,0,0,0,0,0,0,0,0,18,0,19,10,0,0,0,0,0,0,0,0,0,0,0,0
011250102044006,65,0,67,64,0,0,0,0,0,0,0,0,0,0,0,0,48,0,49,44,0,0,0,0,0,0,0,0,0,0,0,0
011250102044005,52,0,49,40,6,0,0,0,0,0,0,0,0,0,0,6,34,0,33,28,0,0,0,0,0,0,0,0,0,0,0,0
011250102044003,48,0,43,40,2,0,0,0,0,0,0,0,0,0,0,2,30,0,31,28,0,0,0,0,0,0,0,0,0,0,0,0
011250102044000,0,0,0,0,0,0,0,0,0,0,0,0,0,0,0,0,0,0,0,0,0,0,0,0,0,0,0,0,0,0,0,0
011250102043035,4,0,5,1,0,0,2,0,0,0,0,2,0,0,3,0,4,0,4,1,0,0,2,0,0,0,0,0,0,0,2,0
011250102043034,103,1,102,92,0,0,0,0,0,0,0,0,0,3,0,0,99,0,102,93,0,1,0,0,0,0,0,0,0,3,0,0
011250102043033,9,0,9,10,0,0,0,0,0,0,0,0,0,0,0,0,11,0,11,12,0,0,0,0,0,0,0,0,0,0,0,0
011250102043032,41,0,41,41,0,0,0,0,0,0,0,0,0,1,0,0,45,0,47,46,0,1,0,0,0,0,0,0,0,1,0,0
011250102043031,14,1,13,16,0,0,0,0,0,0,0,0,0,0,0,0,13,1,11,13,0,0,0,0,0,0,0,0,0,0,0,0
011250102043030,0,0,0,0,0,0,0,0,0,0,0,0,0,0,0,0,0,0,0,0,0,0,0,0,0,0,0,0,0,0,0,0
011250102043029,0,0,0,0,0,0,0,0,0,0,0,0,0,0,0,0,0,0,0,0,0,0,0,0,0,0,0,0,0,0,0,0
011250102043028,28,0,29,22,0,0,0,0,2,0,0,0,0,0,0,0,27,0,28,22,0,0,0,0,2,0,0,0,0,0,0,0
011250102043027,8,1,6,2,0,0,0,0,0,0,0,0,0,1,0,0,6,1,4,3,0,0,0,0,0,0,0,0,0,1,0,0
011250102043026,27,2,22,28,0,0,0,0,0,0,0,0,0,0,0,0,32,3,25,31,0,0,0,0,0,0,0,0,0,0,0,0
011250102043025,17,1,15,15,0,0,0,0,0,0,0,0,0,0,0,0,20,1,19,18,0,0,0,0,0,0,0,0,0,0,0,0
011250102043024,26,0,27,15,0,0,0,0,0,0,0,0,0,0,0,0,29,0,29,18,0,0,0,0,0,0,0,0,0,0,0,0
011250102043023,38,1,35,37,0,10,1,0,1,0,0,0,0,1,1,0,34,2,29,34,0,0,0,0,0,0,0,0,0,0,0,0
011250102043022,507,2,520,487,0,0,10,0,0,0,0,2,0,0,13,0,492,2,502,482,0,4,9,0,1,0,0,0,0,1,9,0
011250102043021,0,0,0,0,0,0,0,0,0,0,0,0,0,0,0,0,0,0,0,0,0,0,0,0,0,0,0,0,0,0,0,0
011250102043020,17,1,15,13,0,0,1,0,0,0,0,0,0,0,2,0,13,1,11,8,0,0,0,0,0,0,0,0,0,0,0,0
011250102043019,12,1,10,5,0,0,2,0,0,0,0,0,0,0,2,0,13,1,10,5,0,0,1,0,0,0,0,0,0,0,1,0
011250102043018,0,0,0,0,0,0,0,0,0,0,0,0,0,0,0,0,0,0,0,0,0,0,0,0,0,0,0,0,0,0,0,0
011250102043017,0,0,0,0,0,0,0,0,0,0,0,0,0,0,0,0,0,0,0,0,0,0,0,0,0,0,0,0,0,0,0,0
011250102043016,48,1,48,50,0,0,2,0,0,0,0,0,0,0,2,0,43,1,42,42,0,1,2,0,0,0,0,0,0,1,2,0
011250102043015,0,0,0,0,0,0,0,0,0,0,0,0,0,0,0,0,0,0,0,0,0,0,0,0,0,0,0,0,0,0,0,0
011250102043014,16,2,11,2,0,0,1,0,0,0,0,0,0,0,2,0,16,2,11,3,0,0,2,0,0,0,0,0,0,1,2,0
011250102043013,9,1,7,9,0,0,0,0,0,0,0,0,0,0,0,0,8,1,7,8,0,0,0,0,0,0,0,0,0,0,0,0
011250102043012,17,2,10,7,0,0,1,0,1,0,0,0,0,0,2,0,17,2,11,8,0,0,1,0,1,0,0,0,0,0,1,0
011250102043011,34,0,33,31,0,0,1,0,0,0,0,0,0,2,2,0,36,1,35,36,0,0,1,0,0,0,0,0,0,0,1,0
011250102043010,29,0,29,23,0,0,2,0,0,0,0,11,0,2,6,0,30,0,29,27,0,0,2,0,0,0,0,0,0,2,2,0
011250102043009,3,0,3,3,0,0,0,0,0,0,0,0,0,0,0,0,3,0,2,3,0,0,0,0,0,0,0,0,0,0,0,0
011250102043008,46,0,46,55,0,0,0,0,0,0,0,0,0,0,0,0,46,0,48,55,0,1,0,0,0,0,0,0,0,0,0,0
011250102043007,0,0,0,0,0,0,0,0,0,0,0,0,0,0,0,0,0,0,0,0,0,0,0,0,0,0,0,0,0,0,0,0
011250102043006,0,0,0,0,0,0,0,0,0,0,0,0,0,0,0,0,0,0,0,0,0,0,0,0,0,0,0,0,0,0,0,0
011250102043005,21,2,16,7,0,0,4,0,0,0,0,0,0,0,5,0,8,0,9,0,0,0,5,0,0,0,0,0,0,0,5,0
011250102043004,47,0,49,53,0,0,0,0,0,0,0,0,0,0,0,0,39,0,40,46,0,1,0,0,0,0,0,0,0,0,0,0
011250102043003,0,0,0,0,0,0,0,0,0,0,0,0,0,0,0,0,0,0,0,0,0,0,0,0,0,0,0,0,0,0,0,0
011250102043002,13,0,13,7,0,0,3,0,0,0,0,0,0,0,5,0,16,0,15,8,0,0,5,0,0,0,0,0,0,0,5,0
011250102043001,4,0,4,5,0,0,0,0,0,0,0,0,0,0,0,0,5,0,5,5,0,0,0,0,0,0,0,0,0,0,0,0
011250102043000,107,1,107,134,0,0,0,0,0,0,0,0,0,0,0,0,95,1,94,113,0,1,0,0,0,0,0,0,0,0,0,0
011250102042003,11,1,9,5,0,0,0,0,4,0,0,0,0,0,0,0,9,1,7,5,0,0,0,0,0,0,0,0,0,0,0,0
011250102042002,64,0,64,47,0,0,0,0,4,0,0,0,0,0,0,3,44,0,44,45,0,0,0,0,0,0,0,0,0,0,0,0
011250102041020,0,0,0,0,0,0,0,0,0,0,0,0,0,0,0,0,0,0,0,0,0,0,0,0,0,0,0,0,0,0,0,0
011250102041019,0,0,0,0,0,0,0,0,0,0,0,0,0,0,0,0,0,0,0,0,0,0,0,0,0,0,0,0,0,0,0,0
011250102041018,0,0,0,0,0,0,0,0,0,0,0,0,0,0,0,0,0,0,0,0,0,0,0,0,0,0,0,0,0,0,0,0
011250102041015,11,0,10,2,0,0,0,25,0,0,0,0,0,0,0,0,9,0,10,2,0,0,0,25,0,0,0,0,0,0,0,0
011250102041014,6,0,5,0,0,0,0,0,0,0,0,0,0,0,0,0,4,0,3,0,0,0,0,0,0,0,0,0,0,0,0,0
011250102041013,21,0,12,9,0,0,0,0,0,0,0,0,0,0,0,2,7,0,4,4,0,0,0,0,0,0,0,0,0,0,0,0
011250102041012,10,0,7,3,0,0,0,0,0,0,0,0,0,0,0,0,7,0,4,0,0,0,0,0,0,0,0,0,0,0,0,0
011250102041011,92,0,94,95,0,0,0,0,0,0,0,0,0,0,0,0,74,0,76,78,0,0,0,0,0,0,0,0,0,0,0,0
011250102041010,0,0,0,0,0,0,0,0,0,0,0,0,0,0,0,0,0,0,0,0,0,0,0,0,0,0,0,0,0,0,0,0
011250102041009,10,0,9,5,2,0,0,0,0,0,0,0,0,0,0,2,5,0,5,4,0,0,0,0,0,0,0,0,0,0,0,0
011250102041008,0,0,0,0,0,0,0,0,0,0,0,0,0,0,0,0,0,0,0,0,0,0,0,0,0,0,0,0,0,0,0,0
011250102041007,17,0,6,5,0,0,0,0,0,0,0,0,0,0,0,0,7,0,4,3,0,0,0,0,0,0,0,0,0,0,0,0
011250102041005,0,0,0,0,0,0,0,0,0,0,0,0,0,0,0,0,0,0,0,0,0,0,0,0,0,0,0,0,0,0,0,0
011250102041004,24,0,22,16,0,0,0,0,0,0,0,0,0,0,0,0,18,0,18,15,0,0,0,0,0,0,0,0,0,0,0,0
011250102041003,0,0,0,0,0,0,0,0,0,0,0,0,0,0,0,0,0,0,0,0,0,0,0,0,0,0,0,0,0,0,0,0
011250102041002,0,0,0,0,0,0,0,0,0,0,0,0,0,0,0,0,0,0,0,0,0,0,0,0,0,0,0,0,0,0,0,0
011250102041001,0,0,0,0,0,0,0,0,0,0,0,0,0,0,0,0,0,0,0,0,0,0,0,0,0,0,0,0,0,0,0,0
011250102041000,521,0,516,555,2,0,0,0,0,0,0,0,0,0,0,2,397,0,393,421,0,0,0,0,0,0,0,0,0,0,0,0
011250102032080,10,0,8,6,0,0,0,0,0,0,0,0,0,0,0,0,10,0,8,7,0,0,0,0,0,0,0,0,0,0,0,0
011250102032079,20,0,20,20,0,0,0,0,0,0,0,0,0,0,0,0,16,0,17,18,0,0,0,0,0,0,0,0,0,0,0,0
011250102032078,70,0,71,72,0,0,0,0,0,0,0,0,0,0,0,0,57,0,56,57,0,0,0,0,0,0,0,0,0,0,0,0
011250102032077,0,0,0,0,0,0,0,0,0,0,0,0,0,0,0,0,0,0,0,0,0,0,0,0,0,0,0,0,0,0,0,0
011250102032076,0,0,0,0,0,0,0,0,0,0,0,0,0,0,0,0,0,0,0,0,0,0,0,0,0,0,0,0,0,0,0,0
011250102032075,0,0,0,0,0,0,0,0,0,0,0,0,0,0,0,0,0,0,0,0,0,0,0,0,0,0,0,0,0,0,0,0
011250102032074,17,0,15,12,0,0,0,0,0,0,0,0,0,1,0,0,12,0,12,9,0,0,0,0,0,0,0,0,0,0,0,0
011250102032073,16,0,15,15,0,0,0,0,0,0,0,0,0,0,0,0,10,0,11,10,0,0,0,0,0,0,0,0,0,0,0,0
011250102032072,19,0,19,20,0,0,0,0,0,0,0,0,0,0,0,0,21,0,21,22,0,0,0,0,0,0,0,0,0,0,0,0
011250102032071,11,0,11,7,0,0,0,0,0,0,1,0,0,1,0,0,9,0,9,5,0,0,0,0,0,0,1,0,0,1,0,0
011250102032070,4,0,3,3,0,0,0,0,0,0,0,0,0,0,0,0,4,0,4,3,0,0,0,0,0,0,0,0,0,0,0,0
011250102032069,0,0,0,0,0,0,0,0,0,0,0,0,0,0,0,0,0,0,0,0,0,0,0,0,0,0,0,0,0,0,0,0
011250102032068,36,0,37,38,0,0,0,0,0,0,0,0,0,0,0,0,34,0,35,36,0,0,0,0,0,0,0,0,0,0,0,0
011250102032067,19,0,20,15,0,0,0,0,0,0,2,0,0,1,0,0,15,0,15,9,0,0,0,0,0,0,2,0,0,2,0,0
011250102032066,2,0,2,2,0,0,0,0,0,0,0,0,0,0,0,0,0,0,0,0,0,0,0,0,0,0,0,0,0,0,0,0
011250102032065,0,0,0,0,0,0,0,0,0,0,0,0,0,0,0,0,0,0,0,0,0,0,0,0,0,0,0,0,0,0,0,0
011250102032064,33,0,34,35,0,0,0,0,0,0,0,0,0,0,0,0,32,0,32,33,0,0,0,0,0,0,0,0,0,0,0,0
011250102032063,0,0,0,0,0,0,0,0,0,0,0,0,0,0,0,0,0,0,0,0,0,0,0,0,0,0,0,0,0,0,0,0
011250102032062,0,0,0,0,0,0,0,0,0,0,0,0,0,0,0,0,0,0,0,0,0,0,0,0,0,0,0,0,0,0,0,0
011250102032061,0,0,0,0,0,0,0,0,0,0,0,0,0,0,0,0,0,0,0,0,0,0,0,0,0,0,0,0,0,0,0,0
011250102032060,0,0,0,0,0,0,0,0,0,0,0,0,0,0,0,0,0,0,0,0,0,0,0,0,0,0,0,0,0,0,0,0
011250102032059,0,0,0,0,0,0,0,0,0,0,0,0,0,0,0,0,0,0,0,0,0,0,0,0,0,0,0,0,0,0,0,0
011250102032058,124,0,127,129,0,0,0,0,0,0,0,0,0,0,0,0,110,0,111,114,0,0,0,0,0,0,0,0,0,0,0,0
011250102032057,0,0,0,0,0,0,0,0,0,0,0,0,0,0,0,0,0,0,0,0,0,0,0,0,0,0,0,0,0,0,0,0
011250102032056,3,0,2,2,0,0,0,0,0,0,0,0,0,0,0,0,3,0,2,2,0,0,0,0,0,0,0,0,0,0,0,0
011250102032055,0,0,0,0,0,0,0,0,0,0,0,0,0,0,0,0,0,0,0,0,0,0,0,0,0,0,0,0,0,0,0,0
011250102032054,0,0,0,0,0,0,0,0,0,0,0,0,0,0,0,0,0,0,0,0,0,0,0,0,0,0,0,0,0,0,0,0
011250102032053,0,0,0,0,0,0,0,0,0,0,0,0,0,0,0,0,0,0,0,0,0,0,0,0,0,0,0,0,0,0,0,0
011250102032052,12,0,13,12,0,0,0,0,0,0,0,0,0,0,0,0,13,0,13,12,0,0,0,0,0,0,0,0,0,0,0,0
011250102032051,3,0,3,3,0,0,0,0,0,0,0,0,0,0,0,0,1,0,1,0,0,0,0,0,0,0,0,0,0,0,0,0
011250102032050,8,0,8,5,0,0,0,0,0,0,0,0,0,0,0,0,3,0,3,0,0,0,0,0,0,0,0,0,0,0,0,0
011250102032049,75,0,75,77,0,0,0,0,0,0,0,0,0,0,0,0,69,0,70,72,0,0,0,0,0,0,0,0,0,0,0,0
011250102032048,8,0,8,8,0,0,0,0,0,0,0,0,0,0,0,0,8,0,8,8,0,0,0,0,0,0,0,0,0,0,0,0
011250102032047,0,0,0,0,0,0,0,0,0,0,0,0,0,0,0,0,0,0,0,0,0,0,0,0,0,0,0,0,0,0,0,0
011250102032046,0,0,0,0,0,0,0,0,0,0,0,0,0,0,0,0,0,0,0,0,0,0,0,0,0,0,0,0,0,0,0,0
011250102032045,0,0,0,0,0,0,0,0,0,0,0,0,0,0,0,0,0,0,0,0,0,0,0,0,0,0,0,0,0,0,0,0
011250102032044,2,0,2,3,0,0,0,0,0,0,0,0,0,0,0,0,3,0,3,3,0,0,0,0,0,0,0,0,0,0,0,0
011250102032043,14,0,15,13,0,0,0,0,0,0,1,0,0,1,0,0,11,0,12,10,0,0,0,0,0,0,1,0,0,1,0,0
011250102032042,0,0,0,0,0,0,0,0,0,0,0,0,0,0,0,0,0,0,0,0,0,0,0,0,0,0,0,0,0,0,0,0
011250102032041,0,0,0,0,0,0,0,0,0,0,0,0,0,0,0,0,0,0,0,0,0,0,0,0,0,0,0,0,0,0,0,0
011250102032040,0,0,0,0,0,0,0,0,0,0,0,0,0,0,0,0,0,0,0,0,0,0,0,0,0,0,0,0,0,0,0,0
011250102032039,0,0,0,0,0,0,0,0,0,0,0,0,0,0,0,0,0,0,0,0,0,0,0,0,0,0,0,0,0,0,0,0
011250102032038,0,0,0,0,0,0,0,0,0,0,0,0,0,0,0,0,0,0,0,0,0,0,0,0,0,0,0,0,0,0,0,0
011250102032037,0,0,0,0,0,0,0,0,0,0,0,0,0,0,0,0,0,0,0,0,0,0,0,0,0,0,0,0,0,0,0,0
011250102032036,5,0,4,4,0,0,0,0,0,0,0,0,0,0,0,0,5,0,4,5,0,0,0,0,0,0,0,0,0,0,0,0
011250102032035,0,0,0,0,0,0,0,0,0,0,0,0,0,0,0,0,0,0,0,0,0,0,0,0,0,0,0,0,0,0,0,0
011250102032034,2,0,2,1,0,0,0,0,0,0,0,0,0,0,0,0,1,0,1,0,0,0,0,0,0,0,0,0,0,0,0,0
011250102032033,0,0,0,0,0,0,0,0,0,0,0,0,0,0,0,0,0,0,0,0,0,0,0,0,0,0,0,0,0,0,0,0
011250102032032,0,0,0,0,0,0,0,0,0,0,0,0,0,0,0,0,0,0,0,0,0,0,0,0,0,0,0,0,0,0,0,0
011250102032031,0,0,0,0,0,0,0,0,0,0,0,0,0,0,0,0,0,0,0,0,0,0,0,0,0,0,0,0,0,0,0,0
011250102032030,0,0,0,0,0,0,0,0,0,0,0,0,0,0,0,0,0,0,0,0,0,0,0,0,0,0,0,0,0,0,0,0
011250102032029,77,0,79,81,0,0,0,0,0,0,0,0,0,0,0,0,81,0,82,85,0,0,0,0,0,0,0,0,0,0,0,0
011250102032028,0,0,0,0,0,0,0,0,0,0,0,0,0,0,0,0,0,0,0,0,0,0,0,0,0,0,0,0,0,0,0,0
011250102032027,0,0,0,0,0,0,0,0,0,0,0,0,0,0,0,0,0,0,0,0,0,0,0,0,0,0,0,0,0,0,0,0
011250102032026,26,0,25,25,0,0,0,0,0,0,0,0,0,0,0,0,23,0,20,20,0,0,0,0,0,0,0,0,0,0,0,0
011250102032025,0,0,0,0,0,0,0,0,0,0,0,0,0,0,0,0,0,0,0,0,0,0,0,0,0,0,0,0,0,0,0,0
011250102032024,7,0,7,7,0,0,0,0,0,0,0,0,0,0,0,0,6,0,6,6,0,0,0,0,0,0,0,0,0,0,0,0
011250102032023,32,0,33,33,0,0,0,0,0,0,0,0,0,0,0,0,25,0,26,26,0,0,0,0,0,0,0,0,0,0,0,0
011250102032022,33,0,34,35,0,0,0,0,0,0,0,0,0,0,0,0,33,0,33,34,0,0,0,0,0,0,0,0,0,0,0,0
011250102032021,52,0,52,54,0,0,0,0,0,0,0,0,0,0,0,0,45,0,45,46,0,0,0,0,0,0,0,0,0,0,0,0
011250102032020,0,0,0,0,0,0,0,0,0,0,0,0,0,0,0,0,0,0,0,0,0,0,0,0,0,0,0,0,0,0,0,0
011250102032019,0,0,0,0,0,0,0,0,0,0,0,0,0,0,0,0,0,0,0,0,0,0,0,0,0,0,0,0,0,0,0,0
011250102032018,5,0,3,3,0,0,0,0,0,0,0,0,0,0,0,0,4,0,3,3,0,0,0,0,0,0,0,0,0,0,0,0
011250102032017,21,0,22,22,0,0,0,0,0,0,0,0,0,0,0,0,23,0,24,25,0,0,0,0,0,0,0,0,0,0,0,0
011250102032016,0,0,0,0,0,0,0,0,0,0,0,0,0,0,0,0,0,0,0,0,0,0,0,0,0,0,0,0,0,0,0,0
011250102032015,2,0,2,2,0,0,0,0,0,0,0,0,0,0,0,0,0,0,0,0,0,0,0,0,0,0,0,0,0,0,0,0
011250102032014,85,0,88,90,0,0,0,0,0,0,0,0,0,0,0,0,90,0,91,93,0,0,0,0,0,0,0,0,0,0,0,0
011250102032013,0,0,0,0,0,0,0,0,0,0,0,0,0,0,0,0,0,0,0,0,0,0,0,0,0,0,0,0,0,0,0,0
011250102032012,42,0,39,40,0,0,0,0,0,0,0,0,0,0,0,0,36,0,35,35,0,0,0,0,0,0,0,0,0,0,0,0
011250102032011,0,0,0,0,0,0,0,0,0,0,0,0,0,0,0,0,0,0,0,0,0,0,0,0,0,0,0,0,0,0,0,0
011250102032010,0,0,0,0,0,0,0,0,0,0,0,0,0,0,0,0,0,0,0,0,0,0,0,0,0,0,0,0,0,0,0,0
011250102032009,1,0,1,0,0,0,0,0,0,0,0,0,0,0,0,0,0,0,0,0,0,0,0,0,0,0,0,0,0,0,0,0
011250102032008,0,0,0,0,0,0,0,0,0,0,0,0,0,0,0,0,0,0,0,0,0,0,0,0,0,0,0,0,0,0,0,0
011250102032007,3,0,3,2,0,0,0,0,0,0,0,0,0,0,0,0,2,0,2,1,0,0,0,0,0,0,0,0,0,0,0,0
011250102032006,0,0,0,0,0,0,0,0,0,0,0,0,0,0,0,0,0,0,0,0,0,0,0,0,0,0,0,0,0,0,0,0
011250102032005,0,0,0,0,0,0,0,0,0,0,0,0,0,0,0,0,0,0,0,0,0,0,0,0,0,0,0,0,0,0,0,0
011250102032004,36,0,33,34,0,0,0,0,0,0,0,0,0,0,0,0,30,0,30,31,0,0,0,0,0,0,0,0,0,0,0,0
011250102032003,0,0,0,0,0,0,0,0,0,0,0,0,0,0,0,0,0,0,0,0,0,0,0,0,0,0,0,0,0,0,0,0
011250102032002,0,0,0,0,0,0,0,0,0,0,0,0,0,0,0,0,0,0,0,0,0,0,0,0,0,0,0,0,0,0,0,0
011250102032001,0,0,0,0,0,0,0,0,0,0,0,0,0,0,0,0,0,0,0,0,0,0,0,0,0,0,0,0,0,0,0,0
011250102032000,0,0,0,0,0,0,0,0,0,0,0,0,0,0,0,0,0,0,0,0,0,0,0,0,0,0,0,0,0,0,0,0
011250102031086,0,0,0,0,0,0,0,0,0,0,0,0,0,0,0,0,0,0,0,0,0,0,0,0,0,0,0,0,0,0,0,0
011250102031085,21,0,24,24,0,0,0,0,0,0,0,0,0,0,0,0,17,0,18,19,0,0,0,0,0,0,0,0,0,0,0,0
011250102031084,0,0,0,0,0,0,0,0,0,0,0,0,0,0,0,0,0,0,0,0,0,0,0,0,0,0,0,0,0,0,0,0
011250102031082,0,0,0,0,0,0,0,0,0,0,0,0,0,0,0,0,0,0,0,0,0,0,0,0,0,0,0,0,0,0,0,0
011250102031081,0,0,0,0,0,0,0,0,0,0,0,0,0,0,0,0,0,0,0,0,0,0,0,0,0,0,0,0,0,0,0,0
011250102031079,0,0,0,0,0,0,0,0,0,0,0,0,0,0,0,0,0,0,0,0,0,0,0,0,0,0,0,0,0,0,0,0
011250102031078,0,0,0,0,0,0,0,0,0,0,0,0,0,0,0,0,0,0,0,0,0,0,0,0,0,0,0,0,0,0,0,0
011250102031076,0,0,0,0,0,0,0,0,0,0,0,0,0,0,0,0,0,0,0,0,0,0,0,0,0,0,0,0,0,0,0,0
011250102031075,0,0,0,0,0,0,0,0,0,0,0,0,0,0,0,0,0,0,0,0,0,0,0,0,0,0,0,0,0,0,0,0
011250102031074,0,0,0,0,0,0,0,0,0,0,0,0,0,0,0,0,0,0,0,0,0,0,0,0,0,0,0,0,0,0,0,0
011250102031073,0,0,0,0,0,0,0,0,0,0,0,0,0,0,0,0,0,0,0,0,0,0,0,0,0,0,0,0,0,0,0,0
011250102031072,29,0,26,22,1,0,0,0,0,0,0,0,0,0,0,2,25,0,25,21,0,0,0,0,0,0,0,0,0,0,0,0
011250102031071,0,0,0,0,0,0,0,0,0,0,0,0,0,0,0,0,0,0,0,0,0,0,0,0,0,0,0,0,0,0,0,0
011250102031070,0,0,0,0,0,0,0,0,0,0,0,0,0,0,0,0,0,0,0,0,0,0,0,0,0,0,0,0,0,0,0,0
011250102031069,0,0,0,0,0,0,0,0,0,0,0,0,0,0,0,0,0,0,0,0,0,0,0,0,0,0,0,0,0,0,0,0
011250102031068,0,0,0,0,0,0,0,0,0,0,0,0,0,0,0,0,0,0,0,0,0,0,0,0,0,0,0,0,0,0,0,0
011250102031067,0,0,0,0,0,0,0,0,0,0,0,0,0,0,0,0,0,0,0,0,0,0,0,0,0,0,0,0,0,0,0,0
011250102031066,0,0,0,0,0,0,0,0,0,0,0,0,0,0,0,0,0,0,0,0,0,0,0,0,0,0,0,0,0,0,0,0
011250102031065,10,0,9,10,0,0,0,0,0,0,0,0,0,0,0,0,8,0,9,9,0,0,0,0,0,0,0,0,0,0,0,0
011250102031064,0,0,0,0,0,0,0,0,0,0,0,0,0,0,0,0,0,0,0,0,0,0,0,0,0,0,0,0,0,0,0,0
011250102031063,6,0,7,5,0,0,0,0,0,0,0,0,0,0,0,0,5,0,5,5,0,0,0,0,0,0,0,0,0,0,0,0
011250102031062,0,0,0,0,0,0,0,0,0,0,0,0,0,0,0,0,0,0,0,0,0,0,0,0,0,0,0,0,0,0,0,0
011250102031061,0,0,0,0,0,0,0,0,0,0,0,0,0,0,0,0,0,0,0,0,0,0,0,0,0,0,0,0,0,0,0,0
011250102031060,1,0,1,1,0,0,0,0,0,0,0,0,0,0,0,0,1,0,1,1,0,0,0,0,0,0,0,0,0,0,0,0
011250102031058,6,0,1,0,0,0,0,0,0,0,0,0,0,0,0,0,5,0,0,0,0,0,0,0,0,0,0,0,0,0,0,0
011250102031057,0,0,0,0,0,0,0,0,0,0,0,0,0,0,0,0,0,0,0,0,0,0,0,0,0,0,0,0,0,0,0,0
011250102031056,0,0,0,0,0,0,0,0,0,0,0,0,0,0,0,0,0,0,0,0,0,0,0,0,0,0,0,0,0,0,0,0
011250102031055,56,0,59,54,0,0,0,0,0,0,0,0,0,0,0,0,50,0,50,44,0,0,0,0,0,0,0,0,0,0,0,0
011250102031054,10,0,12,12,0,0,0,0,0,0,0,0,0,0,0,0,5,0,5,5,0,0,0,0,0,0,0,0,0,0,0,0
011250102031053,30,0,31,27,0,0,0,0,0,5,0,0,0,0,0,1,23,0,22,21,0,0,0,0,0,0,0,0,0,0,0,0
011250102031052,1,0,1,1,0,0,0,0,0,0,0,0,0,0,0,0,0,0,0,0,0,0,0,0,0,0,0,0,0,0,0,0
011250102031050,56,0,57,60,0,0,0,0,0,0,0,0,0,0,0,0,58,0,58,59,0,0,0,0,0,0,0,0,0,0,0,0
011250102031049,2,0,0,0,0,0,0,0,0,0,0,0,0,0,0,0,1,0,0,0,0,0,0,0,0,0,0,0,0,0,0,0
011250102031048,8,0,9,10,0,0,0,0,0,0,0,0,0,0,0,0,6,0,7,7,0,0,0,0,0,0,0,0,0,0,0,0
011250102031047,0,0,0,0,0,0,0,0,0,0,0,0,0,0,0,0,0,0,0,0,0,0,0,0,0,0,0,0,0,0,0,0
011250102031046,2,0,3,0,0,0,0,0,0,10,0,0,0,0,0,3,0,0,0,0,0,0,0,0,0,0,0,0,0,0,0,0
011250102031045,13,0,14,15,0,0,0,0,0,0,0,0,0,0,0,0,7,0,8,8,0,0,0,0,0,0,0,0,0,0,0,0
011250102031044,55,0,54,52,1,0,0,0,0,0,0,0,0,0,0,4,40,0,35,36,0,0,0,0,0,0,0,0,0,0,0,0
011250102031043,24,0,27,22,0,0,0,0,0,10,0,0,0,0,0,3,14,0,16,16,0,0,0,0,0,0,0,0,0,0,0,0
011250102031042,12,0,5,4,0,0,0,0,0,0,0,0,0,0,0,0,11,0,4,3,0,0,0,0,0,0,0,0,0,0,0,0
011250102031039,0,0,0,0,0,0,0,0,0,0,0,0,0,0,0,0,0,0,0,0,0,0,0,0,0,0,0,0,0,0,0,0
011250102031038,135,0,149,151,0,0,0,0,0,0,0,0,0,0,0,0,118,0,127,126,0,0,0,0,0,0,0,0,0,0,0,0
011250102031037,0,0,0,0,0,0,0,0,0,0,0,0,0,0,0,0,0,0,0,0,0,0,0,0,0,0,0,0,0,0,0,0
011250102031036,69,0,73,76,0,0,0,0,0,0,0,0,0,0,0,0,56,0,60,62,0,0,0,0,0,0,0,0,0,0,0,0
011250102031035,0,0,0,0,0,0,0,0,0,0,0,0,0,0,0,0,0,0,0,0,0,0,0,0,0,0,0,0,0,0,0,0
011250102031034,0,0,0,0,0,0,0,0,0,0,0,0,0,0,0,0,0,0,0,0,0,0,0,0,0,0,0,0,0,0,0,0
011250102031033,0,0,0,0,0,0,0,0,0,0,0,0,0,0,0,0,0,0,0,0,0,0,0,0,0,0,0,0,0,0,0,0
011250102031032,0,0,0,0,0,0,0,0,0,0,0,0,0,0,0,0,0,0,0,0,0,0,0,0,0,0,0,0,0,0,0,0
011250102031031,0,0,0,0,0,0,0,0,0,0,0,0,0,0,0,0,0,0,0,0,0,0,0,0,0,0,0,0,0,0,0,0
011250102031030,19,0,20,20,0,0,0,0,0,0,0,0,0,0,0,0,18,0,20,20,0,0,0,0,0,0,0,0,0,0,0,0
011250102031029,0,0,0,0,0,0,0,0,0,0,0,0,0,0,0,0,0,0,0,0,0,0,0,0,0,0,0,0,0,0,0,0
011250102031028,0,0,0,0,0,0,0,0,0,0,0,0,0,0,0,0,0,0,0,0,0,0,0,0,0,0,0,0,0,0,0,0
011250102031027,0,0,0,0,0,0,0,0,0,0,0,0,0,0,0,0,0,0,0,0,0,0,0,0,0,0,0,0,0,0,0,0
011250102031026,0,0,0,0,0,0,0,0,0,0,0,0,0,0,0,0,0,0,0,0,0,0,0,0,0,0,0,0,0,0,0,0
011250102031025,13,0,13,8,0,0,0,0,0,0,0,0,0,0,0,0,11,0,12,7,0,0,0,0,0,0,0,0,0,0,0,0
011250102031024,0,0,0,0,0,0,0,0,0,0,0,0,0,0,0,0,0,0,0,0,0,0,0,0,0,0,0,0,0,0,0,0
011250102031023,7,0,8,5,1,0,0,0,0,0,0,0,0,0,0,3,5,0,5,5,0,0,0,0,0,0,0,0,0,0,0,0
011250102031022,0,0,0,0,0,0,0,0,0,0,0,0,0,0,0,0,0,0,0,0,0,0,0,0,0,0,0,0,0,0,0,0
011250102031021,0,0,0,0,0,0,0,0,0,0,0,0,0,0,0,0,0,0,0,0,0,0,0,0,0,0,0,0,0,0,0,0
011250102031020,34,0,34,34,0,0,0,0,0,5,0,0,0,0,0,1,34,0,33,34,0,0,0,0,0,0,0,0,0,0,0,0
011250102031019,0,0,0,0,0,0,0,0,0,0,0,0,0,0,0,0,0,0,0,0,0,0,0,0,0,0,0,0,0,0,0,0
011250102031018,0,0,0,0,0,0,0,0,0,0,0,0,0,0,0,0,0,0,0,0,0,0,0,0,0,0,0,0,0,0,0,0
011250102031017,0,0,0,0,0,0,0,0,0,0,0,0,0,0,0,0,0,0,0,0,0,0,0,0,0,0,0,0,0,0,0,0
011250102031016,0,0,0,0,0,0,0,0,0,0,0,0,0,0,0,0,0,0,0,0,0,0,0,0,0,0,0,0,0,0,0,0
011250102031015,0,0,0,0,0,0,0,0,0,0,0,0,0,0,0,0,0,0,0,0,0,0,0,0,0,0,0,0,0,0,0,0
011250102031014,0,0,0,0,0,0,0,0,0,0,0,0,0,0,0,0,0,0,0,0,0,0,0,0,0,0,0,0,0,0,0,0
011250102031013,0,0,0,0,0,0,0,0,0,0,0,0,0,0,0,0,0,0,0,0,0,0,0,0,0,0,0,0,0,0,0,0
011250102031012,0,0,0,0,0,0,0,0,0,0,0,0,0,0,0,0,0,0,0,0,0,0,0,0,0,0,0,0,0,0,0,0
011250102031011,0,0,0,0,0,0,0,0,0,0,0,0,0,0,0,0,0,0,0,0,0,0,0,0,0,0,0,0,0,0,0,0
011250102031010,0,0,0,0,0,0,0,0,0,0,0,0,0,0,0,0,0,0,0,0,0,0,0,0,0,0,0,0,0,0,0,0
011250102031009,7,0,5,4,0,0,0,0,0,0,0,0,0,0,0,0,7,0,5,4,0,0,0,0,0,0,0,0,0,0,0,0
011250102031008,0,0,0,0,0,0,0,0,0,0,0,0,0,0,0,0,0,0,0,0,0,0,0,0,0,0,0,0,0,0,0,0
011250102031007,0,0,0,0,0,0,0,0,0,0,0,0,0,0,0,0,0,0,0,0,0,0,0,0,0,0,0,0,0,0,0,0
011250102031005,0,0,0,0,0,0,0,0,0,0,0,0,0,0,0,0,0,0,0,0,0,0,0,0,0,0,0,0,0,0,0,0
011250102031004,0,0,0,0,0,0,0,0,0,0,0,0,0,0,0,0,0,0,0,0,0,0,0,0,0,0,0,0,0,0,0,0
011250102031003,0,0,0,0,0,0,0,0,0,0,0,0,0,0,0,0,0,0,0,0,0,0,0,0,0,0,0,0,0,0,0,0
011250102031002,0,0,0,0,0,0,0,0,0,0,0,0,0,0,0,0,0,0,0,0,0,0,0,0,0,0,0,0,0,0,0,0
011250102031001,0,0,0,0,0,0,0,0,0,0,0,0,0,0,0,0,0,0,0,0,0,0,0,0,0,0,0,0,0,0,0,0
011250102031000,0,0,0,0,0,0,0,0,0,0,0,0,0,0,0,0,0,0,0,0,0,0,0,0,0,0,0,0,0,0,0,0
011250102012040,0,0,0,0,0,0,0,0,0,0,0,0,0,0,0,0,0,0,0,0,0,0,0,0,0,0,0,0,0,0,0,0
011250102012039,31,0,29,28,1,0,0,0,0,0,1,0,0,1,1,1,30,0,28,28,0,0,0,0,0,0,0,0,0,0,2,0
011250102012036,0,0,0,0,0,0,0,0,0,0,0,0,0,0,0,0,0,0,0,0,0,0,0,0,0,0,0,0,0,0,0,0
011250102012035,0,0,0,0,0,0,0,0,0,0,0,0,0,0,0,0,0,0,0,0,0,0,0,0,0,0,0,0,0,0,0,0
011250102012034,0,0,0,0,0,0,0,0,0,0,0,0,0,0,0,0,0,0,0,0,0,0,0,0,0,0,0,0,0,0,0,0
011250102012033,0,0,0,0,0,0,0,0,0,0,0,0,0,0,0,0,0,0,0,0,0,0,0,0,0,0,0,0,0,0,0,0
011250102012032,0,0,0,0,0,0,0,0,0,0,0,0,0,0,0,0,0,0,0,0,0,0,0,0,0,0,0,0,0,0,0,0
011250102012031,0,0,0,0,0,0,0,0,0,0,0,0,0,0,0,0,0,0,0,0,0,0,0,0,0,0,0,0,0,0,0,0
011250102012030,0,0,0,0,0,0,0,0,0,0,0,0,0,0,0,0,0,0,0,0,0,0,0,0,0,0,0,0,0,0,0,0
011250102012029,0,0,0,0,0,0,0,0,0,0,0,0,0,0,0,0,0,0,0,0,0,0,0,0,0,0,0,0,0,0,0,0
011250102012028,0,0,0,0,0,0,0,0,0,0,0,0,0,0,0,0,0,0,0,0,0,0,0,0,0,0,0,0,0,0,0,0
011250102012027,0,0,0,0,0,0,0,0,0,0,0,0,0,0,0,0,0,0,0,0,0,0,0,0,0,0,0,0,0,0,0,0
011250102012025,25,0,23,18,0,0,0,0,0,0,3,0,0,3,0,0,20,0,21,15,0,0,0,0,0,0,2,0,0,2,0,0
011250102012024,0,0,0,0,0,0,0,0,0,0,0,0,0,0,0,0,0,0,0,0,0,0,0,0,0,0,0,0,0,0,0,0
011250102012023,0,0,0,0,0,0,0,0,0,0,0,0,0,0,0,0,0,0,0,0,0,0,0,0,0,0,0,0,0,0,0,0
011250102012022,0,0,0,0,0,0,0,0,0,0,0,0,0,0,0,0,0,0,0,0,0,0,0,0,0,0,0,0,0,0,0,0
011250102012021,46,0,44,44,0,0,0,0,0,0,1,0,0,1,0,0,38,0,36,35,0,0,0,0,0,0,1,0,0,1,0,0
011250102012020,36,0,35,35,0,0,3,0,0,0,1,0,0,1,1,0,24,0,22,21,0,0,4,0,0,0,1,0,0,1,2,0
011250102012019,0,0,0,0,0,0,0,0,0,0,0,0,0,0,0,0,0,0,0,0,0,0,0,0,0,0,0,0,0,0,0,0
011250102012017,0,0,0,0,0,0,0,0,0,0,0,0,0,0,0,0,0,0,0,0,0,0,0,0,0,0,0,0,0,0,0,0
011250102012016,19,0,17,11,1,0,0,0,0,0,1,0,0,2,0,1,15,0,13,11,0,0,0,0,0,0,0,0,0,0,0,0
011250102012014,36,0,34,30,2,0,3,0,0,0,0,0,0,0,1,2,25,0,22,22,0,0,4,0,0,0,0,0,0,0,2,0
011250102012013,60,0,63,62,0,0,0,0,0,0,2,0,0,2,0,0,44,0,47,45,0,0,0,0,0,0,2,0,0,2,0,0
011250102012011,0,0,0,0,0,0,0,0,0,0,0,0,0,0,0,0,0,0,0,0,0,0,0,0,0,0,0,0,0,0,0,0
011250102012009,0,0,0,0,0,0,0,0,0,0,0,0,0,0,0,0,0,0,0,0,0,0,0,0,0,0,0,0,0,0,0,0
011250102012007,0,0,0,0,0,0,0,0,0,0,0,0,0,0,0,0,0,0,0,0,0,0,0,0,0,0,0,0,0,0,0,0
011250102012006,35,0,36,35,1,0,0,0,0,0,0,0,0,0,0,1,20,0,20,22,0,0,0,0,0,0,0,0,0,0,0,0
011250102012001,15,0,14,13,0,0,0,0,0,0,1,0,0,1,0,0,14,0,13,11,0,0,0,0,0,0,1,0,0,1,0,0
011250102011048,0,0,0,0,0,0,0,0,0,0,0,0,0,0,0,0,0,0,0,0,0,0,0,0,0,0,0,0,0,0,0,0
011250102011047,0,0,0,0,0,0,0,0,0,0,0,0,0,0,0,0,0,0,0,0,0,0,0,0,0,0,0,0,0,0,0,0
011250102011046,10,3,7,3,0,0,0,0,0,0,0,0,0,0,0,0,7,0,6,4,0,0,0,0,0,0,0,0,0,0,0,0
011250102011045,0,0,0,0,0,0,0,0,0,0,0,0,0,0,0,0,0,0,0,0,0,0,0,0,0,0,0,0,0,0,0,0
011250102011044,0,0,0,0,0,0,0,0,0,0,0,0,0,0,0,0,0,0,0,0,0,0,0,0,0,0,0,0,0,0,0,0
011250102011043,40,2,38,32,0,0,0,0,0,0,2,0,0,2,0,0,24,1,23,19,0,0,0,0,0,0,1,0,0,1,0,0
011250102011042,56,3,53,43,0,0,0,0,0,0,2,0,0,2,0,0,34,0,34,30,0,0,0,0,0,0,1,0,0,1,0,0
011250102011041,117,4,113,101,0,0,0,0,0,0,2,0,0,2,0,0,87,1,87,73,0,0,0,0,0,0,1,0,0,1,0,0
011250102011040,0,0,0,0,0,0,0,0,0,0,0,0,0,0,0,0,0,0,0,0,0,0,0,0,0,0,0,0,0,0,0,0
011250102011039,39,3,36,32,0,0,0,0,0,0,0,0,0,1,0,0,25,0,24,21,0,0,0,0,0,0,0,0,0,1,0,0
011250102011038,17,3,14,10,0,0,0,0,0,0,3,0,0,3,0,0,11,0,11,9,0,0,0,0,0,0,0,0,0,0,0,0
011250102011037,0,0,0,0,0,0,0,0,0,0,0,0,0,0,0,0,0,0,0,0,0,0,0,0,0,0,0,0,0,0,0,0
011250102011036,17,1,16,9,0,0,0,0,0,0,6,0,0,5,0,0,8,0,8,4,0,0,0,0,0,0,4,0,0,3,0,0
011250102011035,12,0,12,12,0,0,0,0,0,0,0,0,0,0,0,0,9,0,9,8,0,0,0,0,0,0,0,0,0,0,0,0
011250102011034,9,0,9,8,0,0,0,0,0,0,1,0,0,1,0,0,8,0,8,9,0,0,0,0,0,0,0,0,0,0,0,0
011250102011033,77,2,75,76,0,0,0,0,0,0,0,0,0,0,0,0,57,0,57,57,0,0,0,0,0,0,0,0,0,0,0,0
011250102011032,88,4,84,90,0,0,0,0,0,0,2,0,0,2,0,0,73,1,70,76,0,0,0,0,0,0,0,0,0,0,0,0
011250102011031,85,4,82,80,0,0,0,0,0,0,0,0,0,1,0,0,61,1,59,56,0,0,0,0,0,0,0,0,0,1,0,0
011250102011030,9,0,9,10,0,0,0,0,0,0,0,0,0,1,0,0,8,0,8,8,0,0,0,0,0,0,0,0,0,1,0,0
011250102011029,41,0,41,31,0,0,0,0,0,0,0,0,0,0,0,0,29,0,30,23,0,0,0,0,0,0,0,0,0,0,0,0
011250102011028,51,1,50,41,0,0,0,0,0,0,5,0,0,4,0,0,38,0,40,31,0,0,0,0,0,0,3,0,0,3,0,0
011250102011027,67,2,65,69,0,0,0,0,0,0,0,0,0,0,0,0,44,0,44,48,0,0,0,0,0,0,0,0,0,0,0,0
011250102011026,38,5,33,33,0,0,0,0,0,0,0,0,0,0,0,0,21,1,19,18,0,0,0,0,0,0,0,0,0,0,0,0
011250102011025,90,6,84,79,0,0,0,0,0,0,6,0,0,5,0,0,58,1,55,54,0,0,0,0,0,0,4,0,0,3,0,0
011250102011024,20,1,19,17,0,0,0,0,0,0,3,0,0,3,0,0,18,0,17,17,0,0,0,0,0,0,1,0,0,1,0,0
011250102011023,20,2,18,18,0,0,0,0,0,0,2,0,0,2,0,0,14,0,14,14,0,0,0,0,0,0,1,0,0,1,0,0
011250102011022,464,31,434,429,0,0,0,0,0,0,1,0,0,1,0,0,331,4,320,316,0,0,0,0,0,0,1,0,0,1,0,0
011250102011021,0,0,0,0,0,0,0,0,0,0,0,0,0,0,0,0,0,0,0,0,0,0,0,0,0,0,0,0,0,0,0,0
011250102011020,21,2,19,20,0,0,0,0,0,0,0,0,0,0,0,0,18,0,19,19,0,0,0,0,0,0,0,0,0,0,0,0
011250102011019,8,0,8,5,0,0,0,0,0,0,0,0,0,0,0,0,7,0,8,6,0,0,0,0,0,0,0,0,0,0,0,0
011250102011018,0,0,0,0,0,0,0,0,0,0,0,0,0,0,0,0,0,0,0,0,0,0,0,0,0,0,0,0,0,0,0,0
011250102011017,0,0,0,0,0,0,0,0,0,0,0,0,0,0,0,0,0,0,0,0,0,0,0,0,0,0,0,0,0,0,0,0
011250102011016,0,0,0,0,0,0,0,0,0,0,0,0,0,0,0,0,0,0,0,0,0,0,0,0,0,0,0,0,0,0,0,0
011250102011015,0,0,0,0,0,0,0,0,0,0,0,0,0,0,0,0,0,0,0,0,0,0,0,0,0,0,0,0,0,0,0,0
011250102011014,68,0,68,73,0,0,0,0,0,0,0,0,0,0,0,0,66,0,68,74,0,0,0,0,0,0,0,0,0,0,0,0
011250102011013,16,0,16,16,0,0,0,0,0,0,0,0,0,0,0,0,10,0,10,10,0,0,0,0,0,0,0,0,0,0,0,0
011250102011012,18,0,18,18,0,0,0,0,0,0,1,0,0,1,0,0,15,0,16,16,0,0,0,0,0,0,1,0,0,1,0,0
011250102011011,27,0,27,29,0,0,0,0,0,0,0,0,0,0,0,0,24,0,25,26,0,0,0,0,0,0,0,0,0,0,0,0
011250102011010,52,0,52,52,0,0,0,0,0,0,0,0,0,0,0,0,45,0,46,49,0,0,0,0,0,0,0,0,0,0,0,0
011250102011009,4,1,3,1,0,0,0,0,0,0,1,0,0,1,0,0,4,0,3,1,0,0,0,0,0,0,0,0,0,0,0,0
011250102011008,0,0,0,0,0,0,0,0,0,0,0,0,0,0,0,0,0,0,0,0,0,0,0,0,0,0,0,0,0,0,0,0
011250102011007,14,2,13,13,0,0,0,0,0,0,1,0,0,1,0,0,11,0,11,12,0,0,0,0,0,0,0,0,0,0,0,0
011250102011006,32,2,30,32,0,0,0,0,0,0,0,0,0,0,0,0,21,0,20,21,0,0,0,0,0,0,0,0,0,0,0,0
011250102011005,4,1,3,2,0,0,0,0,0,0,0,0,0,0,0,0,2,0,2,2,0,0,0,0,0,0,0,0,0,0,0,0
011250102011004,71,4,67,71,0,0,0,0,0,0,1,0,0,1,0,0,52,0,53,57,0,0,0,0,0,0,1,0,0,1,0,0
011250102011003,65,1,64,63,0,0,0,0,0,0,9,0,0,9,0,0,54,0,55,54,0,0,0,0,0,0,6,0,0,5,0,0
011250102011002,136,0,137,143,0,0,0,0,0,0,2,0,0,2,0,0,101,0,104,111,0,0,0,0,0,0,0,0,0,0,0,0
011250102011001,14,0,15,16,0,0,0,0,0,0,0,0,0,0,0,0,12,0,12,13,0,0,0,0,0,0,0,0,0,0,0,0
011250102011000,83,0,83,88,0,0,0,0,0,0,0,0,0,0,0,0,68,0,70,74,0,0,0,0,0,0,0,0,0,0,0,0
011250101053074,0,0,0,0,0,0,0,0,0,0,0,0,0,0,0,0,0,0,0,0,0,0,0,0,0,0,0,0,0,0,0,0
011250101053073,0,0,0,0,0,0,0,0,0,0,0,0,0,0,0,0,0,0,0,0,0,0,0,0,0,0,0,0,0,0,0,0
011250101053072,0,0,0,0,0,0,0,0,0,0,0,0,0,0,0,0,0,0,0,0,0,0,0,0,0,0,0,0,0,0,0,0
011250101053071,0,0,0,0,0,0,0,0,0,0,0,0,0,0,0,0,0,0,0,0,0,0,0,0,0,0,0,0,0,0,0,0
011250101053070,0,0,0,0,0,0,0,0,0,0,0,0,0,0,0,0,0,0,0,0,0,0,0,0,0,0,0,0,0,0,0,0
011250101053069,0,0,0,0,0,0,0,0,0,0,0,0,0,0,0,0,0,0,0,0,0,0,0,0,0,0,0,0,0,0,0,0
011250101053068,0,0,0,0,0,0,0,0,0,0,0,0,0,0,0,0,0,0,0,0,0,0,0,0,0,0,0,0,0,0,0,0
011250101053067,24,0,25,25,0,0,0,0,0,0,0,0,0,0,0,0,18,0,18,19,0,0,0,0,0,0,0,0,0,0,0,0
011250101053066,6,0,6,6,0,0,0,0,0,0,0,0,0,0,0,0,6,0,6,6,0,0,0,0,0,0,0,0,0,0,0,0
011250101053065,6,0,6,4,0,0,0,0,0,0,0,0,0,0,0,0,4,0,4,4,0,0,0,0,0,0,0,0,0,0,0,0
011250101053064,0,0,0,0,0,0,0,0,0,0,0,0,0,0,0,0,0,0,0,0,0,0,0,0,0,0,0,0,0,0,0,0
011250101053063,0,0,0,0,0,0,0,0,0,0,0,0,0,0,0,0,0,0,0,0,0,0,0,0,0,0,0,0,0,0,0,0
011250101053062,3,0,3,2,0,0,0,0,0,0,0,0,0,0,0,0,1,0,1,1,0,0,0,0,0,0,0,0,0,0,0,0
011250101053061,11,0,10,10,0,0,0,0,0,0,0,0,0,0,0,0,11,0,11,11,0,0,0,0,0,0,0,0,0,0,0,0
011250101053060,0,0,0,0,0,0,0,0,0,0,0,0,0,0,0,0,0,0,0,0,0,0,0,0,0,0,0,0,0,0,0,0
011250101053059,4,0,3,3,0,0,0,0,0,0,0,0,0,0,0,0,3,0,3,3,0,0,0,0,0,0,0,0,0,0,0,0
011250101053058,13,0,14,14,0,0,0,0,0,0,0,0,0,0,0,0,10,0,11,11,0,0,0,0,0,0,0,0,0,0,0,0
011250101053057,23,0,23,23,0,0,0,0,0,0,0,0,0,0,0,0,22,0,23,23,0,0,0,0,0,0,0,0,0,0,0,0
011250101053056,0,0,0,0,0,0,0,0,0,0,0,0,0,0,0,0,0,0,0,0,0,0,0,0,0,0,0,0,0,0,0,0
011250101053055,0,0,0,0,0,0,0,0,0,0,0,0,0,0,0,0,0,0,0,0,0,0,0,0,0,0,0,0,0,0,0,0
011250101053054,3,0,1,0,0,0,0,0,0,0,0,0,0,0,0,0,1,0,1,0,0,0,0,0,0,0,0,0,0,0,0,0
011250101053053,0,0,0,0,0,0,0,0,0,0,0,0,0,0,0,0,0,0,0,0,0,0,0,0,0,0,0,0,0,0,0,0
011250101053052,0,0,0,0,0,0,0,0,0,0,0,0,0,0,0,0,0,0,0,0,0,0,0,0,0,0,0,0,0,0,0,0
011250101053051,25,0,24,23,0,0,0,0,0,0,0,0,0,0,0,0,23,0,22,22,0,0,0,0,0,0,0,0,0,0,0,0
011250101053050,13,0,12,11,0,0,0,0,0,0,0,0,0,0,0,0,9,0,8,7,0,0,0,0,0,0,0,0,0,0,0,0
011250101053049,0,0,0,0,0,0,0,0,0,0,0,0,0,0,0,0,0,0,0,0,0,0,0,0,0,0,0,0,0,0,0,0
011250101053048,23,0,23,23,0,0,0,0,0,0,0,0,0,0,0,0,18,0,18,19,0,0,0,0,0,0,0,0,0,0,0,0
011250101053047,5,0,4,4,0,0,0,0,0,0,0,0,0,0,0,0,5,0,4,3,0,0,0,0,0,0,0,0,0,0,0,0
011250101053046,9,0,10,10,0,0,0,0,0,0,0,0,0,0,0,0,10,0,11,11,0,0,0,0,0,0,0,0,0,0,0,0
011250101053045,4,0,3,3,0,0,0,0,0,0,0,0,0,0,0,0,4,0,4,3,0,0,0,0,0,0,0,0,0,0,0,0
011250101053044,8,0,8,8,0,0,0,0,0,0,0,0,0,0,0,0,6,0,6,6,0,0,0,0,0,0,0,0,0,0,0,0
011250101053043,21,0,21,21,0,0,0,0,0,0,0,0,0,0,0,0,14,0,15,15,0,0,0,0,0,0,0,0,0,0,0,0
011250101053042,0,0,0,0,0,0,0,0,0,0,0,0,0,0,0,0,0,0,0,0,0,0,0,0,0,0,0,0,0,0,0,0
011250101053041,33,0,34,33,0,0,0,0,0,0,0,0,0,0,0,0,34,0,35,35,0,0,0,0,0,0,0,0,0,0,0,0
011250101053040,3,0,3,3,0,0,0,0,0,0,0,0,0,0,0,0,3,0,3,3,0,0,0,0,0,0,0,0,0,0,0,0
011250101053039,0,0,0,0,0,0,0,0,0,0,0,0,0,0,0,0,0,0,0,0,0,0,0,0,0,0,0,0,0,0,0,0
011250101053038,0,0,0,0,0,0,0,0,0,0,0,0,0,0,0,0,0,0,0,0,0,0,0,0,0,0,0,0,0,0,0,0
011250101053037,15,0,16,16,0,0,0,0,0,0,0,0,0,0,0,0,16,0,16,16,0,0,0,0,0,0,0,0,0,0,0,0
011250101053036,0,0,0,0,0,0,0,0,0,0,0,0,0,0,0,0,0,0,0,0,0,0,0,0,0,0,0,0,0,0,0,0
011250101053035,23,0,23,23,0,0,0,0,0,0,0,0,0,0,0,0,19,0,20,20,0,0,0,0,0,0,0,0,0,0,0,0
011250101053034,11,0,11,10,0,0,0,0,0,0,0,0,0,0,0,0,12,0,12,11,0,0,0,0,0,0,0,0,0,0,0,0
011250101053033,18,0,18,18,0,0,0,0,0,0,0,0,0,0,0,0,14,0,15,15,0,0,0,0,0,0,0,0,0,0,0,0
011250101053032,18,0,17,17,0,0,0,0,0,0,0,0,0,0,0,0,16,0,16,16,0,0,0,0,0,0,0,0,0,0,0,0
011250101053031,29,0,30,29,0,0,0,0,0,0,4,0,0,3,0,0,21,0,21,20,0,0,0,0,0,0,1,0,0,1,0,0
011250101053030,3,0,3,3,0,0,0,0,0,0,0,0,0,0,0,0,0,0,0,0,0,0,0,0,0,0,0,0,0,0,0,0
011250101053029,1,0,0,0,0,0,0,0,0,0,0,0,0,0,0,0,1,0,0,0,0,0,0,0,0,0,0,0,0,0,0,0
011250101053028,11,0,12,11,0,0,0,0,0,0,0,0,0,0,0,0,11,0,11,11,0,0,0,0,0,0,0,0,0,0,0,0
011250101053027,14,0,15,15,0,0,0,0,0,0,0,0,0,0,0,0,12,0,12,12,0,0,0,0,0,0,0,0,0,0,0,0
011250101053026,0,0,0,0,0,0,0,0,0,0,0,0,0,0,0,0,0,0,0,0,0,0,0,0,0,0,0,0,0,0,0,0
011250101053025,6,0,6,4,0,0,0,0,0,0,4,0,0,3,0,0,7,0,7,5,0,0,0,0,0,0,1,0,0,1,0,0
011250101053024,2,0,3,3,0,0,0,0,0,0,0,0,0,0,0,0,3,0,3,3,0,0,0,0,0,0,0,0,0,0,0,0
011250101053023,0,0,0,0,0,0,0,0,0,0,0,0,0,0,0,0,0,0,0,0,0,0,0,0,0,0,0,0,0,0,0,0
011250101053022,5,0,5,5,0,0,0,0,0,0,0,0,0,0,0,0,5,0,6,6,0,0,0,0,0,0,0,0,0,0,0,0
011250101053021,4,0,4,4,0,0,0,0,0,0,0,0,0,0,0,0,5,0,4,4,0,0,0,0,0,0,0,0,0,0,0,0
011250101053020,4,0,4,2,0,0,0,0,0,0,8,0,0,11,0,0,4,0,4,2,0,0,0,0,0,0,1,0,0,2,0,0
011250101053019,2,0,2,2,0,0,0,0,0,0,0,0,0,0,0,0,0,0,0,0,0,0,0,0,0,0,0,0,0,0,0,0
011250101053018,3,0,3,3,0,0,0,0,0,0,0,0,0,0,0,0,3,0,3,3,0,0,0,0,0,0,0,0,0,0,0,0
011250101053017,4,0,4,4,0,0,0,0,0,0,0,0,0,0,0,0,3,0,3,3,0,0,0,0,0,0,0,0,0,0,0,0
011250101053016,10,0,10,10,0,0,0,0,0,0,0,0,0,0,0,0,11,0,11,11,0,0,0,0,0,0,0,0,0,0,0,0
011250101053015,0,0,0,0,0,0,0,0,0,0,0,0,0,0,0,0,0,0,0,0,0,0,0,0,0,0,0,0,0,0,0,0
011250101053014,7,0,6,6,0,0,0,0,0,0,0,0,0,0,0,0,8,0,7,7,0,0,0,0,0,0,0,0,0,0,0,0
011250101053013,2,0,2,0,0,0,0,0,0,0,0,0,0,0,0,0,1,0,1,0,0,0,0,0,0,0,0,0,0,0,0,0
011250101053012,20,0,21,21,0,0,0,0,0,0,0,0,0,0,0,0,16,0,16,16,0,0,0,0,0,0,0,0,0,0,0,0
011250101053011,10,0,10,10,0,0,0,0,0,0,0,0,0,0,0,0,11,0,11,11,0,0,0,0,0,0,0,0,0,0,0,0
011250101053010,15,0,16,15,0,0,0,0,0,0,0,0,0,0,0,0,11,0,11,11,0,0,0,0,0,0,0,0,0,0,0,0
011250101053009,0,0,0,0,0,0,0,0,0,0,0,0,0,0,0,0,0,0,0,0,0,0,0,0,0,0,0,0,0,0,0,0
011250101053008,1,0,1,1,0,0,0,0,0,0,0,0,0,0,0,0,0,0,0,0,0,0,0,0,0,0,0,0,0,0,0,0
011250101053007,2,0,3,3,0,0,0,0,0,0,0,0,0,0,0,0,3,0,3,3,0,0,0,0,0,0,0,0,0,0,0,0
011250101053006,0,0,0,0,0,0,0,0,0,0,0,0,0,0,0,0,0,0,0,0,0,0,0,0,0,0,0,0,0,0,0,0
011250101053005,8,0,7,7,0,0,0,0,0,0,0,0,0,0,0,0,7,0,6,6,0,0,0,0,0,0,0,0,0,0,0,0
011250101053004,2,0,2,1,0,0,0,0,0,0,0,0,0,0,0,0,1,0,1,1,0,0,0,0,0,0,0,0,0,0,0,0
011250101053003,2,0,2,1,0,0,0,0,0,0,4,0,0,3,0,0,2,0,2,1,0,0,0,0,0,0,1,0,0,0,0,0
011250101053002,3,0,3,3,0,0,0,0,0,0,0,0,0,0,0,0,3,0,2,2,0,0,0,0,0,0,0,0,0,0,0,0
011250101053001,0,0,0,0,0,0,0,0,0,0,0,0,0,0,0,0,0,0,0,0,0,0,0,0,0,0,0,0,0,0,0,0
011250101053000,8,0,8,7,0,0,0,0,0,0,0,0,0,0,0,0,7,0,7,7,0,0,0,0,0,0,0,0,0,0,0,0
011250101052055,24,0,25,27,0,0,0,0,0,0,0,0,0,0,0,0,18,0,19,20,0,0,0,0,0,0,0,0,0,0,0,0
011250101052054,2,0,2,3,0,0,0,0,0,0,0,0,0,0,0,0,0,0,0,0,0,0,0,0,0,0,0,0,0,0,0,0
011250101052053,63,0,66,71,0,0,0,0,0,0,0,0,0,0,0,0,49,0,51,55,0,0,0,0,0,0,0,0,0,0,0,0
011250101052052,44,0,44,43,0,0,0,0,0,0,0,0,0,0,0,0,30,0,31,30,0,0,0,0,0,0,0,0,0,0,0,0
011250101052051,82,0,86,84,0,0,0,0,0,0,0,0,0,0,0,0,53,0,55,52,0,0,0,0,0,0,0,0,0,0,0,0
011250101052050,0,0,0,0,0,0,0,0,0,0,0,0,0,0,0,0,0,0,0,0,0,0,0,0,0,0,0,0,0,0,0,0
011250101052049,43,0,45,48,0,0,0,0,0,0,0,0,0,0,0,0,28,0,29,31,0,0,0,0,0,0,0,0,0,0,0,0
011250101052048,49,0,47,50,0,0,0,0,0,0,0,0,0,0,0,0,40,0,42,44,0,0,0,0,0,0,0,0,0,0,0,0
011250101052047,7,0,6,6,0,0,0,0,0,0,0,0,0,0,0,0,2,0,2,3,0,0,0,0,0,0,0,0,0,0,0,0
011250101052046,20,0,21,22,0,0,0,0,0,0,0,0,0,0,0,0,10,0,10,11,0,0,0,0,0,0,0,0,0,0,0,0
011250101052045,8,0,8,8,0,0,0,0,0,0,0,0,0,0,0,0,8,0,8,7,0,0,0,0,0,0,0,0,0,0,0,0
011250101052044,73,0,77,76,0,0,0,0,0,0,0,0,0,0,0,0,57,0,59,59,0,0,0,0,0,0,0,0,0,0,0,0
011250101052043,0,0,0,0,0,0,0,0,0,0,0,0,0,0,0,0,0,0,0,0,0,0,0,0,0,0,0,0,0,0,0,0
011250101052042,0,0,0,0,0,0,0,0,0,0,0,0,0,0,0,0,0,0,0,0,0,0,0,0,0,0,0,0,0,0,0,0
011250101052041,34,0,34,34,0,0,0,0,0,0,0,0,0,0,0,0,28,0,28,27,0,0,0,0,0,0,0,0,0,0,0,0
011250101052040,11,0,12,13,0,0,0,0,0,0,0,0,0,0,0,0,11,0,12,12,0,0,0,0,0,0,0,0,0,0,0,0
011250101052039,9,0,4,1,0,0,0,0,0,0,0,0,0,0,0,0,6,0,1,0,0,0,0,0,0,0,0,0,0,0,0,0
011250101052038,3,0,4,0,0,0,0,0,0,0,0,0,0,0,0,0,3,0,4,0,0,0,0,0,0,0,0,0,0,0,0,0
011250101052037,52,0,52,48,0,0,0,0,0,0,0,0,0,0,0,0,33,0,34,31,0,0,0,0,0,0,0,0,0,0,0,0
011250101052036,41,0,28,31,0,0,0,0,0,0,0,0,0,0,0,0,37,0,24,26,0,0,0,0,0,0,0,0,0,0,0,0
011250101052035,43,0,43,43,0,0,0,0,0,0,0,0,0,0,0,0,36,0,35,35,0,0,0,0,0,0,0,0,0,0,0,0
011250101052034,0,0,0,0,0,0,0,0,0,0,0,0,0,0,0,0,0,0,0,0,0,0,0,0,0,0,0,0,0,0,0,0
011250101052033,6,0,6,5,0,0,0,0,0,0,0,0,0,0,0,0,5,0,5,4,0,0,0,0,0,0,0,0,0,0,0,0
011250101052032,106,0,111,113,0,0,0,0,0,0,0,0,0,0,0,0,86,0,89,91,0,0,0,0,0,0,0,0,0,0,0,0
011250101052031,54,0,56,50,0,0,0,0,0,0,0,0,0,0,0,0,39,0,40,32,0,0,0,0,0,0,0,0,0,0,0,0
011250101052030,1038,0,1047,1044,0,0,0,0,0,0,0,0,0,0,0,0,777,0,789,793,0,0,0,0,0,0,0,0,0,0,0,0
011250101052029,18,0,11,5,0,0,0,0,0,0,0,0,0,0,0,0,10,0,6,4,0,0,0,0,0,0,0,0,0,0,0,0
011250101052028,0,0,0,0,0,0,0,0,0,0,0,0,0,0,0,0,0,0,0,0,0,0,0,0,0,0,0,0,0,0,0,0
011250101052027,21,0,19,18,0,0,0,0,0,0,0,0,0,0,0,0,21,0,19,17,0,0,0,0,0,0,0,0,0,0,0,0
011250101052026,73,0,77,80,0,0,0,0,0,0,0,0,0,0,0,0,59,0,62,65,0,0,0,0,0,0,0,0,0,0,0,0
011250101052025,39,0,39,41,0,0,0,0,0,0,0,0,0,0,0,0,25,0,23,25,0,0,0,0,0,0,0,0,0,0,0,0
011250101052024,0,0,0,0,0,0,0,0,0,0,0,0,0,0,0,0,0,0,0,0,0,0,0,0,0,0,0,0,0,0,0,0
011250101052023,20,0,20,19,0,0,0,0,0,0,0,0,0,0,0,0,15,0,15,14,0,0,0,0,0,0,0,0,0,0,0,0
011250101052022,0,0,0,0,0,0,0,0,0,0,0,0,0,0,0,0,0,0,0,0,0,0,0,0,0,0,0,0,0,0,0,0
011250101052021,20,0,21,19,0,0,0,0,0,0,0,0,0,0,0,0,20,0,21,19,0,0,0,0,0,0,0,0,0,0,0,0
011250101052020,14,0,13,9,0,0,0,0,0,0,0,0,0,0,0,0,6,0,6,3,0,0,0,0,0,0,0,0,0,0,0,0
011250101052019,0,0,0,0,0,0,0,0,0,0,0,0,0,0,0,0,0,0,0,0,0,0,0,0,0,0,0,0,0,0,0,0
011250101052018,15,0,15,17,0,0,0,0,0,0,0,0,0,0,0,0,9,0,9,10,0,0,0,0,0,0,0,0,0,0,0,0
011250101052017,10,0,8,9,0,0,0,0,0,0,0,0,0,0,0,0,6,0,6,6,0,0,0,0,0,0,0,0,0,0,0,0
011250101052016,70,0,67,72,0,0,0,0,0,0,0,0,0,0,0,0,50,0,46,50,0,0,0,0,0,0,0,0,0,0,0,0
011250101052015,11,0,5,5,0,0,0,0,0,0,0,0,0,0,0,0,3,0,1,1,0,0,0,0,0,0,0,0,0,0,0,0
011250101052014,52,0,54,58,0,0,0,0,0,0,0,0,0,0,0,0,39,0,41,44,0,0,0,0,0,0,0,0,0,0,0,0
011250101052013,57,0,59,64,0,0,0,0,0,0,0,0,0,0,0,0,47,0,49,52,0,0,0,0,0,0,0,0,0,0,0,0
011250101052012,16,0,17,18,0,0,0,0,0,0,0,0,0,0,0,0,15,0,15,16,0,0,0,0,0,0,0,0,0,0,0,0
011250101052011,47,0,45,48,0,0,0,0,0,0,0,0,0,0,0,0,34,0,30,32,0,0,0,0,0,0,0,0,0,0,0,0
011250101052010,0,0,0,0,0,0,0,0,0,0,0,0,0,0,0,0,0,0,0,0,0,0,0,0,0,0,0,0,0,0,0,0
011250101052009,0,0,0,0,0,0,0,0,0,0,0,0,0,0,0,0,0,0,0,0,0,0,0,0,0,0,0,0,0,0,0,0
011250101052008,9,0,9,9,0,0,0,0,0,0,0,0,0,0,0,0,2,0,2,3,0,0,0,0,0,0,0,0,0,0,0,0
011250101052007,19,0,18,15,0,0,0,0,0,0,0,0,0,0,0,0,18,0,17,15,0,0,0,0,0,0,0,0,0,0,0,0
011250101052006,10,0,11,9,0,0,0,0,0,0,0,0,0,0,0,0,9,0,9,7,0,0,0,0,0,0,0,0,0,0,0,0
011250101052005,0,0,0,0,0,0,0,0,0,0,0,0,0,0,0,0,0,0,0,0,0,0,0,0,0,0,0,0,0,0,0,0
011250101052004,17,0,18,15,0,0,0,0,0,0,0,0,0,0,0,0,16,0,16,14,0,0,0,0,0,0,0,0,0,0,0,0
011250101052003,0,0,0,0,0,0,0,0,0,0,0,0,0,0,0,0,0,0,0,0,0,0,0,0,0,0,0,0,0,0,0,0
011250101052002,0,0,0,0,0,0,0,0,0,0,0,0,0,0,0,0,0,0,0,0,0,0,0,0,0,0,0,0,0,0,0,0
011250101052001,0,0,0,0,0,0,0,0,0,0,0,0,0,0,0,0,0,0,0,0,0,0,0,0,0,0,0,0,0,0,0,0
011250101052000,0,0,0,0,0,0,0,0,0,0,0,0,0,0,0,0,0,0,0,0,0,0,0,0,0,0,0,0,0,0,0,0
011250101051044,7,0,4,3,0,0,0,0,0,0,0,0,0,0,0,0,4,0,3,3,0,0,0,0,0,0,0,0,0,0,0,0
011250101051043,0,0,0,0,0,0,0,0,0,0,0,0,0,0,0,0,0,0,0,0,0,0,0,0,0,0,0,0,0,0,0,0
011250101051041,0,0,0,0,0,0,0,0,0,0,0,0,0,0,0,0,0,0,0,0,0,0,0,0,0,0,0,0,0,0,0,0
011250101051040,48,0,49,53,0,0,0,0,0,0,0,0,0,0,0,0,42,0,43,45,0,0,0,0,0,2,0,0,0,0,0,0
011250101051039,8,0,8,9,0,0,0,0,0,0,0,0,0,0,0,0,5,0,5,5,0,0,0,0,0,0,0,0,0,0,0,0
011250101051038,0,0,0,0,0,0,0,0,0,0,0,0,0,0,0,0,0,0,0,0,0,0,0,0,0,0,0,0,0,0,0,0
011250101051037,8,0,8,9,0,0,0,0,0,0,0,0,0,0,0,0,7,0,8,8,0,0,0,0,0,0,0,0,0,0,0,0
011250101051036,0,0,0,0,0,0,0,0,0,0,0,0,0,0,0,0,0,0,0,0,0,0,0,0,0,0,0,0,0,0,0,0
011250101051035,0,0,0,0,0,0,0,0,0,0,0,0,0,0,0,0,0,0,0,0,0,0,0,0,0,0,0,0,0,0,0,0
011250101051034,12,0,13,9,0,0,0,0,0,0,0,0,0,0,0,0,9,0,9,8,0,0,0,0,0,0,0,0,0,0,0,0
011250101051031,11,0,7,7,0,0,0,0,0,0,0,0,0,0,0,0,9,0,6,7,0,0,0,0,0,0,0,0,0,0,0,0
011250101051030,18,0,17,18,0,0,0,0,0,0,0,0,0,0,0,0,16,0,15,16,0,0,0,0,0,1,0,0,0,0,0,0
011250101051029,0,0,0,0,0,0,0,0,0,0,0,0,0,0,0,0,0,0,0,0,0,0,0,0,0,0,0,0,0,0,0,0
011250101051028,7,0,7,7,0,0,0,0,0,0,0,0,0,0,0,0,1,0,1,1,0,0,0,0,0,0,0,0,0,0,0,0
011250101051027,1,0,1,0,0,0,0,0,0,0,0,0,0,0,0,0,1,0,1,0,0,0,0,0,0,0,0,0,0,0,0,0
011250101051026,0,0,0,0,0,0,0,0,0,0,0,0,0,0,0,0,0,0,0,0,0,0,0,0,0,0,0,0,0,0,0,0
011250101051025,35,0,38,38,0,0,0,0,0,0,0,0,0,0,0,1,17,0,18,17,0,0,0,0,0,1,0,0,0,0,0,0
011250101051024,21,0,22,24,0,0,0,0,0,0,0,0,0,0,0,0,16,0,16,17,0,0,0,0,0,1,0,0,0,0,0,0
011250101051023,0,0,0,0,0,0,0,0,0,0,0,0,0,0,0,0,0,0,0,0,0,0,0,0,0,0,0,0,0,0,0,0
011250101051022,8,0,7,4,0,0,0,0,0,0,0,0,0,0,0,0,6,0,5,4,0,0,0,0,0,0,0,0,0,0,0,0
011250101051021,140,0,147,153,0,0,0,0,0,0,0,0,0,0,0,1,104,0,109,112,0,0,0,0,0,4,0,0,0,0,0,0
011250101051020,38,0,41,44,0,0,0,0,0,0,0,0,0,0,0,0,22,0,23,24,0,0,0,0,0,1,0,0,0,0,0,0
011250101051019,43,0,42,44,0,0,0,0,0,0,0,0,0,0,0,0,32,0,29,29,0,0,0,0,0,1,0,0,0,0,0,0
011250101051018,18,0,17,18,0,0,0,0,0,0,0,0,0,0,0,0,15,0,13,13,0,0,0,0,0,1,0,0,0,0,0,0
011250101051017,3,0,3,1,0,0,0,0,0,0,0,0,0,0,0,0,2,0,2,1,0,0,0,0,0,0,0,0,0,0,0,0
011250101051015,0,0,0,0,0,0,0,0,0,0,0,0,0,0,0,0,0,0,0,0,0,0,0,0,0,0,0,0,0,0,0,0
011250101051014,3,0,3,0,0,0,0,0,0,12,0,0,0,0,0,1,0,0,0,0,0,0,0,0,0,0,0,0,0,0,0,0
011250101051013,35,0,38,38,0,0,0,0,0,0,0,0,0,0,0,1,22,0,23,23,0,0,0,0,0,1,0,0,0,0,0,0
011250101051012,13,0,4,4,0,0,0,0,0,0,0,0,0,0,0,0,0,0,0,0,0,0,0,0,0,0,0,0,0,0,0,0
011250101051011,0,0,0,0,0,0,0,0,0,0,0,0,0,0,0,0,0,0,0,0,0,0,0,0,0,0,0,0,0,0,0,0
011250101051009,62,0,66,69,0,0,0,0,0,0,0,0,0,0,0,0,45,0,47,48,0,0,0,0,0,2,0,0,0,0,0,0
011250101051008,26,0,28,29,0,0,0,0,0,0,0,0,0,0,0,0,13,0,14,13,0,0,0,0,0,0,0,0,0,0,0,0
011250101051007,0,0,0,0,0,0,0,0,0,0,0,0,0,0,0,0,0,0,0,0,0,0,0,0,0,0,0,0,0,0,0,0
011250101051004,39,0,38,41,0,0,0,0,0,0,0,0,0,0,0,0,29,0,27,28,0,0,0,0,0,1,0,0,0,0,0,0
011250101051003,85,0,76,77,0,0,0,0,0,0,0,0,0,0,0,0,56,0,58,57,0,0,0,0,0,2,0,0,0,0,0,0
011250101051002,0,0,0,0,0,0,0,0,0,0,0,0,0,0,0,0,0,0,0,0,0,0,0,0,0,0,0,0,0,0,0,0
011250101051001,22,0,22,21,0,0,0,0,0,0,0,0,0,0,0,1,18,0,18,19,0,0,0,0,0,1,0,0,0,0,0,0
011250101051000,0,0,0,0,0,0,0,0,0,0,0,0,0,0,0,0,0,0,0,0,0,0,0,0,0,0,0,0,0,0,0,0
011250101042077,0,0,0,0,0,0,0,0,0,0,0,0,0,0,0,0,0,0,0,0,0,0,0,0,0,0,0,0,0,0,0,0
011250101042076,0,0,0,0,0,0,0,0,0,0,0,0,0,0,0,0,0,0,0,0,0,0,0,0,0,0,0,0,0,0,0,0
011250101042075,42,0,42,37,0,0,0,0,0,0,0,0,0,0,6,0,39,0,39,36,0,0,0,0,0,0,0,1,0,0,7,0
011250101042074,0,0,0,0,0,0,0,0,0,0,0,0,0,0,0,0,0,0,0,0,0,0,0,0,0,0,0,0,0,0,0,0
011250101042073,0,0,0,0,0,0,0,0,0,0,0,0,0,0,0,0,0,0,0,0,0,0,0,0,0,0,0,0,0,0,0,0
011250101042072,0,0,0,0,0,0,0,0,0,0,0,0,0,0,0,0,0,0,0,0,0,0,0,0,0,0,0,0,0,0,0,0
011250101042071,0,0,0,0,0,0,0,0,0,0,0,0,0,0,0,0,0,0,0,0,0,0,0,0,0,0,0,0,0,0,0,0
011250101042070,0,0,0,0,0,0,0,0,0,0,0,0,0,0,0,0,0,0,0,0,0,0,0,0,0,0,0,0,0,0,0,0
011250101042069,6,0,4,4,0,0,0,0,0,0,0,0,0,0,0,0,1,0,0,0,0,0,0,0,0,0,0,0,0,0,0,0
011250101042068,25,0,26,26,0,0,0,0,0,0,1,0,0,0,0,0,17,0,17,19,0,0,0,0,0,0,0,0,0,0,0,0
011250101042067,0,0,0,0,0,0,0,0,0,0,0,0,0,0,0,0,0,0,0,0,0,0,0,0,0,0,0,0,0,0,0,0
011250101042066,0,0,0,0,0,0,0,0,0,0,0,0,0,0,0,0,0,0,0,0,0,0,0,0,0,0,0,0,0,0,0,0
011250101042065,0,0,0,0,0,0,0,0,0,0,0,0,0,0,0,0,0,0,0,0,0,0,0,0,0,0,0,0,0,0,0,0
011250101042064,0,0,0,0,0,0,0,0,0,0,0,0,0,0,0,0,0,0,0,0,0,0,0,0,0,0,0,0,0,0,0,0
011250101042063,32,0,31,24,0,0,0,0,0,0,0,0,0,0,0,0,22,0,22,15,0,0,0,0,0,0,0,0,0,0,0,0
011250101042062,33,0,32,27,0,0,0,0,0,0,0,0,0,0,0,0,23,0,22,19,0,0,0,0,0,0,0,0,0,0,0,0
011250101042061,163,0,165,170,0,0,0,0,0,0,0,15,0,0,8,0,135,0,137,142,0,0,0,0,0,0,0,1,0,0,0,0
011250101042060,0,0,0,0,0,0,0,0,0,0,0,0,0,0,0,0,0,0,0,0,0,0,0,0,0,0,0,0,0,0,0,0
011250101042059,0,0,0,0,0,0,0,0,0,0,0,0,0,0,0,0,0,0,0,0,0,0,0,0,0,0,0,0,0,0,0,0
011250101042058,0,0,0,0,0,0,0,0,0,0,0,0,0,0,0,0,0,0,0,0,0,0,0,0,0,0,0,0,0,0,0,0
011250101042057,4,0,4,3,0,0,0,0,0,0,0,0,0,0,0,0,3,0,3,3,0,0,0,0,0,0,0,0,0,0,0,0
011250101042056,0,0,0,0,0,0,0,0,0,0,0,0,0,0,0,0,0,0,0,0,0,0,0,0,0,0,0,0,0,0,0,0
011250101042055,0,0,0,0,0,0,0,0,0,0,0,0,0,0,0,0,0,0,0,0,0,0,0,0,0,0,0,0,0,0,0,0
011250101042054,0,0,0,0,0,0,0,0,0,0,0,0,0,0,0,0,0,0,0,0,0,0,0,0,0,0,0,0,0,0,0,0
011250101042053,0,0,0,0,0,0,0,0,0,0,0,0,0,0,0,0,0,0,0,0,0,0,0,0,0,0,0,0,0,0,0,0
011250101042052,0,0,0,0,0,0,0,0,0,0,0,0,0,0,0,0,0,0,0,0,0,0,0,0,0,0,0,0,0,0,0,0
011250101042051,0,0,0,0,0,0,0,0,0,0,0,0,0,0,0,0,0,0,0,0,0,0,0,0,0,0,0,0,0,0,0,0
011250101042050,36,0,37,33,0,0,0,0,0,0,0,0,0,0,0,0,30,0,30,28,0,0,0,0,0,0,0,0,0,0,0,0
011250101042049,0,0,0,0,0,0,0,0,0,0,0,0,0,0,0,0,0,0,0,0,0,0,0,0,0,0,0,0,0,0,0,0
011250101042048,0,0,0,0,0,0,0,0,0,0,0,0,0,0,0,0,0,0,0,0,0,0,0,0,0,0,0,0,0,0,0,0
011250101042047,0,0,0,0,0,0,0,0,0,0,0,0,0,0,0,0,0,0,0,0,0,0,0,0,0,0,0,0,0,0,0,0
011250101042046,0,0,0,0,0,0,0,0,0,0,0,0,0,0,0,0,0,0,0,0,0,0,0,0,0,0,0,0,0,0,0,0
011250101042045,0,0,0,0,0,0,0,0,0,0,0,0,0,0,0,0,0,0,0,0,0,0,0,0,0,0,0,0,0,0,0,0
011250101042044,0,0,0,0,0,0,0,0,0,0,0,0,0,0,0,0,0,0,0,0,0,0,0,0,0,0,0,0,0,0,0,0
011250101042043,2,0,2,2,0,0,0,0,0,0,0,0,0,0,0,0,0,0,0,0,0,0,0,0,0,0,0,0,0,0,0,0
011250101042042,14,0,14,16,0,0,0,0,0,0,0,0,0,0,0,0,15,0,14,16,0,0,0,0,0,0,0,0,0,0,0,0
011250101042041,47,0,47,31,0,0,0,0,0,0,0,0,0,0,0,0,38,0,38,23,0,0,0,0,0,0,0,1,0,0,0,0
011250101042040,0,0,0,0,0,0,0,0,0,0,0,0,0,0,0,0,0,0,0,0,0,0,0,0,0,0,0,0,0,0,0,0
011250101042039,0,0,0,0,0,0,0,0,0,0,0,0,0,0,0,0,0,0,0,0,0,0,0,0,0,0,0,0,0,0,0,0
011250101042038,0,0,0,0,0,0,0,0,0,0,0,0,0,0,0,0,0,0,0,0,0,0,0,0,0,0,0,0,0,0,0,0
011250101042037,0,0,0,0,0,0,0,0,0,0,0,0,0,0,0,0,0,0,0,0,0,0,0,0,0,0,0,0,0,0,0,0
011250101042036,12,0,10,0,0,0,0,0,0,0,0,0,0,0,0,0,5,0,5,0,0,0,0,0,0,0,0,0,0,0,0,0
011250101042035,0,0,0,0,0,0,0,0,0,0,0,0,0,0,0,0,0,0,0,0,0,0,0,0,0,0,0,0,0,0,0,0
011250101042034,50,0,50,40,0,0,0,0,0,0,0,5,0,1,3,0,36,0,37,27,0,0,0,0,0,0,0,0,0,1,0,0
011250101042033,47,0,47,49,0,0,0,0,0,0,1,0,0,1,0,0,37,0,37,38,0,0,0,0,0,0,1,0,0,1,0,0
011250101042032,11,0,10,9,0,0,0,0,0,0,0,0,0,0,0,0,7,0,7,5,0,0,0,0,0,0,0,0,0,0,0,0
011250101042031,9,0,9,8,0,0,0,0,0,0,0,0,0,0,0,0,5,0,5,5,0,0,0,0,0,0,0,0,0,0,0,0
011250101042030,21,0,21,14,0,0,0,0,0,0,0,0,0,0,3,0,10,0,10,10,0,0,0,0,0,0,0,0,0,0,3,0
011250101042029,14,0,14,14,0,0,0,0,0,0,0,0,0,0,0,0,9,0,9,10,0,0,0,0,0,0,0,0,0,0,0,0
011250101042028,27,0,27,26,0,0,0,0,0,0,1,0,0,1,0,0,23,0,23,21,0,0,0,0,0,0,1,0,0,1,0,0
011250101042027,23,0,24,25,0,0,0,0,0,0,0,0,0,0,0,0,22,0,22,23,0,0,0,0,0,0,0,0,0,0,0,0
011250101042026,22,0,22,23,0,0,0,0,0,0,0,0,0,0,0,0,20,0,21,21,0,0,0,0,0,0,0,0,0,0,0,0
011250101042025,48,0,47,48,0,0,0,0,0,0,0,0,0,0,0,0,41,0,40,44,0,0,0,0,0,0,0,1,0,0,0,0
011250101042024,14,0,15,15,0,0,0,0,0,0,0,0,0,0,0,0,12,0,12,14,0,0,0,0,0,0,0,0,0,0,0,0
011250101042023,126,0,124,134,0,0,0,0,0,0,0,0,0,0,0,0,108,0,106,113,0,0,0,0,0,0,0,1,0,0,0,0
011250101042022,0,0,0,0,0,0,0,0,0,0,0,0,0,0,0,0,0,0,0,0,0,0,0,0,0,0,0,0,0,0,0,0
011250101042021,0,0,0,0,0,0,0,0,0,0,0,0,0,0,0,0,0,0,0,0,0,0,0,0,0,0,0,0,0,0,0,0
011250101042020,44,0,45,38,0,0,0,0,0,0,0,0,0,0,0,0,30,0,30,21,0,0,0,0,0,0,1,0,0,0,0,0
011250101042019,0,0,0,0,0,0,0,0,0,0,0,0,0,0,0,0,0,0,0,0,0,0,0,0,0,0,0,0,0,0,0,0
011250101042018,81,0,82,92,0,0,0,0,0,0,0,0,0,0,0,0,62,0,63,70,0,0,0,0,0,0,0,1,0,0,0,0
011250101042017,10,0,10,5,0,0,0,0,0,0,0,0,0,1,0,0,7,0,7,4,0,0,0,0,0,0,0,0,0,1,0,0
011250101042016,102,0,103,98,0,0,0,0,0,0,0,0,0,0,0,0,78,0,79,71,0,0,0,0,0,0,0,1,0,0,0,0
011250101042015,150,0,148,159,0,0,0,0,0,0,1,0,0,0,0,0,124,0,122,130,0,0,0,0,0,0,1,1,0,0,0,0
011250101042014,0,0,0,0,0,0,0,0,0,0,0,0,0,0,0,0,0,0,0,0,0,0,0,0,0,0,0,0,0,0,0,0
011250101042013,0,0,0,0,0,0,0,0,0,0,0,0,0,0,0,0,0,0,0,0,0,0,0,0,0,0,0,0,0,0,0,0
011250101042012,0,0,0,0,0,0,0,0,0,0,0,0,0,0,0,0,0,0,0,0,0,0,0,0,0,0,0,0,0,0,0,0
011250101042011,4,0,4,2,0,0,0,0,0,0,0,0,0,0,0,0,3,0,3,2,0,0,0,0,0,0,0,0,0,0,0,0
011250101042010,0,0,0,0,0,0,0,0,0,0,0,0,0,0,0,0,0,0,0,0,0,0,0,0,0,0,0,0,0,0,0,0
011250101042009,0,0,0,0,0,0,0,0,0,0,0,0,0,0,0,0,0,0,0,0,0,0,0,0,0,0,0,0,0,0,0,0
011250101042008,0,0,0,0,0,0,0,0,0,0,0,0,0,0,0,0,0,0,0,0,0,0,0,0,0,0,0,0,0,0,0,0
011250101042007,210,0,212,227,0,0,0,0,0,0,0,0,0,0,0,0,157,0,158,170,0,0,0,0,0,0,0,2,0,0,0,0
011250101042006,0,0,0,0,0,0,0,0,0,0,0,0,0,0,0,0,0,0,0,0,0,0,0,0,0,0,0,0,0,0,0,0
011250101042005,0,0,0,0,0,0,0,0,0,0,0,0,0,0,0,0,0,0,0,0,0,0,0,0,0,0,0,0,0,0,0,0
011250101042004,0,0,0,0,0,0,0,0,0,0,0,0,0,0,0,0,0,0,0,0,0,0,0,0,0,0,0,0,0,0,0,0
011250101042003,12,0,12,12,0,0,0,0,0,0,0,0,0,0,0,0,6,0,7,6,0,0,0,0,0,0,0,0,0,0,0,0
011250101042002,0,0,0,0,0,0,0,0,0,0,0,0,0,0,0,0,0,0,0,0,0,0,0,0,0,0,0,0,0,0,0,0
011250101042001,0,0,0,0,0,0,0,0,0,0,0,0,0,0,0,0,0,0,0,0,0,0,0,0,0,0,0,0,0,0,0,0
011250101042000,44,0,45,49,0,0,0,0,0,0,0,0,0,0,0,0,30,0,30,34,0,0,0,0,0,0,0,0,0,0,0,0
011250101041083,17,0,16,16,0,0,0,0,0,0,0,0,0,1,0,0,10,0,8,8,0,0,0,0,0,0,0,0,0,1,0,0
011250101041082,53,0,53,48,0,0,0,0,0,0,3,0,0,2,0,0,40,0,41,36,0,0,0,0,0,0,3,0,0,3,0,0
011250101041081,40,0,41,40,0,0,0,0,0,0,0,0,0,0,0,0,30,0,30,28,0,0,0,0,0,0,0,0,0,0,0,0
011250101041080,0,0,0,0,0,0,0,0,0,0,0,0,0,0,0,0,0,0,0,0,0,0,0,0,0,0,0,0,0,0,0,0
011250101041079,117,0,119,123,0,0,0,0,0,0,0,0,0,0,0,0,87,0,88,92,0,0,0,0,0,0,0,0,0,0,0,0
011250101041078,47,0,45,44,0,0,0,0,0,0,0,0,0,0,0,0,33,0,32,30,0,0,0,0,0,0,0,0,0,0,0,0
011250101041077,45,0,46,48,0,0,0,0,0,0,0,0,0,0,0,0,35,0,36,37,0,0,0,0,0,0,0,0,0,0,0,0
011250101041076,56,0,57,58,0,0,0,0,0,0,0,0,0,0,0,0,37,0,37,38,0,0,0,0,0,0,0,0,0,0,0,0
011250101041075,0,0,0,0,0,0,0,0,0,0,0,0,0,0,0,0,0,0,0,0,0,0,0,0,0,0,0,0,0,0,0,0
011250101041074,0,0,0,0,0,0,0,0,0,0,0,0,0,0,0,0,0,0,0,0,0,0,0,0,0,0,0,0,0,0,0,0
011250101041073,3,0,1,0,0,0,0,0,0,0,1,0,0,1,0,0,2,0,1,0,0,0,0,0,0,0,1,0,0,1,0,0
011250101041072,4,0,2,2,0,0,0,0,0,0,0,0,0,0,0,0,1,0,1,1,0,0,0,0,0,0,0,0,0,0,0,0
011250101041071,13,0,11,10,0,0,0,0,0,0,0,0,0,0,0,0,12,0,10,9,0,0,0,0,0,0,0,0,0,0,0,0
011250101041070,6,0,6,3,0,0,0,0,0,0,1,0,0,1,0,0,3,0,3,3,0,0,0,0,0,0,0,0,0,0,0,0
011250101041069,6,0,6,6,0,0,0,0,0,0,0,0,0,0,0,0,5,0,6,6,0,0,0,0,0,0,0,0,0,0,0,0
011250101041068,16,0,15,12,0,0,0,0,0,0,0,0,0,0,0,0,12,0,10,8,0,0,0,0,0,0,0,0,0,0,0,0
011250101041067,7,0,7,6,0,0,0,0,0,0,0,0,0,0,0,0,5,0,5,5,0,0,0,0,0,0,0,0,0,1,0,0
011250101041066,35,0,33,32,0,0,0,0,0,0,0,0,0,0,0,0,24,0,22,23,0,0,0,0,0,0,0,0,0,0,0,0
011250101041065,5,0,5,2,0,0,0,0,0,0,0,0,0,0,0,0,4,0,5,2,0,0,0,0,0,0,0,0,0,0,0,0
011250101041064,9,0,9,8,0,0,0,0,0,0,0,0,0,0,0,0,6,0,6,6,0,0,0,0,0,0,1,0,0,0,0,0
011250101041063,65,0,66,69,0,0,0,0,0,0,0,0,0,0,0,0,47,0,47,48,0,0,0,0,0,0,0,0,0,0,0,0
011250101041062,14,0,13,8,0,0,0,0,0,0,0,0,0,0,0,0,13,0,12,8,0,0,0,0,0,0,0,0,0,0,0,0
011250101041061,58,0,59,52,0,0,0,0,0,0,2,0,0,2,0,0,31,0,32,27,0,0,0,0,0,0,3,0,0,2,0,0
011250101041060,189,0,191,200,0,0,0,0,0,0,0,0,0,0,0,0,119,0,120,125,0,0,0,0,0,0,0,0,0,0,0,0
011250101041059,54,0,55,57,0,0,0,0,0,0,0,0,0,0,0,0,42,0,43,45,0,0,0,0,0,0,0,0,0,0,0,0
011250101041058,17,0,18,19,0,0,0,0,0,0,0,0,0,0,0,0,12,0,13,13,0,0,0,0,0,0,0,0,0,0,0,0
011250101041057,42,0,41,34,0,0,0,0,0,0,0,0,0,0,0,0,30,0,30,26,0,0,0,0,0,0,0,0,0,0,0,0
011250101041056,8,0,8,5,0,0,0,0,0,0,1,0,0,1,0,0,7,0,7,5,0,0,0,0,0,0,1,0,0,1,0,0
011250101041055,56,0,57,56,0,0,0,0,0,0,1,0,0,1,0,0,42,0,43,42,0,0,0,0,0,0,1,0,0,1,0,0
011250101041054,0,0,0,0,0,0,0,0,0,0,0,0,0,0,0,0,0,0,0,0,0,0,0,0,0,0,0,0,0,0,0,0
011250101041053,9,0,9,8,0,0,0,0,0,0,0,0,0,0,0,0,4,0,4,3,0,0,0,0,0,0,0,0,0,0,0,0
011250101041052,16,0,16,16,0,0,0,0,0,0,0,0,0,0,0,0,9,0,9,8,0,0,0,0,0,0,1,0,0,0,0,0
011250101041051,12,0,12,11,0,0,0,0,0,0,0,0,0,0,0,0,11,0,11,10,0,0,0,0,0,0,0,0,0,0,0,0
011250101041050,19,0,19,19,0,0,0,0,0,0,0,0,0,0,0,0,12,0,13,12,0,0,0,0,0,0,0,0,0,0,0,0
011250101041049,18,0,19,19,0,0,0,0,0,0,0,0,0,0,0,0,12,0,12,11,0,0,0,0,0,0,0,0,0,0,0,0
011250101041048,69,0,70,74,0,0,0,0,0,0,0,0,0,0,0,0,54,0,55,57,0,0,0,0,0,0,0,0,0,0,0,0
011250101041047,38,0,39,40,0,0,0,0,0,0,0,0,0,0,0,0,21,0,22,23,0,0,0,0,0,0,0,0,0,0,0,0
011250101041046,40,0,41,42,0,0,0,0,0,0,0,0,0,0,0,0,30,0,31,31,0,0,0,0,0,0,0,0,0,0,0,0
011250101041045,27,0,28,28,0,0,0,0,0,0,0,0,0,0,0,0,20,0,20,20,0,0,0,0,0,0,0,0,0,0,0,0
011250101041044,10,0,10,10,0,0,0,0,0,0,0,0,0,0,0,0,9,0,9,9,0,0,0,0,0,0,0,0,0,0,0,0
011250101041043,74,0,75,79,0,0,0,0,0,0,0,0,0,0,0,0,53,0,54,56,0,0,0,0,0,0,0,0,0,0,0,0
011250101041042,0,0,0,0,0,0,0,0,0,0,0,0,0,0,0,0,0,0,0,0,0,0,0,0,0,0,0,0,0,0,0,0
011250101041041,0,0,0,0,0,0,0,0,0,0,0,0,0,0,0,0,0,0,0,0,0,0,0,0,0,0,0,0,0,0,0,0
011250101041040,0,0,0,0,0,0,0,0,0,0,0,0,0,0,0,0,0,0,0,0,0,0,0,0,0,0,0,0,0,0,0,0
011250101041039,54,0,55,55,0,0,0,0,0,0,0,0,0,0,0,0,37,0,37,38,0,0,0,0,0,0,0,0,0,0,0,0
011250101041038,53,0,54,50,0,0,0,0,0,0,1,0,0,2,0,0,39,0,39,35,0,0,0,0,0,0,1,0,0,2,0,0
011250101041037,61,0,60,63,0,0,0,0,0,0,0,0,0,0,0,0,38,0,38,39,0,0,0,0,0,0,0,0,0,0,0,0
011250101041036,15,0,13,14,0,0,0,0,0,0,0,0,0,0,0,0,7,0,5,6,0,0,0,0,0,0,0,0,0,0,0,0
011250101041035,9,0,9,9,0,0,0,0,0,0,0,0,0,0,0,0,6,0,6,7,0,0,0,0,0,0,0,0,0,0,0,0
011250101041034,7,0,7,7,0,0,0,0,0,0,0,0,0,0,0,0,6,0,6,7,0,0,0,0,0,0,0,0,0,0,0,0
011250101041033,11,0,7,6,0,0,0,0,0,0,0,0,0,0,0,0,8,0,6,6,0,0,0,0,0,0,0,0,0,0,0,0
011250101041032,6,0,6,5,0,0,0,0,0,0,0,0,0,0,0,0,3,0,3,2,0,0,0,0,0,0,0,0,0,0,0,0
011250101041031,0,0,0,0,0,0,0,0,0,0,0,0,0,0,0,0,0,0,0,0,0,0,0,0,0,0,0,0,0,0,0,0
011250101041030,4,0,4,2,0,0,0,0,0,0,1,0,0,1,0,0,4,0,4,2,0,0,0,0,0,0,1,0,0,1,0,0
011250101041029,116,0,118,124,0,0,0,0,0,0,0,0,0,0,0,0,72,0,73,76,0,0,0,0,0,0,0,0,0,0,0,0
011250101041028,100,0,101,103,0,0,0,0,0,0,1,0,0,1,0,0,63,0,64,64,0,0,0,0,0,0,1,0,0,1,0,0
011250101041027,0,0,0,0,0,0,0,0,0,0,0,0,0,0,0,0,0,0,0,0,0,0,0,0,0,0,0,0,0,0,0,0
011250101041026,0,0,0,0,0,0,0,0,0,0,0,0,0,0,0,0,0,0,0,0,0,0,0,0,0,0,0,0,0,0,0,0
011250101041025,3,0,3,3,0,0,0,0,0,0,0,0,0,0,0,0,3,0,3,3,0,0,0,0,0,0,0,0,0,0,0,0
011250101041024,0,0,0,0,0,0,0,0,0,0,0,0,0,0,0,0,0,0,0,0,0,0,0,0,0,0,0,0,0,0,0,0
011250101041023,7,0,6,6,0,0,0,0,0,0,0,0,0,0,0,0,6,0,5,6,0,0,0,0,0,0,0,0,0,0,0,0
011250101041022,28,0,29,30,0,0,0,0,0,0,0,0,0,0,0,0,22,0,23,24,0,0,0,0,0,0,0,0,0,0,0,0
011250101041021,16,0,16,17,0,0,0,0,0,0,0,0,0,0,0,0,14,0,15,15,0,0,0,0,0,0,0,0,0,0,0,0
011250101041020,6,0,5,2,0,0,0,0,0,0,0,0,0,0,0,0,3,0,2,2,0,0,0,0,0,0,0,0,0,0,0,0
011250101041019,59,0,59,63,0,0,0,0,0,0,0,0,0,0,0,0,43,0,44,45,0,0,0,0,0,0,0,0,0,0,0,0
011250101041018,18,0,18,19,0,0,0,0,0,0,0,0,0,0,0,0,11,0,10,10,0,0,0,0,0,0,0,0,0,0,0,0
011250101041017,1,0,1,0,0,0,0,0,0,0,0,0,0,0,0,0,0,0,0,0,0,0,0,0,0,0,0,0,0,0,0,0
011250101041016,11,0,9,8,0,0,0,0,0,0,0,0,0,0,0,0,10,0,8,8,0,0,0,0,0,0,0,0,0,0,0,0
011250101041015,14,0,14,15,0,0,0,0,0,0,0,0,0,0,0,0,7,0,7,8,0,0,0,0,0,0,0,0,0,0,0,0
011250101041014,22,0,23,22,0,0,0,0,0,0,0,0,0,0,0,0,19,0,19,19,0,0,0,0,0,0,0,0,0,0,0,0
011250101041013,14,0,14,14,0,0,0,0,0,0,0,0,0,0,0,0,7,0,7,7,0,0,0,0,0,0,0,0,0,0,0,0
011250101041012,36,0,36,32,0,0,0,0,0,0,2,0,0,1,0,0,19,0,18,19,0,0,0,0,0,0,0,0,0,0,0,0
011250101041011,0,0,0,0,0,0,0,0,0,0,0,0,0,0,0,0,0,0,0,0,0,0,0,0,0,0,0,0,0,0,0,0
011250101041010,0,0,0,0,0,0,0,0,0,0,0,0,0,0,0,0,0,0,0,0,0,0,0,0,0,0,0,0,0,0,0,0
011250101041009,0,0,0,0,0,0,0,0,0,0,0,0,0,0,0,0,0,0,0,0,0,0,0,0,0,0,0,0,0,0,0,0
011250101041008,13,0,13,13,0,0,0,0,0,0,0,0,0,0,0,0,12,0,12,11,0,0,0,0,0,0,0,0,0,0,0,0
011250101041007,0,0,0,0,0,0,0,0,0,0,0,0,0,0,0,0,0,0,0,0,0,0,0,0,0,0,0,0,0,0,0,0
011250101041006,31,0,32,29,0,0,0,0,0,0,1,0,0,1,0,0,22,0,23,20,0,0,0,0,0,0,1,0,0,1,0,0
011250101041005,0,0,0,0,0,0,0,0,0,0,0,0,0,0,0,0,0,0,0,0,0,0,0,0,0,0,0,0,0,0,0,0
011250101041004,0,0,0,0,0,0,0,0,0,0,0,0,0,0,0,0,0,0,0,0,0,0,0,0,0,0,0,0,0,0,0,0
011250101041003,0,0,0,0,0,0,0,0,0,0,0,0,0,0,0,0,0,0,0,0,0,0,0,0,0,0,0,0,0,0,0,0
011250101041002,1,0,0,0,0,0,0,0,0,0,0,0,0,0,0,0,0,0,0,0,0,0,0,0,0,0,0,0,0,0,0,0
011250101041001,0,0,0,0,0,0,0,0,0,0,0,0,0,0,0,0,0,0,0,0,0,0,0,0,0,0,0,0,0,0,0,0
011250101041000,0,0,0,0,0,0,0,0,0,0,0,0,0,0,0,0,0,0,0,0,0,0,0,0,0,0,0,0,0,0,0,0
011250101023194,0,0,0,0,0,0,0,0,0,0,0,0,0,0,0,0,0,0,0,0,0,0,0,0,0,0,0,0,0,0,0,0
011250101023193,0,0,0,0,0,0,0,0,0,0,0,0,0,0,0,0,0,0,0,0,0,0,0,0,0,0,0,0,0,0,0,0
011250101023192,0,0,0,0,0,0,0,0,0,0,0,0,0,0,0,0,0,0,0,0,0,0,0,0,0,0,0,0,0,0,0,0
011250101023191,0,0,0,0,0,0,0,0,0,0,0,0,0,0,0,0,0,0,0,0,0,0,0,0,0,0,0,0,0,0,0,0
011250101023190,11,0,11,9,0,0,0,0,0,0,0,0,0,0,0,0,8,0,8,6,0,0,0,0,0,0,0,0,0,0,0,0
011250101023189,0,0,0,0,0,0,0,0,0,0,0,0,0,0,0,0,0,0,0,0,0,0,0,0,0,0,0,0,0,0,0,0
011250101023188,0,0,0,0,0,0,0,0,0,0,0,0,0,0,0,0,0,0,0,0,0,0,0,0,0,0,0,0,0,0,0,0
011250101023187,0,0,0,0,0,0,0,0,0,0,0,0,0,0,0,0,0,0,0,0,0,0,0,0,0,0,0,0,0,0,0,0
011250101023186,0,0,0,0,0,0,0,0,0,0,0,0,0,0,0,0,0,0,0,0,0,0,0,0,0,0,0,0,0,0,0,0
011250101023185,0,0,0,0,0,0,0,0,0,0,0,0,0,0,0,0,0,0,0,0,0,0,0,0,0,0,0,0,0,0,0,0
011250101023184,4,0,4,4,0,0,0,0,0,0,0,0,0,0,0,0,4,0,4,4,0,0,0,0,0,0,0,0,0,0,0,0
011250101023183,18,0,17,18,0,0,0,0,0,0,0,0,0,0,0,0,12,0,12,13,0,0,0,0,0,0,0,0,0,0,0,0
011250101023182,0,0,0,0,0,0,0,0,0,0,0,0,0,0,0,0,0,0,0,0,0,0,0,0,0,0,0,0,0,0,0,0
011250101023181,0,0,0,0,0,0,0,0,0,0,0,0,0,0,0,0,0,0,0,0,0,0,0,0,0,0,0,0,0,0,0,0
011250101023180,10,0,8,9,0,0,0,0,0,0,0,0,0,0,0,0,7,0,7,7,0,0,0,0,0,0,0,0,0,0,0,0
011250101023179,0,0,0,0,0,0,0,0,0,0,0,0,0,0,0,0,0,0,0,0,0,0,0,0,0,0,0,0,0,0,0,0
011250101023178,0,0,0,0,0,0,0,0,0,0,0,0,0,0,0,0,0,0,0,0,0,0,0,0,0,0,0,0,0,0,0,0
011250101023177,26,0,26,27,0,0,0,0,0,0,0,0,0,0,0,0,20,0,20,21,0,0,0,0,0,0,0,0,0,0,0,0
011250101023176,4,0,5,4,0,0,0,0,0,0,0,0,0,0,0,0,5,0,5,4,0,0,0,0,0,0,0,0,0,0,0,0
011250101023175,13,0,13,13,0,0,0,0,0,0,0,0,0,0,0,0,6,0,6,7,0,0,0,0,0,0,0,0,0,0,0,0
011250101023174,3,0,3,3,0,0,0,0,0,0,0,0,0,0,0,0,3,0,3,3,0,0,0,0,0,0,0,0,0,0,0,0
011250101023173,2,0,2,2,0,0,0,0,0,0,0,0,0,0,0,0,2,0,2,2,0,0,0,0,0,0,0,0,0,0,0,0
011250101023171,28,0,28,30,0,0,0,0,0,0,0,0,0,0,0,0,21,0,22,23,0,0,0,0,0,0,0,0,0,0,0,0
011250101023170,0,0,0,0,0,0,0,0,0,0,0,0,0,0,0,0,0,0,0,0,0,0,0,0,0,0,0,0,0,0,0,0
011250101023169,0,0,0,0,0,0,0,0,0,0,0,0,0,0,0,0,0,0,0,0,0,0,0,0,0,0,0,0,0,0,0,0
011250101023168,0,0,0,0,0,0,0,0,0,0,0,0,0,0,0,0,0,0,0,0,0,0,0,0,0,0,0,0,0,0,0,0
011250101023167,28,0,28,29,0,0,0,0,0,0,0,0,0,0,0,0,28,0,29,30,0,0,0,0,0,0,0,0,0,0,0,0
011250101023166,0,0,0,0,0,0,0,0,0,0,0,0,0,0,0,0,0,0,0,0,0,0,0,0,0,0,0,0,0,0,0,0
011250101023165,0,0,0,0,0,0,0,0,0,0,0,0,0,0,0,0,0,0,0,0,0,0,0,0,0,0,0,0,0,0,0,0
011250101023164,0,0,0,0,0,0,0,0,0,0,0,0,0,0,0,0,0,0,0,0,0,0,0,0,0,0,0,0,0,0,0,0
011250101023163,1,0,1,1,0,0,0,0,0,0,0,0,0,0,0,0,0,0,0,0,0,0,0,0,0,0,0,0,0,0,0,0
011250101023162,0,0,0,0,0,0,0,0,0,0,0,0,0,0,0,0,0,0,0,0,0,0,0,0,0,0,0,0,0,0,0,0
011250101023161,0,0,0,0,0,0,0,0,0,0,0,0,0,0,0,0,0,0,0,0,0,0,0,0,0,0,0,0,0,0,0,0
011250101023160,0,0,0,0,0,0,0,0,0,0,0,0,0,0,0,0,0,0,0,0,0,0,0,0,0,0,0,0,0,0,0,0
011250101023159,0,0,0,0,0,0,0,0,0,0,0,0,0,0,0,0,0,0,0,0,0,0,0,0,0,0,0,0,0,0,0,0
011250101023158,0,0,0,0,0,0,0,0,0,0,0,0,0,0,0,0,0,0,0,0,0,0,0,0,0,0,0,0,0,0,0,0
011250101023157,0,0,0,0,0,0,0,0,0,0,0,0,0,0,0,0,0,0,0,0,0,0,0,0,0,0,0,0,0,0,0,0
011250101023156,1,0,1,1,0,0,0,0,0,0,0,0,0,0,0,0,0,0,0,0,0,0,0,0,0,0,0,0,0,0,0,0
011250101023155,0,0,0,0,0,0,0,0,0,0,0,0,0,0,0,0,0,0,0,0,0,0,0,0,0,0,0,0,0,0,0,0
011250101023154,3,0,3,3,0,0,0,0,0,0,0,0,0,0,0,0,3,0,3,3,0,0,0,0,0,0,0,0,0,0,0,0
011250101023153,0,0,0,0,0,0,0,0,0,0,0,0,0,0,0,0,0,0,0,0,0,0,0,0,0,0,0,0,0,0,0,0
011250101023152,0,0,0,0,0,0,0,0,0,0,0,0,0,0,0,0,0,0,0,0,0,0,0,0,0,0,0,0,0,0,0,0
011250101023151,0,0,0,0,0,0,0,0,0,0,0,0,0,0,0,0,0,0,0,0,0,0,0,0,0,0,0,0,0,0,0,0
011250101023150,1,0,2,1,0,0,0,0,0,0,0,0,0,0,0,0,1,0,1,1,0,0,0,0,0,0,0,0,0,0,0,0
011250101023149,0,0,0,0,0,0,0,0,0,0,0,0,0,0,0,0,0,0,0,0,0,0,0,0,0,0,0,0,0,0,0,0
011250101023148,0,0,0,0,0,0,0,0,0,0,0,0,0,0,0,0,0,0,0,0,0,0,0,0,0,0,0,0,0,0,0,0
011250101023147,0,0,0,0,0,0,0,0,0,0,0,0,0,0,0,0,0,0,0,0,0,0,0,0,0,0,0,0,0,0,0,0
011250101023146,0,0,0,0,0,0,0,0,0,0,0,0,0,0,0,0,0,0,0,0,0,0,0,0,0,0,0,0,0,0,0,0
011250101023145,0,0,0,0,0,0,0,0,0,0,0,0,0,0,0,0,0,0,0,0,0,0,0,0,0,0,0,0,0,0,0,0
011250101023144,0,0,0,0,0,0,0,0,0,0,0,0,0,0,0,0,0,0,0,0,0,0,0,0,0,0,0,0,0,0,0,0
011250101023143,4,0,4,3,0,0,0,0,0,0,0,0,0,0,0,0,0,0,0,0,0,0,0,0,0,0,0,0,0,0,0,0
011250101023142,6,0,6,6,0,0,0,0,0,0,0,0,0,0,0,0,6,0,6,7,0,0,0,0,0,0,0,0,0,0,0,0
011250101023141,0,0,0,0,0,0,0,0,0,0,0,0,0,0,0,0,0,0,0,0,0,0,0,0,0,0,0,0,0,0,0,0
011250101023140,7,0,7,7,0,0,0,0,0,0,0,0,0,0,0,0,8,0,7,7,0,0,0,0,0,0,0,0,0,0,0,0
011250101023139,0,0,0,0,0,0,0,0,0,0,0,0,0,0,0,0,0,0,0,0,0,0,0,0,0,0,0,0,0,0,0,0
011250101023138,18,0,19,17,0,0,0,0,0,0,0,0,0,0,0,0,17,0,17,16,0,0,0,0,0,0,0,0,0,0,0,0
011250101023137,0,0,0,0,0,0,0,0,0,0,0,0,0,0,0,0,0,0,0,0,0,0,0,0,0,0,0,0,0,0,0,0
011250101023136,0,0,0,0,0,0,0,0,0,0,0,0,0,0,0,0,0,0,0,0,0,0,0,0,0,0,0,0,0,0,0,0
011250101023135,0,0,0,0,0,0,0,0,0,0,0,0,0,0,0,0,0,0,0,0,0,0,0,0,0,0,0,0,0,0,0,0
011250101023134,0,0,0,0,0,0,0,0,0,0,0,0,0,0,0,0,0,0,0,0,0,0,0,0,0,0,0,0,0,0,0,0
011250101023133,0,0,0,0,0,0,0,0,0,0,0,0,0,0,0,0,0,0,0,0,0,0,0,0,0,0,0,0,0,0,0,0
011250101023132,0,0,0,0,0,0,0,0,0,0,0,0,0,0,0,0,0,0,0,0,0,0,0,0,0,0,0,0,0,0,0,0
011250101023131,0,0,0,0,0,0,0,0,0,0,0,0,0,0,0,0,0,0,0,0,0,0,0,0,0,0,0,0,0,0,0,0
011250101023130,0,0,0,0,0,0,0,0,0,0,0,0,0,0,0,0,0,0,0,0,0,0,0,0,0,0,0,0,0,0,0,0
011250101023129,0,0,0,0,0,0,0,0,0,0,0,0,0,0,0,0,0,0,0,0,0,0,0,0,0,0,0,0,0,0,0,0
011250101023128,0,0,0,0,0,0,0,0,0,0,0,0,0,0,0,0,0,0,0,0,0,0,0,0,0,0,0,0,0,0,0,0
011250101023127,0,0,0,0,0,0,0,0,0,0,0,0,0,0,0,0,0,0,0,0,0,0,0,0,0,0,0,0,0,0,0,0
011250101023126,0,0,0,0,0,0,0,0,0,0,0,0,0,0,0,0,0,0,0,0,0,0,0,0,0,0,0,0,0,0,0,0
011250101023125,0,0,0,0,0,0,0,0,0,0,0,0,0,0,0,0,0,0,0,0,0,0,0,0,0,0,0,0,0,0,0,0
011250101023124,0,0,0,0,0,0,0,0,0,0,0,0,0,0,0,0,0,0,0,0,0,0,0,0,0,0,0,0,0,0,0,0
011250101023123,0,0,0,0,0,0,0,0,0,0,0,0,0,0,0,0,0,0,0,0,0,0,0,0,0,0,0,0,0,0,0,0
011250101023122,0,0,0,0,0,0,0,0,0,0,0,0,0,0,0,0,0,0,0,0,0,0,0,0,0,0,0,0,0,0,0,0
011250101023120,0,0,0,0,0,0,0,0,0,0,0,0,0,0,0,0,0,0,0,0,0,0,0,0,0,0,0,0,0,0,0,0
011250101023119,0,0,0,0,0,0,0,0,0,0,0,0,0,0,0,0,0,0,0,0,0,0,0,0,0,0,0,0,0,0,0,0
011250101023118,0,0,0,0,0,0,0,0,0,0,0,0,0,0,0,0,0,0,0,0,0,0,0,0,0,0,0,0,0,0,0,0
011250101023117,0,0,0,0,0,0,0,0,0,0,0,0,0,0,0,0,0,0,0,0,0,0,0,0,0,0,0,0,0,0,0,0
011250101023116,0,0,0,0,0,0,0,0,0,0,0,0,0,0,0,0,0,0,0,0,0,0,0,0,0,0,0,0,0,0,0,0
011250101023115,0,0,0,0,0,0,0,0,0,0,0,0,0,0,0,0,0,0,0,0,0,0,0,0,0,0,0,0,0,0,0,0
011250101023114,0,0,0,0,0,0,0,0,0,0,0,0,0,0,0,0,0,0,0,0,0,0,0,0,0,0,0,0,0,0,0,0
011250101023113,0,0,0,0,0,0,0,0,0,0,0,0,0,0,0,0,0,0,0,0,0,0,0,0,0,0,0,0,0,0,0,0
011250101023112,0,0,0,0,0,0,0,0,0,0,0,0,0,0,0,0,0,0,0,0,0,0,0,0,0,0,0,0,0,0,0,0
011250101023111,0,0,0,0,0,0,0,0,0,0,0,0,0,0,0,0,0,0,0,0,0,0,0,0,0,0,0,0,0,0,0,0
011250101023109,0,0,0,0,0,0,0,0,0,0,0,0,0,0,0,0,0,0,0,0,0,0,0,0,0,0,0,0,0,0,0,0
011250101023108,18,0,17,18,0,0,0,0,0,0,0,0,0,0,0,0,11,0,11,11,0,0,0,0,0,0,0,0,0,0,0,0
011250101023107,1,0,0,0,0,0,0,0,0,0,0,0,0,0,0,0,2,0,0,0,0,0,0,0,0,0,0,0,0,0,0,0
011250101023106,1,0,1,0,0,0,0,0,0,0,0,0,0,0,0,0,0,0,0,0,0,0,0,0,0,0,0,0,0,0,0,0
011250101023104,7,0,7,8,0,0,0,0,0,0,0,0,0,0,0,0,7,0,7,7,0,0,0,0,0,0,0,0,0,0,0,0
011250101023103,0,0,0,0,0,0,0,0,0,0,0,0,0,0,0,0,0,0,0,0,0,0,0,0,0,0,0,0,0,0,0,0
011250101023102,0,0,0,0,0,0,0,0,0,0,0,0,0,0,0,0,0,0,0,0,0,0,0,0,0,0,0,0,0,0,0,0
011250101023101,0,0,0,0,0,0,0,0,0,0,0,0,0,0,0,0,0,0,0,0,0,0,0,0,0,0,0,0,0,0,0,0
011250101023100,85,0,88,89,0,0,0,0,0,0,0,0,0,0,0,0,68,0,69,70,0,0,0,0,0,0,0,0,0,0,0,0
011250101023099,0,0,0,0,0,0,0,0,0,0,0,0,0,0,0,0,0,0,0,0,0,0,0,0,0,0,0,0,0,0,0,0
011250101023098,0,0,0,0,0,0,0,0,0,0,0,0,0,0,0,0,0,0,0,0,0,0,0,0,0,0,0,0,0,0,0,0
011250101023096,1,0,2,1,0,0,0,0,0,0,0,0,0,0,0,0,2,0,2,2,0,0,0,0,0,0,0,0,0,0,0,0
011250101023095,0,0,0,0,0,0,0,0,0,0,0,0,0,0,0,0,0,0,0,0,0,0,0,0,0,0,0,0,0,0,0,0
011250101023092,2,0,2,1,0,0,0,0,0,0,0,0,0,0,0,0,2,0,2,2,0,0,0,0,0,0,0,0,0,0,0,0
011250101023091,20,0,21,19,0,0,0,0,0,0,0,0,0,0,0,0,17,0,17,18,0,0,0,0,0,0,0,0,0,0,0,0
011250101023090,10,0,9,9,0,0,0,0,0,0,0,0,0,0,0,0,5,0,5,4,0,0,0,0,0,0,0,0,0,0,0,0
011250101023089,0,0,0,0,0,0,0,0,0,0,0,0,0,0,0,0,0,0,0,0,0,0,0,0,0,0,0,0,0,0,0,0
011250101023087,0,0,0,0,0,0,0,0,0,0,0,0,0,0,0,0,0,0,0,0,0,0,0,0,0,0,0,0,0,0,0,0
011250101023086,8,0,7,7,0,0,0,0,0,0,0,0,0,0,0,0,5,0,4,4,0,0,0,0,0,0,0,0,0,0,0,0
011250101023085,4,0,5,1,0,0,0,0,0,0,0,0,0,0,0,0,5,0,5,1,0,0,0,0,0,0,0,0,0,0,0,0
011250101023084,35,0,35,37,0,0,0,0,0,0,0,0,0,0,0,0,29,0,29,30,0,0,0,0,0,0,0,0,0,0,0,0
011250101023083,4,0,1,1,0,0,0,0,0,0,0,0,0,0,0,0,1,0,0,0,0,0,0,0,0,0,0,0,0,0,0,0
011250101023082,61,0,61,63,0,0,6,0,0,0,0,0,0,0,3,0,55,0,54,56,0,0,7,0,0,0,0,0,0,0,2,0
011250101023081,0,0,0,0,0,0,0,0,0,0,0,0,0,0,0,0,0,0,0,0,0,0,0,0,0,0,0,0,0,0,0,0
011250101023080,0,0,0,0,0,0,0,0,0,0,0,0,0,0,0,0,0,0,0,0,0,0,0,0,0,0,0,0,0,0,0,0
011250101023079,0,0,0,0,0,0,0,0,0,0,0,0,0,0,0,0,0,0,0,0,0,0,0,0,0,0,0,0,0,0,0,0
011250101023078,0,0,0,0,0,0,0,0,0,0,0,0,0,0,0,0,0,0,0,0,0,0,0,0,0,0,0,0,0,0,0,0
011250101023077,0,0,0,0,0,0,0,0,0,0,0,0,0,0,0,0,0,0,0,0,0,0,0,0,0,0,0,0,0,0,0,0
011250101023076,0,0,0,0,0,0,0,0,0,0,0,0,0,0,0,0,0,0,0,0,0,0,0,0,0,0,0,0,0,0,0,0
011250101023075,0,0,0,0,0,0,0,0,0,0,0,0,0,0,0,0,0,0,0,0,0,0,0,0,0,0,0,0,0,0,0,0
011250101023074,0,0,0,0,0,0,0,0,0,0,0,0,0,0,0,0,0,0,0,0,0,0,0,0,0,0,0,0,0,0,0,0
011250101023073,0,0,0,0,0,0,0,0,0,0,0,0,0,0,0,0,0,0,0,0,0,0,0,0,0,0,0,0,0,0,0,0
011250101023072,0,0,0,0,0,0,0,0,0,0,0,0,0,0,0,0,0,0,0,0,0,0,0,0,0,0,0,0,0,0,0,0
011250101023071,0,0,0,0,0,0,0,0,0,0,0,0,0,0,0,0,0,0,0,0,0,0,0,0,0,0,0,0,0,0,0,0
011250101023070,0,0,0,0,0,0,0,0,0,0,0,0,0,0,0,0,0,0,0,0,0,0,0,0,0,0,0,0,0,0,0,0
011250101023069,0,0,0,0,0,0,0,0,0,0,0,0,0,0,0,0,0,0,0,0,0,0,0,0,0,0,0,0,0,0,0,0
011250101023068,0,0,0,0,0,0,0,0,0,0,0,0,0,0,0,0,0,0,0,0,0,0,0,0,0,0,0,0,0,0,0,0
011250101023067,0,0,0,0,0,0,0,0,0,0,0,0,0,0,0,0,0,0,0,0,0,0,0,0,0,0,0,0,0,0,0,0
011250101023066,0,0,0,0,0,0,0,0,0,0,0,0,0,0,0,0,0,0,0,0,0,0,0,0,0,0,0,0,0,0,0,0
011250101023065,0,0,0,0,0,0,0,0,0,0,0,0,0,0,0,0,0,0,0,0,0,0,0,0,0,0,0,0,0,0,0,0
011250101023064,0,0,0,0,0,0,0,0,0,0,0,0,0,0,0,0,0,0,0,0,0,0,0,0,0,0,0,0,0,0,0,0
011250101023063,0,0,0,0,0,0,0,0,0,0,0,0,0,0,0,0,0,0,0,0,0,0,0,0,0,0,0,0,0,0,0,0
011250101023062,0,0,0,0,0,0,0,0,0,0,0,0,0,0,0,0,0,0,0,0,0,0,0,0,0,0,0,0,0,0,0,0
011250101023061,0,0,0,0,0,0,0,0,0,0,0,0,0,0,0,0,0,0,0,0,0,0,0,0,0,0,0,0,0,0,0,0
011250101023060,7,0,7,7,0,0,0,0,0,0,0,0,0,0,0,0,5,0,5,6,0,0,0,0,0,0,0,0,0,0,0,0
011250101023059,0,0,0,0,0,0,0,0,0,0,0,0,0,0,0,0,0,0,0,0,0,0,0,0,0,0,0,0,0,0,0,0
011250101023058,0,0,0,0,0,0,0,0,0,0,0,0,0,0,0,0,0,0,0,0,0,0,0,0,0,0,0,0,0,0,0,0
011250101023057,0,0,0,0,0,0,0,0,0,0,0,0,0,0,0,0,0,0,0,0,0,0,0,0,0,0,0,0,0,0,0,0
011250101023056,0,0,0,0,0,0,0,0,0,0,0,0,0,0,0,0,0,0,0,0,0,0,0,0,0,0,0,0,0,0,0,0
011250101023055,0,0,0,0,0,0,0,0,0,0,0,0,0,0,0,0,0,0,0,0,0,0,0,0,0,0,0,0,0,0,0,0
011250101023054,4,0,4,3,0,0,0,0,0,0,0,0,0,0,0,0,4,0,4,3,0,0,0,0,0,0,0,0,0,0,0,0
011250101023053,0,0,0,0,0,0,0,0,0,0,0,0,0,0,0,0,0,0,0,0,0,0,0,0,0,0,0,0,0,0,0,0
011250101023052,0,0,0,0,0,0,0,0,0,0,0,0,0,0,0,0,0,0,0,0,0,0,0,0,0,0,0,0,0,0,0,0
011250101023051,0,0,0,0,0,0,0,0,0,0,0,0,0,0,0,0,0,0,0,0,0,0,0,0,0,0,0,0,0,0,0,0
011250101023050,0,0,0,0,0,0,0,0,0,0,0,0,0,0,0,0,0,0,0,0,0,0,0,0,0,0,0,0,0,0,0,0
011250101023049,0,0,0,0,0,0,0,0,0,0,0,0,0,0,0,0,0,0,0,0,0,0,0,0,0,0,0,0,0,0,0,0
011250101023048,0,0,0,0,0,0,0,0,0,0,0,0,0,0,0,0,0,0,0,0,0,0,0,0,0,0,0,0,0,0,0,0
011250101023047,0,0,0,0,0,0,0,0,0,0,0,0,0,0,0,0,0,0,0,0,0,0,0,0,0,0,0,0,0,0,0,0
011250101023046,0,0,0,0,0,0,0,0,0,0,0,0,0,0,0,0,0,0,0,0,0,0,0,0,0,0,0,0,0,0,0,0
011250101023045,3,0,3,3,0,0,0,0,0,0,0,0,0,0,0,0,2,0,2,2,0,0,0,0,0,0,0,0,0,0,0,0
011250101023044,10,0,10,10,0,0,0,0,0,0,0,0,0,0,0,0,8,0,7,7,0,0,0,0,0,0,0,0,0,0,0,0
011250101023043,0,0,0,0,0,0,0,0,0,0,0,0,0,0,0,0,0,0,0,0,0,0,0,0,0,0,0,0,0,0,0,0
011250101023042,0,0,0,0,0,0,0,0,0,0,0,0,0,0,0,0,0,0,0,0,0,0,0,0,0,0,0,0,0,0,0,0
011250101023041,0,0,0,0,0,0,0,0,0,0,0,0,0,0,0,0,0,0,0,0,0,0,0,0,0,0,0,0,0,0,0,0
011250101023040,6,0,6,5,0,0,6,0,0,0,0,0,0,0,3,0,5,0,5,5,0,0,0,0,0,0,0,0,0,0,0,0
011250101023039,0,0,0,0,0,0,0,0,0,0,0,0,0,0,0,0,0,0,0,0,0,0,0,0,0,0,0,0,0,0,0,0
011250101023038,0,0,0,0,0,0,0,0,0,0,0,0,0,0,0,0,0,0,0,0,0,0,0,0,0,0,0,0,0,0,0,0
011250101023037,0,0,0,0,0,0,0,0,0,0,0,0,0,0,0,0,0,0,0,0,0,0,0,0,0,0,0,0,0,0,0,0
011250101023036,0,0,0,0,0,0,0,0,0,0,0,0,0,0,0,0,0,0,0,0,0,0,0,0,0,0,0,0,0,0,0,0
011250101023035,0,0,0,0,0,0,0,0,0,0,0,0,0,0,0,0,0,0,0,0,0,0,0,0,0,0,0,0,0,0,0,0
011250101023034,0,0,0,0,0,0,0,0,0,0,0,0,0,0,0,0,0,0,0,0,0,0,0,0,0,0,0,0,0,0,0,0
011250101023033,0,0,0,0,0,0,0,0,0,0,0,0,0,0,0,0,0,0,0,0,0,0,0,0,0,0,0,0,0,0,0,0
011250101023032,5,0,5,3,0,0,0,0,0,0,0,0,0,0,0,0,4,0,4,2,0,0,0,0,0,0,0,0,0,0,0,0
011250101023031,0,0,0,0,0,0,0,0,0,0,0,0,0,0,0,0,0,0,0,0,0,0,0,0,0,0,0,0,0,0,0,0
011250101023030,0,0,0,0,0,0,0,0,0,0,0,0,0,0,0,0,0,0,0,0,0,0,0,0,0,0,0,0,0,0,0,0
011250101023029,0,0,0,0,0,0,0,0,0,0,0,0,0,0,0,0,0,0,0,0,0,0,0,0,0,0,0,0,0,0,0,0
011250101023028,0,0,0,0,0,0,0,0,0,0,0,0,0,0,0,0,0,0,0,0,0,0,0,0,0,0,0,0,0,0,0,0
011250101023027,0,0,0,0,0,0,0,0,0,0,0,0,0,0,0,0,0,0,0,0,0,0,0,0,0,0,0,0,0,0,0,0
011250101023026,0,0,0,0,0,0,0,0,0,0,0,0,0,0,0,0,0,0,0,0,0,0,0,0,0,0,0,0,0,0,0,0
011250101023025,0,0,0,0,0,0,0,0,0,0,0,0,0,0,0,0,0,0,0,0,0,0,0,0,0,0,0,0,0,0,0,0
011250101023024,0,0,0,0,0,0,0,0,0,0,0,0,0,0,0,0,0,0,0,0,0,0,0,0,0,0,0,0,0,0,0,0
011250101023023,0,0,0,0,0,0,0,0,0,0,0,0,0,0,0,0,0,0,0,0,0,0,0,0,0,0,0,0,0,0,0,0
011250101023022,0,0,0,0,0,0,0,0,0,0,0,0,0,0,0,0,0,0,0,0,0,0,0,0,0,0,0,0,0,0,0,0
011250101023021,0,0,0,0,0,0,0,0,0,0,0,0,0,0,0,0,0,0,0,0,0,0,0,0,0,0,0,0,0,0,0,0
011250101023020,4,0,4,2,0,0,0,0,0,0,0,0,0,0,0,0,2,0,2,1,0,0,0,0,0,0,0,0,0,0,0,0
011250101023019,0,0,0,0,0,0,0,0,0,0,0,0,0,0,0,0,0,0,0,0,0,0,0,0,0,0,0,0,0,0,0,0
011250101023018,0,0,0,0,0,0,0,0,0,0,0,0,0,0,0,0,0,0,0,0,0,0,0,0,0,0,0,0,0,0,0,0
011250101023017,0,0,0,0,0,0,0,0,0,0,0,0,0,0,0,0,0,0,0,0,0,0,0,0,0,0,0,0,0,0,0,0
011250101023016,0,0,0,0,0,0,0,0,0,0,0,0,0,0,0,0,0,0,0,0,0,0,0,0,0,0,0,0,0,0,0,0
011250101023015,12,0,13,13,0,0,0,0,0,0,0,0,0,0,0,0,13,0,13,14,0,0,0,0,0,0,0,0,0,0,0,0
011250101023014,11,0,11,12,0,0,0,0,0,0,0,0,0,0,0,0,9,0,9,10,0,0,0,0,0,0,0,0,0,0,0,0
011250101023012,18,0,18,19,0,0,0,0,0,0,0,0,0,0,0,0,18,0,19,20,0,0,0,0,0,0,0,0,0,0,0,0
011250101023011,3,0,3,2,0,0,0,0,0,0,0,0,0,0,0,0,3,0,3,2,0,0,0,0,0,0,0,0,0,0,0,0
011250101023010,16,0,16,16,0,0,0,0,0,0,0,0,0,0,0,0,12,0,12,13,0,0,0,0,0,0,0,0,0,0,0,0
011250101023009,8,0,8,9,0,0,0,0,0,0,0,0,0,0,0,0,5,0,5,5,0,0,0,0,0,0,0,0,0,0,0,0
011250101023008,10,0,9,9,0,0,0,0,0,0,0,0,0,0,0,0,8,0,7,7,0,0,0,0,0,0,0,0,0,0,0,0
011250101023006,0,0,0,0,0,0,0,0,0,0,0,0,0,0,0,0,0,0,0,0,0,0,0,0,0,0,0,0,0,0,0,0
011250101023005,0,0,0,0,0,0,0,0,0,0,0,0,0,0,0,0,0,0,0,0,0,0,0,0,0,0,0,0,0,0,0,0
011250101023004,8,0,8,9,0,0,0,0,0,0,0,0,0,0,0,0,4,0,4,4,0,0,0,0,0,0,0,0,0,0,0,0
011250101023003,0,0,0,0,0,0,0,0,0,0,0,0,0,0,0,0,0,0,0,0,0,0,0,0,0,0,0,0,0,0,0,0
011250101023002,0,0,0,0,0,0,0,0,0,0,0,0,0,0,0,0,0,0,0,0,0,0,0,0,0,0,0,0,0,0,0,0
011250101023001,0,0,0,0,0,0,0,0,0,0,0,0,0,0,0,0,0,0,0,0,0,0,0,0,0,0,0,0,0,0,0,0
011250101023000,6,0,6,4,0,0,6,0,0,0,0,0,0,0,3,0,5,0,5,4,0,0,0,0,0,0,0,0,0,0,0,0
011250101022081,0,0,0,0,0,0,0,0,0,0,0,0,0,0,0,0,0,0,0,0,0,0,0,0,0,0,0,0,0,0,0,0
011250101022080,47,0,48,46,0,0,0,0,0,0,0,0,0,0,0,0,48,0,48,47,0,0,0,0,0,0,0,0,0,0,0,0
011250101022079,1,0,1,1,0,0,0,0,0,0,0,0,0,0,0,0,0,0,0,0,0,0,0,0,0,0,0,0,0,0,0,0
011250101022078,3,0,3,3,0,0,0,0,0,0,0,0,0,0,0,0,3,0,3,3,0,0,0,0,0,0,0,0,0,0,0,0
011250101022077,0,0,0,0,0,0,0,0,0,0,0,0,0,0,0,0,0,0,0,0,0,0,0,0,0,0,0,0,0,0,0,0
011250101022076,0,0,0,0,0,0,0,0,0,0,0,0,0,0,0,0,0,0,0,0,0,0,0,0,0,0,0,0,0,0,0,0
011250101022075,11,0,10,10,0,0,0,0,0,0,0,0,0,0,0,0,6,0,6,6,0,0,0,0,0,0,0,0,0,0,0,0
011250101022074,16,0,17,17,0,0,0,0,0,0,0,0,0,0,0,0,17,0,17,17,0,0,0,0,0,0,0,0,0,0,0,0
011250101022072,47,0,47,47,0,0,0,0,0,0,0,0,0,0,0,0,35,0,35,35,0,0,0,0,0,0,0,0,0,0,0,0
011250101022071,0,0,0,0,0,0,0,0,0,0,0,0,0,0,0,0,0,0,0,0,0,0,0,0,0,0,0,0,0,0,0,0
011250101022070,87,0,87,85,0,0,4,0,0,0,0,0,0,0,3,0,70,0,70,68,0,0,3,0,0,0,0,0,0,0,2,0
011250101022069,17,0,18,18,0,0,0,0,0,0,0,0,0,0,0,0,15,0,15,15,0,0,0,0,0,0,0,0,0,0,0,0
011250101022068,12,0,12,12,0,0,0,0,0,0,0,0,0,0,0,0,6,0,6,6,0,0,0,0,0,0,0,0,0,0,0,0
011250101022067,0,0,0,0,0,0,0,0,0,0,0,0,0,0,0,0,0,0,0,0,0,0,0,0,0,0,0,0,0,0,0,0
011250101022066,32,0,32,31,0,0,0,0,0,0,0,0,0,0,0,0,25,0,25,25,0,0,0,0,0,0,0,0,0,0,0,0
011250101022065,82,0,83,82,0,0,0,0,0,0,0,0,0,0,0,0,75,0,76,74,0,0,0,0,0,0,0,0,0,0,0,0
011250101022064,21,0,22,20,0,0,0,0,0,0,0,0,0,0,0,0,13,0,13,11,0,0,0,0,0,0,0,0,0,0,0,0
011250101022063,0,0,0,0,0,0,0,0,0,0,0,0,0,0,0,0,0,0,0,0,0,0,0,0,0,0,0,0,0,0,0,0
011250101022062,0,0,0,0,0,0,0,0,0,0,0,0,0,0,0,0,0,0,0,0,0,0,0,0,0,0,0,0,0,0,0,0
011250101022061,64,0,65,53,0,0,32,0,0,0,0,0,0,0,25,0,60,0,61,48,0,0,20,0,0,0,0,0,0,0,15,0
011250101022060,12,0,10,8,0,0,0,0,0,0,0,0,0,0,0,0,9,0,7,5,0,0,0,0,0,0,0,0,0,0,0,0
011250101022059,0,0,0,0,0,0,0,0,0,0,0,0,0,0,0,0,0,0,0,0,0,0,0,0,0,0,0,0,0,0,0,0
011250101022058,90,0,89,84,0,0,0,0,0,0,0,0,0,0,0,0,74,0,75,70,0,0,0,0,0,0,0,0,0,0,0,0
011250101022057,0,0,0,0,0,0,0,0,0,0,0,0,0,0,0,0,0,0,0,0,0,0,0,0,0,0,0,0,0,0,0,0
011250101022056,0,0,0,0,0,0,0,0,0,0,0,0,0,0,0,0,0,0,0,0,0,0,0,0,0,0,0,0,0,0,0,0
011250101022055,0,0,0,0,0,0,0,0,0,0,0,0,0,0,0,0,0,0,0,0,0,0,0,0,0,0,0,0,0,0,0,0
011250101022054,0,0,0,0,0,0,0,0,0,0,0,0,0,0,0,0,0,0,0,0,0,0,0,0,0,0,0,0,0,0,0,0
011250101022053,16,0,16,16,0,0,0,0,0,0,0,0,0,0,0,0,15,0,15,15,0,0,0,0,0,0,0,0,0,0,0,0
011250101022052,13,0,12,10,2,0,0,0,0,0,0,0,0,0,0,1,10,0,9,8,0,0,0,0,0,0,0,0,0,0,0,0
011250101022050,5,0,5,5,0,0,0,0,0,0,0,0,0,0,0,0,3,0,3,3,0,0,0,0,0,0,0,0,0,0,0,0
011250101022049,30,0,30,29,0,0,0,0,0,0,0,0,0,0,0,0,23,0,23,23,0,0,0,0,0,0,0,0,0,0,0,0
011250101022048,21,0,16,15,0,0,0,0,0,0,0,0,0,0,0,0,18,0,15,14,0,0,0,0,0,0,0,0,0,0,0,0
011250101022047,0,0,0,0,0,0,0,0,0,0,0,0,0,0,0,0,0,0,0,0,0,0,0,0,0,0,0,0,0,0,0,0
011250101022046,11,0,11,10,1,0,0,0,0,0,0,0,0,0,0,1,9,0,9,9,0,0,0,0,0,0,0,0,0,0,0,0
011250101022045,0,0,0,0,0,0,0,0,0,0,0,0,0,0,0,0,0,0,0,0,0,0,0,0,0,0,0,0,0,0,0,0
011250101022043,0,0,0,0,0,0,0,0,0,0,0,0,0,0,0,0,0,0,0,0,0,0,0,0,0,0,0,0,0,0,0,0
011250101022041,3,0,3,3,0,0,0,0,0,0,0,0,0,0,0,0,0,0,0,0,0,0,0,0,0,0,0,0,0,0,0,0
011250101022040,0,0,0,0,0,0,0,0,0,0,0,0,0,0,0,0,0,0,0,0,0,0,0,0,0,0,0,0,0,0,0,0
011250101022039,0,0,0,0,0,0,0,0,0,0,0,0,0,0,0,0,0,0,0,0,0,0,0,0,0,0,0,0,0,0,0,0
011250101022037,0,0,0,0,0,0,0,0,0,0,0,0,0,0,0,0,0,0,0,0,0,0,0,0,0,0,0,0,0,0,0,0
011250101022036,0,0,0,0,0,0,0,0,0,0,0,0,0,0,0,0,0,0,0,0,0,0,0,0,0,0,0,0,0,0,0,0
011250101022035,6,0,5,5,0,0,0,0,0,0,0,0,0,0,0,0,4,0,4,4,0,0,0,0,0,0,0,0,0,0,0,0
011250101022034,0,0,0,0,0,0,0,0,0,0,0,0,0,0,0,0,0,0,0,0,0,0,0,0,0,0,0,0,0,0,0,0
011250101022032,0,0,0,0,0,0,0,0,0,0,0,0,0,0,0,0,0,0,0,0,0,0,0,0,0,0,0,0,0,0,0,0
011250101022031,1,0,1,0,0,0,0,0,0,0,0,0,0,0,0,0,1,0,1,0,0,0,0,0,0,0,0,0,0,0,0,0
011250101022028,0,0,0,0,0,0,0,0,0,0,0,0,0,0,0,0,0,0,0,0,0,0,0,0,0,0,0,0,0,0,0,0
011250101022027,0,0,0,0,0,0,0,0,0,0,0,0,0,0,0,0,0,0,0,0,0,0,0,0,0,0,0,0,0,0,0,0
011250101022026,0,0,0,0,0,0,0,0,0,0,0,0,0,0,0,0,0,0,0,0,0,0,0,0,0,0,0,0,0,0,0,0
011250101022025,0,0,0,0,0,0,0,0,0,0,0,0,0,0,0,0,0,0,0,0,0,0,0,0,0,0,0,0,0,0,0,0
011250101022024,1,0,1,1,0,0,0,0,0,0,0,0,0,0,0,0,0,0,0,0,0,0,0,0,0,0,0,0,0,0,0,0
011250101022023,0,0,0,0,0,0,0,0,0,0,0,0,0,0,0,0,0,0,0,0,0,0,0,0,0,0,0,0,0,0,0,0
011250101022022,6,0,6,4,0,0,0,0,0,0,0,0,0,0,0,0,6,0,6,4,0,0,0,0,0,0,0,0,0,0,0,0
011250101022021,4,0,4,4,0,0,0,0,0,0,0,0,0,0,0,0,1,0,1,1,0,0,0,0,0,0,0,0,0,0,0,0
011250101022020,0,0,0,0,0,0,0,0,0,0,0,0,0,0,0,0,0,0,0,0,0,0,0,0,0,0,0,0,0,0,0,0
011250101022019,0,0,0,0,0,0,0,0,0,0,0,0,0,0,0,0,0,0,0,0,0,0,0,0,0,0,0,0,0,0,0,0
011250101022018,0,0,0,0,0,0,0,0,0,0,0,0,0,0,0,0,0,0,0,0,0,0,0,0,0,0,0,0,0,0,0,0
011250101022017,0,0,0,0,0,0,0,0,0,0,0,0,0,0,0,0,0,0,0,0,0,0,0,0,0,0,0,0,0,0,0,0
011250101022016,0,0,0,0,0,0,0,0,0,0,0,0,0,0,0,0,0,0,0,0,0,0,0,0,0,0,0,0,0,0,0,0
011250101022015,0,0,0,0,0,0,0,0,0,0,0,0,0,0,0,0,0,0,0,0,0,0,0,0,0,0,0,0,0,0,0,0
011250101022014,0,0,0,0,0,0,0,0,0,0,0,0,0,0,0,0,0,0,0,0,0,0,0,0,0,0,0,0,0,0,0,0
011250101022013,0,0,0,0,0,0,0,0,0,0,0,0,0,0,0,0,0,0,0,0,0,0,0,0,0,0,0,0,0,0,0,0
011250101022012,0,0,0,0,0,0,0,0,0,0,0,0,0,0,0,0,0,0,0,0,0,0,0,0,0,0,0,0,0,0,0,0
011250101022010,0,0,0,0,0,0,0,0,0,0,0,0,0,0,0,0,0,0,0,0,0,0,0,0,0,0,0,0,0,0,0,0
011250101022009,9,0,9,9,0,0,0,0,0,0,0,0,0,0,0,0,5,0,5,5,0,0,0,0,0,0,0,0,0,0,0,0
011250101022008,0,0,0,0,0,0,0,0,0,0,0,0,0,0,0,0,0,0,0,0,0,0,0,0,0,0,0,0,0,0,0,0
011250101022006,0,0,0,0,0,0,0,0,0,0,0,0,0,0,0,0,0,0,0,0,0,0,0,0,0,0,0,0,0,0,0,0
011250101022005,0,0,0,0,0,0,0,0,0,0,0,0,0,0,0,0,0,0,0,0,0,0,0,0,0,0,0,0,0,0,0,0
011250101022004,0,0,0,0,0,0,0,0,0,0,0,0,0,0,0,0,0,0,0,0,0,0,0,0,0,0,0,0,0,0,0,0
011250101022003,0,0,0,0,0,0,0,0,0,0,0,0,0,0,0,0,0,0,0,0,0,0,0,0,0,0,0,0,0,0,0,0
011250101022002,0,0,0,0,0,0,0,0,0,0,0,0,0,0,0,0,0,0,0,0,0,0,0,0,0,0,0,0,0,0,0,0
011250101022001,0,0,0,0,0,0,0,0,0,0,0,0,0,0,0,0,0,0,0,0,0,0,0,0,0,0,0,0,0,0,0,0
011250101022000,0,0,0,0,0,0,0,0,0,0,0,0,0,0,0,0,0,0,0,0,0,0,0,0,0,0,0,0,0,0,0,0
011250101021071,0,0,0,0,0,0,0,0,0,0,0,0,0,0,0,0,0,0,0,0,0,0,0,0,0,0,0,0,0,0,0,0
011250101021070,0,0,0,0,0,0,0,0,0,0,0,0,0,0,0,0,0,0,0,0,0,0,0,0,0,0,0,0,0,0,0,0
011250101021069,0,0,0,0,0,0,0,0,0,0,0,0,0,0,0,0,0,0,0,0,0,0,0,0,0,0,0,0,0,0,0,0
011250101021068,0,0,0,0,0,0,0,0,0,0,0,0,0,0,0,0,0,0,0,0,0,0,0,0,0,0,0,0,0,0,0,0
011250101021067,0,0,0,0,0,0,0,0,0,0,0,0,0,0,0,0,0,0,0,0,0,0,0,0,0,0,0,0,0,0,0,0
011250101021066,20,0,20,19,0,0,0,0,0,0,0,0,0,0,0,0,13,0,13,12,0,0,0,0,0,0,0,0,0,0,0,0
011250101021065,17,0,17,17,0,0,0,0,0,0,0,0,0,0,0,0,16,0,16,16,0,0,0,0,0,0,0,0,0,0,0,0
011250101021064,0,0,0,0,0,0,0,0,0,0,0,0,0,0,0,0,0,0,0,0,0,0,0,0,0,0,0,0,0,0,0,0
011250101021063,0,0,0,0,0,0,0,0,0,0,0,0,0,0,0,0,0,0,0,0,0,0,0,0,0,0,0,0,0,0,0,0
011250101021062,0,0,0,0,0,0,0,0,0,0,0,0,0,0,0,0,0,0,0,0,0,0,0,0,0,0,0,0,0,0,0,0
011250101021061,6,0,5,3,0,0,0,0,0,0,0,0,0,0,0,0,6,0,5,3,0,0,0,0,0,0,0,0,0,0,0,0
011250101021060,45,0,47,48,0,0,0,0,0,0,0,0,0,0,0,0,38,0,38,40,0,0,0,0,0,0,0,0,0,0,0,0
011250101021059,0,0,0,0,0,0,0,0,0,0,0,0,0,0,0,0,0,0,0,0,0,0,0,0,0,0,0,0,0,0,0,0
011250101021058,0,0,0,0,0,0,0,0,0,0,0,0,0,0,0,0,0,0,0,0,0,0,0,0,0,0,0,0,0,0,0,0
011250101021057,0,0,0,0,0,0,0,0,0,0,0,0,0,0,0,0,0,0,0,0,0,0,0,0,0,0,0,0,0,0,0,0
011250101021056,0,0,0,0,0,0,0,0,0,0,0,0,0,0,0,0,0,0,0,0,0,0,0,0,0,0,0,0,0,0,0,0
011250101021055,0,0,0,0,0,0,0,0,0,0,0,0,0,0,0,0,0,0,0,0,0,0,0,0,0,0,0,0,0,0,0,0
011250101021054,0,0,0,0,0,0,0,0,0,0,0,0,0,0,0,0,0,0,0,0,0,0,0,0,0,0,0,0,0,0,0,0
011250101021053,0,0,0,0,0,0,0,0,0,0,0,0,0,0,0,0,0,0,0,0,0,0,0,0,0,0,0,0,0,0,0,0
011250101021052,0,0,0,0,0,0,0,0,0,0,0,0,0,0,0,0,0,0,0,0,0,0,0,0,0,0,0,0,0,0,0,0
011250101021051,70,0,70,70,0,0,0,0,0,0,0,0,0,0,0,0,52,0,52,52,0,0,0,0,0,0,0,0,0,0,0,0
011250101021050,0,0,0,0,0,0,0,0,0,0,0,0,0,0,0,0,0,0,0,0,0,0,0,0,0,0,0,0,0,0,0,0
011250101021049,0,0,0,0,0,0,0,0,0,0,0,0,0,0,0,0,0,0,0,0,0,0,0,0,0,0,0,0,0,0,0,0
011250101021048,0,0,0,0,0,0,0,0,0,0,0,0,0,0,0,0,0,0,0,0,0,0,0,0,0,0,0,0,0,0,0,0
011250101021047,0,0,0,0,0,0,0,0,0,0,0,0,0,0,0,0,0,0,0,0,0,0,0,0,0,0,0,0,0,0,0,0
011250101021046,0,0,0,0,0,0,0,0,0,0,0,0,0,0,0,0,0,0,0,0,0,0,0,0,0,0,0,0,0,0,0,0
011250101021045,0,0,0,0,0,0,0,0,0,0,0,0,0,0,0,0,0,0,0,0,0,0,0,0,0,0,0,0,0,0,0,0
011250101021044,0,0,0,0,0,0,0,0,0,0,0,0,0,0,0,0,0,0,0,0,0,0,0,0,0,0,0,0,0,0,0,0
011250101021043,0,0,0,0,0,0,0,0,0,0,0,0,0,0,0,0,0,0,0,0,0,0,0,0,0,0,0,0,0,0,0,0
011250101021042,0,0,0,0,0,0,0,0,0,0,0,0,0,0,0,0,0,0,0,0,0,0,0,0,0,0,0,0,0,0,0,0
011250101021041,0,0,0,0,0,0,0,0,0,0,0,0,0,0,0,0,0,0,0,0,0,0,0,0,0,0,0,0,0,0,0,0
011250101021040,0,0,0,0,0,0,0,0,0,0,0,0,0,0,0,0,0,0,0,0,0,0,0,0,0,0,0,0,0,0,0,0
011250101021039,0,0,0,0,0,0,0,0,0,0,0,0,0,0,0,0,0,0,0,0,0,0,0,0,0,0,0,0,0,0,0,0
011250101021038,0,0,0,0,0,0,0,0,0,0,0,0,0,0,0,0,0,0,0,0,0,0,0,0,0,0,0,0,0,0,0,0
011250101021037,0,0,0,0,0,0,0,0,0,0,0,0,0,0,0,0,0,0,0,0,0,0,0,0,0,0,0,0,0,0,0,0
011250101021036,0,0,0,0,0,0,0,0,0,0,0,0,0,0,0,0,0,0,0,0,0,0,0,0,0,0,0,0,0,0,0,0
011250101021035,31,0,32,33,0,0,0,0,0,0,0,0,0,0,0,0,28,0,29,30,0,0,0,0,0,0,0,0,0,0,0,0
011250101021034,10,0,11,11,0,0,0,0,0,0,0,0,0,0,0,0,7,0,7,7,0,0,0,0,0,0,0,0,0,0,0,0
011250101021033,0,0,0,0,0,0,0,0,0,0,0,0,0,0,0,0,0,0,0,0,0,0,0,0,0,0,0,0,0,0,0,0
011250101021032,0,0,0,0,0,0,0,0,0,0,0,0,0,0,0,0,0,0,0,0,0,0,0,0,0,0,0,0,0,0,0,0
011250101021031,0,0,0,0,0,0,0,0,0,0,0,0,0,0,0,0,0,0,0,0,0,0,0,0,0,0,0,0,0,0,0,0
011250101021030,0,0,0,0,0,0,0,0,0,0,0,0,0,0,0,0,0,0,0,0,0,0,0,0,0,0,0,0,0,0,0,0
011250101021029,0,0,0,0,0,0,0,0,0,0,0,0,0,0,0,0,0,0,0,0,0,0,0,0,0,0,0,0,0,0,0,0
011250101021028,0,0,0,0,0,0,0,0,0,0,0,0,0,0,0,0,0,0,0,0,0,0,0,0,0,0,0,0,0,0,0,0
011250101021027,10,0,10,10,0,0,0,0,0,0,0,0,0,0,0,0,8,0,8,8,0,0,0,0,0,0,0,0,0,0,0,0
011250101021026,33,0,32,33,0,0,0,0,0,0,0,0,0,0,0,0,28,0,29,30,0,0,0,0,0,0,0,0,0,0,0,0
011250101021025,8,0,8,8,0,0,0,0,0,0,0,0,0,0,0,0,8,0,8,8,0,0,0,0,0,0,0,0,0,0,0,0
011250101021024,0,0,0,0,0,0,0,0,0,0,0,0,0,0,0,0,0,0,0,0,0,0,0,0,0,0,0,0,0,0,0,0
011250101021023,4,0,4,3,0,0,0,0,0,0,0,0,0,0,0,0,4,0,4,3,0,0,0,0,0,0,0,0,0,0,0,0
011250101021022,7,0,7,7,0,0,0,0,0,0,0,0,0,0,0,0,5,0,5,5,0,0,0,0,0,0,0,0,0,0,0,0
011250101021021,8,0,9,8,0,0,0,0,0,0,0,0,0,0,0,0,7,0,7,6,0,0,0,0,0,0,0,0,0,0,0,0
011250101021020,15,0,14,15,0,0,0,0,0,0,0,0,0,0,0,0,10,0,9,10,0,0,0,0,0,0,0,0,0,0,0,0
011250101021019,4,0,4,4,0,0,0,0,0,0,0,0,0,0,0,0,2,0,2,2,0,0,0,0,0,0,0,0,0,0,0,0
011250101021018,0,0,0,0,0,0,0,0,0,0,0,0,0,0,0,0,0,0,0,0,0,0,0,0,0,0,0,0,0,0,0,0
011250101021017,5,0,5,5,0,0,0,0,0,0,0,0,0,0,0,0,5,0,4,4,0,0,0,0,0,0,0,0,0,0,0,0
011250101021016,3,0,3,4,0,0,0,0,0,0,0,0,0,0,0,0,1,0,2,2,0,0,0,0,0,0,0,0,0,0,0,0
011250101021015,21,0,20,21,0,0,0,0,0,0,0,0,0,0,0,0,16,0,16,17,0,0,0,0,0,0,0,0,0,0,0,0
011250101021014,3,0,3,3,0,0,0,0,0,0,0,0,0,0,0,0,3,0,3,3,0,0,0,0,0,0,0,0,0,0,0,0
011250101021013,1,0,0,0,0,0,0,0,0,0,0,0,0,0,0,0,0,0,0,0,0,0,0,0,0,0,0,0,0,0,0,0
011250101021012,0,0,0,0,0,0,0,0,0,0,0,0,0,0,0,0,0,0,0,0,0,0,0,0,0,0,0,0,0,0,0,0
011250101021011,3,0,3,3,0,0,0,0,0,0,0,0,0,0,0,0,3,0,3,3,0,0,0,0,0,0,0,0,0,0,0,0
011250101021010,20,0,20,21,0,0,0,0,0,0,0,0,0,0,0,0,12,0,12,12,0,0,0,0,0,0,0,0,0,0,0,0
011250101021009,0,0,0,0,0,0,0,0,0,0,0,0,0,0,0,0,0,0,0,0,0,0,0,0,0,0,0,0,0,0,0,0
011250101021008,11,0,11,11,0,0,0,0,0,0,0,0,0,0,0,0,9,0,9,9,0,0,0,0,0,0,0,0,0,0,0,0
011250101021007,5,0,5,4,0,0,0,0,0,0,0,0,0,0,0,0,3,0,3,3,0,0,0,0,0,0,0,0,0,0,0,0
011250101021006,0,0,0,0,0,0,0,0,0,0,0,0,0,0,0,0,0,0,0,0,0,0,0,0,0,0,0,0,0,0,0,0
011250101021005,8,0,8,8,0,0,0,0,0,0,0,0,0,0,0,0,8,0,8,8,0,0,0,0,0,0,0,0,0,0,0,0
011250101021004,1,0,1,0,0,0,0,0,0,0,0,0,0,0,0,0,0,0,1,0,0,0,0,0,0,0,0,0,0,0,0,0
011250101021003,0,0,0,0,0,0,0,0,0,0,0,0,0,0,0,0,0,0,0,0,0,0,0,0,0,0,0,0,0,0,0,0
011250101021002,33,0,33,34,0,0,0,0,0,0,0,0,0,0,0,0,26,0,26,27,0,0,0,0,0,0,0,0,0,0,0,0
011250101021001,9,0,9,9,0,0,0,0,0,0,0,0,0,0,0,0,7,0,7,7,0,0,0,0,0,0,0,0,0,0,0,0
011250101021000,4,0,4,3,0,0,0,0,0,0,0,0,0,0,0,0,5,0,4,3,0,0,0,0,0,0,0,0,0,0,0,0
011250101012060,0,0,0,0,0,0,0,0,0,0,0,0,0,0,0,0,0,0,0,0,0,0,0,0,0,0,0,0,0,0,0,0
011250101012059,0,0,0,0,0,0,0,0,0,0,0,0,0,0,0,0,0,0,0,0,0,0,0,0,0,0,0,0,0,0,0,0
011250101012058,0,0,0,0,0,0,0,0,0,0,0,0,0,0,0,0,0,0,0,0,0,0,0,0,0,0,0,0,0,0,0,0
011250101012057,0,0,0,0,0,0,0,0,0,0,0,0,0,0,0,0,0,0,0,0,0,0,0,0,0,0,0,0,0,0,0,0
011250101012056,0,0,0,0,0,0,0,0,0,0,0,0,0,0,0,0,0,0,0,0,0,0,0,0,0,0,0,0,0,0,0,0
011250101012055,0,0,0,0,0,0,0,0,0,0,0,0,0,0,0,0,0,0,0,0,0,0,0,0,0,0,0,0,0,0,0,0
011250101012054,0,0,0,0,0,0,0,0,0,0,0,0,0,0,0,0,0,0,0,0,0,0,0,0,0,0,0,0,0,0,0,0
011250101012053,0,0,0,0,0,0,0,0,0,0,0,0,0,0,0,0,0,0,0,0,0,0,0,0,0,0,0,0,0,0,0,0
011250101012052,0,0,0,0,0,0,0,0,0,0,0,0,0,0,0,0,0,0,0,0,0,0,0,0,0,0,0,0,0,0,0,0
011250101012051,0,0,0,0,0,0,0,0,0,0,0,0,0,0,0,0,0,0,0,0,0,0,0,0,0,0,0,0,0,0,0,0
011250101012050,0,0,0,0,0,0,0,0,0,0,0,0,0,0,0,0,0,0,0,0,0,0,0,0,0,0,0,0,0,0,0,0
011250101012049,0,0,0,0,0,0,0,0,0,0,0,0,0,0,0,0,0,0,0,0,0,0,0,0,0,0,0,0,0,0,0,0
011250101012048,0,0,0,0,0,0,0,0,0,0,0,0,0,0,0,0,0,0,0,0,0,0,0,0,0,0,0,0,0,0,0,0
011250101012047,0,0,0,0,0,0,0,0,0,0,0,0,0,0,0,0,0,0,0,0,0,0,0,0,0,0,0,0,0,0,0,0
011250101012046,0,0,0,0,0,0,0,0,0,0,0,0,0,0,0,0,0,0,0,0,0,0,0,0,0,0,0,0,0,0,0,0
011250101012045,9,0,9,9,0,0,0,0,0,0,0,0,0,0,0,0,9,0,9,9,0,0,0,0,0,0,0,0,0,0,0,0
011250101012044,0,0,0,0,0,0,0,0,0,0,0,0,0,0,0,0,0,0,0,0,0,0,0,0,0,0,0,0,0,0,0,0
011250101012041,0,0,0,0,0,0,0,0,0,0,0,0,0,0,0,0,0,0,0,0,0,0,0,0,0,0,0,0,0,0,0,0
011250101012038,0,0,0,0,0,0,0,0,0,0,0,0,0,0,0,0,0,0,0,0,0,0,0,0,0,0,0,0,0,0,0,0
011250101012037,0,0,0,0,0,0,0,0,0,0,0,0,0,0,0,0,0,0,0,0,0,0,0,0,0,0,0,0,0,0,0,0
011250101012034,0,0,0,0,0,0,0,0,0,0,0,0,0,0,0,0,0,0,0,0,0,0,0,0,0,0,0,0,0,0,0,0
011250101012033,0,0,0,0,0,0,0,0,0,0,0,0,0,0,0,0,0,0,0,0,0,0,0,0,0,0,0,0,0,0,0,0
011250101012030,0,0,0,0,0,0,0,0,0,0,0,0,0,0,0,0,0,0,0,0,0,0,0,0,0,0,0,0,0,0,0,0
011250101012028,0,0,0,0,0,0,0,0,0,0,0,0,0,0,0,0,0,0,0,0,0,0,0,0,0,0,0,0,0,0,0,0
011250101012027,35,0,35,25,0,0,7,0,0,0,0,0,0,0,8,0,24,1,23,21,0,0,0,0,0,0,0,0,0,0,0,0
011250101012026,0,0,0,0,0,0,0,0,0,0,0,0,0,0,0,0,0,0,0,0,0,0,0,0,0,0,0,0,0,0,0,0
011250101012025,0,0,0,0,0,0,0,0,0,0,0,0,0,0,0,0,0,0,0,0,0,0,0,0,0,0,0,0,0,0,0,0
011250101012024,30,0,30,17,0,0,3,0,0,0,0,17,0,0,13,0,10,0,10,6,0,0,1,0,0,0,0,0,0,0,1,0
011250101012023,0,0,0,0,0,0,0,0,0,0,0,0,0,0,0,0,0,0,0,0,0,0,0,0,0,0,0,0,0,0,0,0
011250101012021,0,0,0,0,0,0,0,0,0,0,0,0,0,0,0,0,0,0,0,0,0,0,0,0,0,0,0,0,0,0,0,0
011250101012020,0,0,0,0,0,0,0,0,0,0,0,0,0,0,0,0,0,0,0,0,0,0,0,0,0,0,0,0,0,0,0,0
011250101012019,0,0,0,0,0,0,0,0,0,0,0,0,0,0,0,0,0,0,0,0,0,0,0,0,0,0,0,0,0,0,0,0
011250101012018,0,0,0,0,0,0,0,0,0,0,0,0,0,0,0,0,0,0,0,0,0,0,0,0,0,0,0,0,0,0,0,0
011250101012017,0,0,0,0,0,0,0,0,0,0,0,0,0,0,0,0,0,0,0,0,0,0,0,0,0,0,0,0,0,0,0,0
011250101012015,0,0,0,0,0,0,0,0,0,0,0,0,0,0,0,0,0,0,0,0,0,0,0,0,0,0,0,0,0,0,0,0
011250101012014,29,0,29,28,0,0,0,0,0,0,0,0,0,0,0,0,25,0,25,26,0,0,0,0,0,0,0,0,0,0,0,0
011250101012013,14,0,14,5,0,0,2,0,0,0,0,6,0,0,5,3,7,0,7,5,0,0,0,0,0,0,0,0,0,0,1,0
011250101012012,25,1,23,20,0,0,0,0,0,0,0,3,0,0,2,0,15,2,13,14,0,0,0,0,0,0,0,0,0,0,0,0
011250101012011,0,0,0,0,0,0,0,0,0,0,0,0,0,0,0,0,0,0,0,0,0,0,0,0,0,0,0,0,0,0,0,0
011250101012010,0,0,0,0,0,0,0,0,0,0,0,0,0,0,0,0,0,0,0,0,0,0,0,0,0,0,0,0,0,0,0,0
011250101012009,0,0,0,0,0,0,0,0,0,0,0,0,0,0,0,0,0,0,0,0,0,0,0,0,0,0,0,0,0,0,0,0
011250101012008,0,0,0,0,0,0,0,0,0,0,0,0,0,0,0,0,0,0,0,0,0,0,0,0,0,0,0,0,0,0,0,0
011250101012007,0,0,0,0,0,0,0,0,0,0,0,0,0,0,0,0,0,0,0,0,0,0,0,0,0,0,0,0,0,0,0,0
011250101012006,0,0,0,0,0,0,0,0,0,0,0,0,0,0,0,0,0,0,0,0,0,0,0,0,0,0,0,0,0,0,0,0
011250101012005,0,0,0,0,0,0,0,0,0,0,0,0,0,0,0,0,0,0,0,0,0,0,0,0,0,0,0,0,0,0,0,0
011250101012004,0,0,0,0,0,0,0,0,0,0,0,0,0,0,0,0,0,0,0,0,0,0,0,0,0,0,0,0,0,0,0,0
011250101012003,0,0,0,0,0,0,0,0,0,0,0,0,0,0,0,0,0,0,0,0,0,0,0,0,0,0,0,0,0,0,0,0
011250101012002,0,0,0,0,0,0,0,0,0,0,0,0,0,0,0,0,0,0,0,0,0,0,0,0,0,0,0,0,0,0,0,0
011250101012001,59,2,57,47,0,0,0,0,0,0,0,17,0,0,10,0,34,1,33,31,0,0,0,0,0,0,0,12,0,0,3,0
011250101011077,2,0,2,0,0,0,0,0,0,0,0,0,0,0,0,0,1,0,1,0,0,0,0,0,0,0,0,0,0,0,0,0
011250101011076,0,0,0,0,0,0,0,0,0,0,0,0,0,0,0,0,0,0,0,0,0,0,0,0,0,0,0,0,0,0,0,0
011250101011075,0,0,0,0,0,0,0,0,0,0,0,0,0,0,0,0,0,0,0,0,0,0,0,0,0,0,0,0,0,0,0,0
011250101011074,13,1,12,8,1,0,0,0,0,0,0,0,0,0,0,0,8,0,8,5,0,0,0,0,0,0,0,0,0,0,0,0
011250101011073,2,0,2,3,0,0,0,0,0,0,0,0,0,0,0,0,3,0,2,3,0,0,0,0,0,0,0,0,0,0,0,0
011250101011072,0,0,0,0,0,0,0,0,0,0,0,0,0,0,0,0,0,0,0,0,0,0,0,0,0,0,0,0,0,0,0,0
011250101011071,0,0,0,0,0,0,0,0,0,0,0,0,0,0,0,0,0,0,0,0,0,0,0,0,0,0,0,0,0,0,0,0
011250101011070,0,0,0,0,0,0,0,0,0,0,0,0,0,0,0,0,0,0,0,0,0,0,0,0,0,0,0,0,0,0,0,0
011250101011069,0,0,0,0,0,0,0,0,0,0,0,0,0,0,0,0,0,0,0,0,0,0,0,0,0,0,0,0,0,0,0,0
011250101011068,0,0,0,0,0,0,0,0,0,0,0,0,0,0,0,0,0,0,0,0,0,0,0,0,0,0,0,0,0,0,0,0
011250101011067,0,0,0,0,0,0,0,0,0,0,0,0,0,0,0,0,0,0,0,0,0,0,0,0,0,0,0,0,0,0,0,0
011250101011066,15,1,13,15,0,0,0,0,0,0,0,0,0,0,0,0,15,1,13,14,0,0,0,0,0,0,0,0,0,0,0,0
011250101011065,6,0,6,0,0,0,0,0,0,0,0,0,0,0,0,0,4,0,4,0,0,0,0,0,0,0,0,0,0,0,0,0
011250101011064,6,0,6,6,0,0,0,0,0,0,0,0,0,0,0,0,0,0,0,0,0,0,0,0,0,0,0,0,0,0,0,0
011250101011062,0,0,0,0,0,0,0,0,0,0,0,0,0,0,0,0,0,0,0,0,0,0,0,0,0,0,0,0,0,0,0,0
011250101011061,0,0,0,0,0,0,0,0,0,0,0,0,0,0,0,0,0,0,0,0,0,0,0,0,0,0,0,0,0,0,0,0
011250101011060,0,0,0,0,0,0,0,0,0,0,0,0,0,0,0,0,0,0,0,0,0,0,0,0,0,0,0,0,0,0,0,0
011250101011059,0,0,0,0,0,0,0,0,0,0,0,0,0,0,0,0,0,0,0,0,0,0,0,0,0,0,0,0,0,0,0,0
011250101011058,0,0,0,0,0,0,0,0,0,0,0,0,0,0,0,0,0,0,0,0,0,0,0,0,0,0,0,0,0,0,0,0
011250101011057,0,0,0,0,0,0,0,0,0,0,0,0,0,0,0,0,0,0,0,0,0,0,0,0,0,0,0,0,0,0,0,0
011250101011056,49,0,50,54,0,0,0,0,0,0,0,0,0,0,0,0,46,0,47,51,0,0,0,0,0,0,0,0,0,0,0,0
011250101011055,66,2,63,69,0,0,0,0,0,0,0,0,0,0,0,0,55,2,52,58,0,0,0,0,0,0,0,0,0,0,0,0
011250101011053,0,0,0,0,0,0,0,0,0,0,0,0,0,0,0,0,0,0,0,0,0,0,0,0,0,0,0,0,0,0,0,0
011250101011052,0,0,0,0,0,0,0,0,0,0,0,0,0,0,0,0,0,0,0,0,0,0,0,0,0,0,0,0,0,0,0,0
011250101011051,0,0,0,0,0,0,0,0,0,0,0,0,0,0,0,0,0,0,0,0,0,0,0,0,0,0,0,0,0,0,0,0
011250101011050,0,0,0,0,0,0,0,0,0,0,0,0,0,0,0,0,0,0,0,0,0,0,0,0,0,0,0,0,0,0,0,0
011250101011049,0,0,0,0,0,0,0,0,0,0,0,0,0,0,0,0,0,0,0,0,0,0,0,0,0,0,0,0,0,0,0,0
011250101011047,0,0,0,0,0,0,0,0,0,0,0,0,0,0,0,0,0,0,0,0,0,0,0,0,0,0,0,0,0,0,0,0
011250101011046,120,3,114,111,0,0,0,0,0,0,0,0,0,0,0,0,109,3,105,100,0,0,0,0,0,0,0,0,0,0,0,0
011250101011045,0,0,0,0,0,0,0,0,0,0,0,0,0,0,0,0,0,0,0,0,0,0,0,0,0,0,0,0,0,0,0,0
011250101011044,0,0,0,0,0,0,0,0,0,0,0,0,0,0,0,0,0,0,0,0,0,0,0,0,0,0,0,0,0,0,0,0
011250101011043,0,0,0,0,0,0,0,0,0,0,0,0,0,0,0,0,0,0,0,0,0,0,0,0,0,0,0,0,0,0,0,0
011250101011041,2,0,2,0,0,0,0,0,0,0,0,0,0,0,0,0,0,0,0,0,0,0,0,0,0,0,0,0,0,0,0,0
011250101011040,0,0,0,0,0,0,0,0,0,0,0,0,0,0,0,0,0,0,0,0,0,0,0,0,0,0,0,0,0,0,0,0
011250101011039,0,0,0,0,0,0,0,0,0,0,0,0,0,0,0,0,0,0,0,0,0,0,0,0,0,0,0,0,0,0,0,0
011250101011038,0,0,0,0,0,0,0,0,0,0,0,0,0,0,0,0,0,0,0,0,0,0,0,0,0,0,0,0,0,0,0,0
011250101011037,0,0,0,0,0,0,0,0,0,0,0,0,0,0,0,0,0,0,0,0,0,0,0,0,0,0,0,0,0,0,0,0
011250101011036,23,0,23,25,0,0,0,0,0,0,0,0,0,0,0,0,19,0,19,20,0,0,0,0,0,0,0,0,0,0,0,0
011250101011035,6,0,6,0,0,0,0,0,0,0,0,0,0,0,0,0,1,0,1,0,0,0,0,0,0,0,0,0,0,0,0,0
011250101011033,0,0,0,0,0,0,0,0,0,0,0,0,0,0,0,0,0,0,0,0,0,0,0,0,0,0,0,0,0,0,0,0
011250101011032,0,0,0,0,0,0,0,0,0,0,0,0,0,0,0,0,0,0,0,0,0,0,0,0,0,0,0,0,0,0,0,0
011250101011031,0,0,0,0,0,0,0,0,0,0,0,0,0,0,0,0,0,0,0,0,0,0,0,0,0,0,0,0,0,0,0,0
011250101011030,0,0,0,0,0,0,0,0,0,0,0,0,0,0,0,0,0,0,0,0,0,0,0,0,0,0,0,0,0,0,0,0
011250101011029,0,0,0,0,0,0,0,0,0,0,0,0,0,0,0,0,0,0,0,0,0,0,0,0,0,0,0,0,0,0,0,0
011250101011028,0,0,0,0,0,0,0,0,0,0,0,0,0,0,0,0,0,0,0,0,0,0,0,0,0,0,0,0,0,0,0,0
011250101011027,0,0,0,0,0,0,0,0,0,0,0,0,0,0,0,0,0,0,0,0,0,0,0,0,0,0,0,0,0,0,0,0
011250101011026,0,0,0,0,0,0,0,0,0,0,0,0,0,0,0,0,0,0,0,0,0,0,0,0,0,0,0,0,0,0,0,0
011250101011025,0,0,0,0,0,0,0,0,0,0,0,0,0,0,0,0,0,0,0,0,0,0,0,0,0,0,0,0,0,0,0,0
011250101011024,25,0,26,25,0,0,0,0,0,0,0,0,0,0,0,0,21,0,22,21,0,0,0,0,0,0,0,0,0,0,0,0
011250101011023,0,0,0,0,0,0,0,0,0,0,0,0,0,0,0,0,0,0,0,0,0,0,0,0,0,0,0,0,0,0,0,0
011250101011022,0,0,0,0,0,0,0,0,0,0,0,0,0,0,0,0,0,0,0,0,0,0,0,0,0,0,0,0,0,0,0,0
011250101011021,3,1,2,3,0,0,0,0,0,0,0,0,0,0,0,0,3,0,2,3,0,0,0,0,0,0,0,0,0,0,0,0
011250101011020,0,0,0,0,0,0,0,0,0,0,0,0,0,0,0,0,0,0,0,0,0,0,0,0,0,0,0,0,0,0,0,0
011250101011019,0,0,0,0,0,0,0,0,0,0,0,0,0,0,0,0,0,0,0,0,0,0,0,0,0,0,0,0,0,0,0,0
011250101011018,0,0,0,0,0,0,0,0,0,0,0,0,0,0,0,0,0,0,0,0,0,0,0,0,0,0,0,0,0,0,0,0
011250101011017,19,0,18,10,0,0,0,0,0,0,0,0,0,0,0,0,13,0,13,11,0,0,0,0,0,0,0,0,0,0,0,0
011250101011016,0,0,0,0,0,0,0,0,0,0,0,0,0,0,0,0,0,0,0,0,0,0,0,0,0,0,0,0,0,0,0,0
011250101011015,20,0,20,21,0,0,0,0,0,0,0,0,0,0,0,0,13,0,13,14,0,0,0,0,0,0,0,0,0,0,0,0
011250101011014,0,0,0,0,0,0,0,0,0,0,0,0,0,0,0,0,0,0,0,0,0,0,0,0,0,0,0,0,0,0,0,0
011250101011013,15,0,14,12,0,0,0,0,0,0,0,0,0,0,0,0,13,1,11,8,0,0,0,0,0,0,0,0,0,0,0,0
011250101011012,0,0,0,0,0,0,0,0,0,0,0,0,0,0,0,0,0,0,0,0,0,0,0,0,0,0,0,0,0,0,0,0
011250101011011,0,0,0,0,0,0,0,0,0,0,0,0,0,0,0,0,0,0,0,0,0,0,0,0,0,0,0,0,0,0,0,0
011250101011009,0,0,0,0,0,0,0,0,0,0,0,0,0,0,0,0,0,0,0,0,0,0,0,0,0,0,0,0,0,0,0,0
011250101011008,24,0,23,22,0,0,0,0,0,0,0,0,0,0,0,0,26,1,25,24,0,0,0,0,0,0,0,0,0,0,0,0
011250101011007,0,0,0,0,0,0,0,0,0,0,0,0,0,0,0,0,0,0,0,0,0,0,0,0,0,0,0,0,0,0,0,0
011250101011006,43,3,38,37,0,0,0,0,0,0,0,0,0,0,0,1,34,3,28,30,0,0,0,0,0,0,0,0,0,0,0,0
011250101011005,0,0,0,0,0,0,0,0,0,0,0,0,0,0,0,0,0,0,0,0,0,0,0,0,0,0,0,0,0,0,0,0
011250101011004,0,0,0,0,0,0,0,0,0,0,0,0,0,0,0,0,0,0,0,0,0,0,0,0,0,0,0,0,0,0,0,0
011250101011003,0,0,0,0,0,0,0,0,0,0,0,0,0,0,0,0,0,0,0,0,0,0,0,0,0,0,0,0,0,0,0,0
011250101011002,19,0,19,21,0,0,0,0,0,0,0,0,0,0,0,0,21,0,22,24,0,0,0,0,0,0,0,0,0,0,0,0
011250101011001,7,0,7,7,0,0,0,0,0,0,0,0,0,0,0,0,2,0,2,3,0,0,0,0,0,0,0,0,0,0,0,0
